{"a000": {"total": [-20099.380088003327, 0.13703796164380785], "bond": [991.6280368009851, 0.7526461442807605], "ele": [-23961.574444636866, 0.35496775332396197], "vdw": [2870.5663198325756, 0.37441170185486966]}, "p045": {"total": [-20093.288013404173, 0.15693836052562923], "bond": [999.0737058208216, 0.10016147219864456], "ele": [-23962.403978209502, 0.2362930022701657], "vdw": [2870.0422589845125, 0.10686536305569681]}}