{"a000": {"total": [-20099.380088003327, 0.13703796164380785], "bond": [29.494101154265692, 0.16705653893783293], "ang": [77.55350592534548, 0.576667038044568], "dih": [136.95741488178993, 1.5179281722164248], "v14": [39.8905806381191, 0.07108418536723175], "e14": [707.732434201465, 0.09544751081607405], "ele": [-23961.574444636866, 0.35496775332396197], "vdw": [2870.5663198325756, 0.37441170185486966]}, "p045": {"total": [-20093.288013404173, 0.15693836052562923], "bond": [28.80851604147728, 0.00663358734901767], "ang": [74.55146471717553, 0.024747960251583195], "dih": [143.506080434477, 0.02403391412177146], "v14": [40.386256591141915, 0.012119396285543977], "e14": [711.8213880365504, 0.10542059997664323], "ele": [-23962.403978209502, 0.2362930022701657], "vdw": [2870.0422589845125, 0.10686536305569681]}}