{"a00": {"total": [-19983.272288177166, 0.6889921576566244], "bond": [32.36346977446429, 0.2965672838958643], "ang": [80.79023697180355, 0.7220867485546876], "dih": [129.07482232064768, 2.4437676046146177], "v14": [30.576556060470487, 0.18294917491064336], "e14": [706.5407818363179, 0.5402610696701435], "ele": [-23801.931057692724, 0.5837553072613849], "vdw": [2839.3129025518333, 0.6116134432135716]}, "r00": {"total": [-19981.925922558632, 0.20578648448491454], "bond": [32.5341060347099, 0.04238645839664009], "ang": [82.25189664709181, 0.13313372493092607], "dih": [127.0889548458831, 0.17626368834915318], "v14": [30.145589895752497, 0.20006354738780924], "e14": [706.0792965735326, 0.7309175625296886], "ele": [-23801.343759865555, 0.9182538496201395], "vdw": [2841.317993309974, 0.189648846515441]}}