{"a000": {"total": [-20100.300925859494, 0.15107570022495473], "bond": [991.590341381847, 0.08865688444692078], "ele": [-23960.93434489686, 0.23914994648169313], "vdw": [2869.04307765553, 0.10660023769366632]}, "p045": {"total": [-20093.297783759455, 0.13824707730036184], "bond": [999.2214295857681, 0.0626912105493447], "ele": [-23962.643680977988, 0.19462251406586936], "vdw": [2870.1244676327683, 0.08405244344588275]}}