{"a000": {"total": [-20187.792130036334, 0.16894240532861632], "bond": [29.85238818650392, 0.06250351911359923], "ang": [75.97387738177355, 0.33934946765120516], "dih": [135.30118158612018, 0.7907761132421789], "v14": [39.72574982236104, 0.02368251174751674], "e14": [698.2331096427968, 0.1952990013530622], "ele": [-24037.630834915723, 0.3308914497416889], "vdw": [2870.752398259817, 0.2510272846597788]}, "p045": {"total": [-20180.564745620184, 0.15078574412812487], "bond": [29.10453187714338, 0.007068074213815977], "ang": [72.52172431193422, 0.017586314832363906], "dih": [142.63877259931425, 0.025655155909170554], "v14": [40.445637740404095, 0.0034491881086739944], "e14": [702.231291801167, 0.04125581214841003], "ele": [-24037.80009901922, 0.2045355146074547], "vdw": [2870.2933950690863, 0.09030436547676675]}}