{"a000": {"total": [-20188.01128844965, 0.21653840696192783], "bond": [978.7320211741962, 0.43672856292764867], "ele": [-24038.5052294463, 0.5921191738871167], "vdw": [2871.761919822462, 0.1478822918545095]}, "p045": {"total": [-20180.393591247594, 0.13958932591602355], "bond": [986.9965255900379, 0.07515205852865958], "ele": [-24037.553637818713, 0.1996172014201012], "vdw": [2870.1635209810934, 0.09066866758878529]}}