{"a000": {"total": [-20187.792130036334, 0.16894240532861632], "bond": [979.0863066195553, 0.5739184967064297], "ele": [-24037.630834915723, 0.3308914497416889], "vdw": [2870.752398259817, 0.2510272846597788]}, "p045": {"total": [-20180.564745620184, 0.15078574412812487], "bond": [986.9419583299634, 0.05111037991515537], "ele": [-24037.80009901922, 0.2045355146074547], "vdw": [2870.2933950690863, 0.09030436547676675]}}