{"a000": {"total": [-19992.991558670838, 0.16151004104925626], "bond": [29.782322767120903, 0.05090719370684246], "ang": [76.97493613436806, 0.1857592000522568], "dih": [141.8321472821702, 0.45570089500967054], "v14": [40.01242116831545, 0.0499997478955846], "e14": [681.4870395199956, 0.12301140948619006], "ele": [-23822.955512864024, 0.22293846300316783], "vdw": [2859.8750873212325, 0.10814068528501243]}, "p045": {"total": [-19985.156158097987, 0.13160727351088736], "bond": [28.965095356216025, 0.0061410168524465795], "ang": [72.93724875066104, 0.01766324693735694], "dih": [149.60504225439482, 0.02843355048349668], "v14": [40.74163975478514, 0.00366613826431205], "e14": [684.35829259328, 0.051377791780577685], "ele": [-23821.407984424135, 0.1905994033959879], "vdw": [2859.644507616794, 0.10722661514527536]}}