{"a00": {"total": [-19875.46252039755, 0.1889709714998088], "bond": [32.26313094851737, 0.10284985953668267], "ang": [78.29315834938423, 0.4445717196451048], "dih": [135.19468328265066, 0.9915400398150174], "v14": [30.52364563736702, 0.09670188699965153], "e14": [677.3866370212954, 0.1954538193636933], "ele": [-23658.467874728958, 0.32572960952974483], "vdw": [2829.3440990921886, 0.31211400035962295]}, "r00": {"total": [-19875.17833347976, 0.24899357851372825], "bond": [32.744946979672584, 0.08774433950936551], "ang": [79.88903306608552, 0.10467260589728782], "dih": [130.62129977191773, 0.3587300205105726], "v14": [30.636477311161293, 0.2603146060853133], "e14": [677.0328674253857, 0.6246893622832279], "ele": [-23657.974193799615, 0.6883651297596399], "vdw": [2831.8712357656245, 0.16272606039384604]}}