{"a000": {"total": [-19993.033762867723, 0.14379624772660574], "bond": [969.7580738268814, 0.2970272973510891], "ele": [-23821.96610707583, 0.29070474750093556], "vdw": [2859.174270381234, 0.1506602565617638]}, "p045": {"total": [-19985.21319659536, 0.1717950684803252], "bond": [976.6325931037543, 0.06171307336960477], "ele": [-23821.337903721233, 0.22490405178535236], "vdw": [2859.4921140221263, 0.08617968183575316]}}