{"a000": {"total": [-19993.033762867723, 0.14379624772660574], "bond": [29.863331324920598, 0.09588348110871686], "ang": [76.97291377260368, 0.3556922855444431], "dih": [141.61704753283956, 0.8768705802669047], "v14": [40.07859169362411, 0.11496481469060296], "e14": [681.2261895028932, 0.3047853322894946], "ele": [-23821.96610707583, 0.29070474750093556], "vdw": [2859.174270381234, 0.1506602565617638]}, "p045": {"total": [-19985.21319659536, 0.1717950684803252], "bond": [28.95673506337458, 0.0049549255799988205], "ang": [72.9313683289645, 0.021017614463263053], "dih": [149.6118313401536, 0.033200320498317185], "v14": [40.74350275876456, 0.0034947117622021453], "e14": [684.3891556124969, 0.049441239228309036], "ele": [-23821.337903721233, 0.22490405178535236], "vdw": [2859.4921140221263, 0.08617968183575316]}}