{"a00": {"total": [-19863.1661248926, 0.189985681929081], "bond": [33.85092598773904, 0.019573954198582627], "ang": [86.59941599369103, 0.08601222025680541], "dih": [137.45582004528546, 0.22977505723260996], "v14": [33.0568944745049, 0.04927193505009085], "e14": [678.9601791015509, 0.14208536336914568], "ele": [-23658.22912473842, 0.32990445363943943], "vdw": [2825.139764243044, 0.13098300862793605]}, "r00": {"total": [-19861.729613368647, 0.3095676827724725], "bond": [34.1861847607541, 0.02367741939727144], "ang": [87.69747472444286, 0.21393282420242551], "dih": [135.06098185147374, 0.325603574685689], "v14": [32.8799185501003, 0.12302232265498154], "e14": [678.5895672777591, 0.5873045114578519], "ele": [-23657.19842540305, 0.742992313826448], "vdw": [2827.0546848698605, 0.1452070001352706]}}