{"a000": {"total": [-19982.52072108155, 0.20273777217248867], "bond": [31.04233211438111, 0.02309416575568191], "ang": [84.95983937758228, 0.08505338796735272], "dih": [143.17635091123128, 0.17020773098779685], "v14": [42.80783642582222, 0.03819256345235007], "e14": [684.2193585827056, 0.17276131040025058], "ele": [-23823.331745420302, 0.24104687739139696], "vdw": [2854.6053069270197, 0.0951963165604047]}, "p045": {"total": [-19973.378696401185, 0.13674037944810807], "bond": [30.19845956924738, 0.0054992944053504885], "ang": [80.60631992979046, 0.01784023419366512], "dih": [151.6741883918018, 0.04966712537159529], "v14": [43.40141516753051, 0.004471795261346564], "e14": [686.8677417601507, 0.06018747710227734], "ele": [-23821.382888747492, 0.19005728858067897], "vdw": [2855.256067527779, 0.07802285328682118]}}