{"a000": {"total": [-19980.230660834484, 0.19050304197060663], "bond": [31.27004012215114, 0.09792247756029211], "ang": [85.32749949597068, 0.22410945325331225], "dih": [140.87221295190417, 0.7464972454479751], "v14": [42.838371632268064, 0.0757028883334285], "e14": [681.547579840191, 0.268214287892918], "ele": [-23818.800174851916, 0.43705579208715645], "vdw": [2856.7138099749495, 0.09922877273804792]}, "p045": {"total": [-19973.601324575353, 0.1880803557657478], "bond": [30.19991672279257, 0.006080936157186503], "ang": [80.60262617798958, 0.01321024027447538], "dih": [151.6333510824136, 0.0230637861248348], "v14": [43.39925829343391, 0.004113123750911777], "e14": [686.7913373006671, 0.03952324610814059], "ele": [-23821.42349479127, 0.22802835728857015], "vdw": [2855.195680638623, 0.0987147014852515]}}