{"a00": {"total": [-19864.321031383948, 0.18375348874035233], "bond": [33.674397264297454, 0.009174214414924917], "ang": [86.30174706816578, 0.037085519915028425], "dih": [139.62817176264076, 0.09493244327393617], "v14": [33.05993912920169, 0.006429155676310626], "e14": [681.1189033118752, 0.06655839038028112], "ele": [-23660.70489520434, 0.27576054417754275], "vdw": [2822.6007052842206, 0.08405167957260094]}, "r00": {"total": [-19861.953123095504, 0.22609403826860772], "bond": [34.186561134381535, 0.03935744753901806], "ang": [87.8095789356467, 0.12041798177803996], "dih": [134.86302401732456, 0.20255905641842029], "v14": [32.85587571014661, 0.18457063244763086], "e14": [679.2080252135754, 0.6564214432800766], "ele": [-23657.931571212313, 0.5083360993054259], "vdw": [2827.0553831057355, 0.23534678632214165]}}