{"a000": {"total": [-19972.84441741628, 0.3324154465981043], "bond": [988.0107410871575, 0.5574777627397981], "ele": [-23817.426277938725, 0.8535504423215894], "vdw": [2856.5711194353044, 0.10142695291123148]}, "p045": {"total": [-19966.098630794324, 0.14711760157490497], "bond": [999.7608832367104, 0.11029101317948424], "ele": [-23820.979411984994, 0.2224417456958389], "vdw": [2855.1198979539618, 0.08948609977921476]}}