{"a000": {"total": [-19972.84441741628, 0.3324154465981043], "bond": [31.85262018088313, 0.04788158240072105], "ang": [90.70591584741582, 0.16922786480319923], "dih": [142.66760417227889, 0.38653122106755355], "v14": [42.56090252585432, 0.05780890445769343], "e14": [680.2236983607258, 0.5290468880508195], "ele": [-23817.426277938725, 0.8535504423215894], "vdw": [2856.5711194353044, 0.10142695291123148]}, "p045": {"total": [-19966.098630794324, 0.14711760157490497], "bond": [30.77230554919649, 0.005095684580003441], "ang": [85.7219263228822, 0.029012401612768655], "dih": [153.78422073213454, 0.04427561153321431], "v14": [43.26096421885046, 0.006342806855262622], "e14": [686.2214664136463, 0.06487471692861144], "ele": [-23820.979411984994, 0.2224417456958389], "vdw": [2855.1198979539618, 0.08948609977921476]}}