{"a000": {"total": [-19936.59101735862, 0.18817809317135833], "bond": [30.512735540267833, 0.1130520611802311], "ang": [134.57792575947636, 0.22127050223736952], "dih": [138.45147831692566, 0.7096620217881655], "v14": [39.76988751042727, 0.1191233073058269], "e14": [682.3508109215344, 0.22741145376357735], "ele": [-23821.956326590367, 0.29322794848236455], "vdw": [2859.702471183115, 0.1645084118094232]}, "p045": {"total": [-19929.47606056676, 0.1624563069041035], "bond": [29.371358548914873, 0.0051704716237203], "ang": [129.66626133392077, 0.0197817692428063], "dih": [149.48066827774971, 0.03523381234017428], "v14": [40.32699575309901, 0.003458624519425987], "e14": [687.1522475071225, 0.0455777465301089], "ele": [-23823.569593125074, 0.22065784350428344], "vdw": [2858.0960011374978, 0.08354228052059677]}}