{"a000": {"total": [-19937.57488581669, 0.14136804851188756], "bond": [1029.7263682916239, 0.1290778392283781], "ele": [-23825.424001056665, 0.18658588954773583], "vdw": [2858.1227469483274, 0.10543317103826895]}, "p045": {"total": [-19930.012505854513, 0.22318720256043373], "bond": [1036.0004045974995, 0.051919768203351264], "ele": [-23824.098662477427, 0.3298916741090498], "vdw": [2858.0857520254062, 0.11958356389040163]}}