{"a00": {"total": [-19869.433462650475, 0.5776758958865712], "bond": [32.765694912136304, 0.07219286187238062], "ang": [82.45250749585968, 0.07689175162326592], "dih": [139.11974503095269, 0.5031290598744541], "v14": [30.301474672280104, 0.03607101359170865], "e14": [678.5671258506329, 1.1351558150847538], "ele": [-23659.368479226003, 1.5250359429618987], "vdw": [2826.728468613658, 0.5702569704925062]}, "r00": {"total": [-19868.754694480413, 0.17081445057477584], "bond": [33.10143624195443, 0.03216915610364215], "ang": [83.89475762883761, 0.07772528425920622], "dih": [135.5562776136232, 0.1287260499393947], "v14": [30.23748311453018, 0.13202151913392418], "e14": [679.1268890476651, 0.39097858020377796], "ele": [-23660.324224521926, 0.5514354445715057], "vdw": [2829.652686394911, 0.12766217463421217]}}