{"a00": {"total": [-19870.4397859234, 0.18816118641075896], "bond": [32.61256730202696, 0.00976743334715698], "ang": [82.33241131117325, 0.04820529540120714], "dih": [140.37548693170723, 0.11365850778471041], "v14": [30.36180949489377, 0.006331200790574249], "e14": [680.9278893737288, 0.06230834697507955], "ele": [-23662.80090732272, 0.26881138765240287], "vdw": [2825.750956985797, 0.12625135371174268]}, "r00": {"total": [-19868.89100309716, 0.22992053133565743], "bond": [33.06871459428945, 0.010198014394509429], "ang": [84.12400798191588, 0.04358329834727717], "dih": [135.27721022540248, 0.12366001609663142], "v14": [30.02920863373985, 0.006409223299080444], "e14": [678.5470936394588, 0.07936124623122938], "ele": [-23659.69095021903, 0.38040793332808015], "vdw": [2829.7537120470574, 0.14884384705634215]}}