{"a00": {"total": [-19978.073337221344, 0.1589592775760864], "bond": [32.10788757285351, 0.010848834146610026], "ang": [80.60430799857873, 0.02739618986308072], "dih": [139.2539493172163, 0.05824411130564525], "v14": [31.371221621914362, 0.006376027801946939], "e14": [706.0946604669841, 0.04817979035207962], "ele": [-23800.777675632122, 0.2239982737719192], "vdw": [2833.2723114332593, 0.08824172638167989]}, "r00": {"total": [-19975.94042886361, 0.3835198488208601], "bond": [33.3537727056096, 0.04498998514110832], "ang": [85.73925969085175, 0.15490777214931845], "dih": [128.33395148059205, 0.19757737220626803], "v14": [30.9986305879768, 0.21317597016305972], "e14": [706.1917742697033, 0.4857548279971769], "ele": [-23798.83511564309, 0.4718612685799913], "vdw": [2838.277298044743, 0.14988910338819195]}}