{"a00": {"total": [-19978.74182080009, 0.14430302941872014], "bond": [32.016733716098905, 0.010913729037589205], "ang": [80.1172181155745, 0.020470396011893387], "dih": [139.68324604465397, 0.04596089642490488], "v14": [31.244088502601397, 0.004465800550270063], "e14": [705.6257571734021, 0.0757605475644076], "ele": [-23800.17985957568, 0.21449341747688785], "vdw": [2832.7509952232467, 0.08835425380798431]}, "r00": {"total": [-19976.231958936256, 0.3759890136887098], "bond": [33.32553710056751, 0.0199656923610945], "ang": [85.66095656403574, 0.08798778023850023], "dih": [128.5103188055371, 0.21751823996791433], "v14": [30.85520626333047, 0.1478243095229626], "e14": [705.9498807478485, 0.5665970039319699], "ele": [-23799.09600525148, 0.4180980982167414], "vdw": [2838.5621468339014, 0.24843168732892734]}}