{"a000": {"total": [-20096.853234674873, 0.13767045078518578], "bond": [1001.039812799636, 0.1081751304171222], "ele": [-23963.06347717961, 0.21623919217329712], "vdw": [2865.1704297051056, 0.1015449412408493]}, "p045": {"total": [-20087.557170585904, 0.14215969451769256], "bond": [1006.2296325258218, 0.060662194292540675], "ele": [-23960.768925362743, 0.20171820624675973], "vdw": [2866.9821222510236, 0.07806728580456873]}}