{"a000": {"total": [-20185.593990711535, 0.18316086252369634], "bond": [29.890374027349658, 0.025714249700019426], "ang": [75.96186015824738, 0.12511554632608585], "dih": [143.4169066830964, 0.28005894742215337], "v14": [41.10435518521541, 0.006816622557885155], "e14": [701.7068243931934, 0.12009188189622334], "ele": [-24041.91015614239, 0.26666757850643497], "vdw": [2864.2358449837284, 0.17142587448058186]}, "p045": {"total": [-20174.848164048486, 0.17028898108165755], "bond": [29.803096035646348, 0.005514793800008971], "ang": [75.64093817836667, 0.02663785583585751], "dih": [144.097045954369, 0.03317984721118801], "v14": [41.50881100997756, 0.012161303315982445], "e14": [702.8469629692089, 0.11501320080562434], "ele": [-24035.88618043453, 0.19497230675696123], "vdw": [2867.141162238489, 0.1004908729349537]}}