{"a00": {"total": [-20059.580472726357, 0.4232689257877889], "bond": [32.87599598406359, 0.3157572702855891], "ang": [81.53711634630844, 1.237812960071915], "dih": [139.0751705764981, 2.904419486355618], "v14": [31.5730675122816, 0.1572469579246066], "e14": [697.4162325795585, 1.0918753324411201], "ele": [-23875.332042467635, 1.831993307765988], "vdw": [2833.2739867425707, 1.194657821742778]}, "r00": {"total": [-20056.656085859562, 0.16204834003216612], "bond": [33.73796930617236, 0.014503596107459158], "ang": [85.33389790999898, 0.05260086264640895], "dih": [130.72015592361603, 0.1465982872762966], "v14": [30.954713365548017, 0.008913966756256733], "e14": [694.797286596345, 0.08723887479536101], "ele": [-23870.48769127087, 0.2121896022477026], "vdw": [2838.287582309618, 0.17142593937599448]}}