{"a000": {"total": [-20182.960784126943, 0.15297490416351356], "bond": [30.467799543966255, 0.006865225222208959], "ang": [78.51377496321813, 0.03962196726531181], "dih": [142.73134427390468, 0.062398041702279965], "v14": [41.507061964702054, 0.006912723346307693], "e14": [699.4140067291835, 0.05827190775806516], "ele": [-24039.882567774683, 0.20497689725915375], "vdw": [2864.2877961727722, 0.08849053997381967]}, "p045": {"total": [-20172.3860992977, 0.15380669673675518], "bond": [30.133368534738384, 0.005390979415509904], "ang": [77.18143474211341, 0.017927007583518447], "dih": [144.7815250727487, 0.028061372914153428], "v14": [42.063457802378245, 0.004276016217655758], "e14": [702.7862945876484, 0.044484811137550574], "ele": [-24034.8733687789, 0.24872795593181632], "vdw": [2865.541188741602, 0.11879183366749577]}}