{"a00": {"total": [-20057.64735597077, 0.2056742082547145], "bond": [32.97061677778459, 0.07878285372529338], "ang": [81.95929074720033, 0.35804953024369207], "dih": [142.7532260884787, 0.8456270573898903], "v14": [32.173277995337585, 0.03496018611202204], "e14": [698.3021307349832, 0.3416128726306713], "ele": [-23876.24554061148, 0.4916134890374494], "vdw": [2830.4396422969253, 0.3790713970008759]}, "r00": {"total": [-20054.01297116902, 0.2217781272149494], "bond": [34.190580403481064, 0.02858899278132838], "ang": [86.83344472325415, 0.10298108120347038], "dih": [131.68165373947028, 0.21557382496143263], "v14": [31.68676659903606, 0.15007708182916174], "e14": [695.4828928541585, 0.46119170964931033], "ele": [-23870.56916839932, 0.5771620452386111], "vdw": [2836.6808589109055, 0.12698111982057336]}}