{"a00": {"total": [-20059.74863830252, 0.16275289304442014], "bond": [32.824252738113586, 0.01525706394898371], "ang": [81.25962373635575, 0.09062747411077143], "dih": [140.53969557500002, 0.21501326765957873], "v14": [31.4754974873474, 0.006279649632090576], "e14": [696.6472325553856, 0.05183911903456749], "ele": [-23876.66646298946, 0.21245072565696252], "vdw": [2834.17152259473, 0.1539532422204155]}, "r00": {"total": [-20056.77478678459, 0.31329759806450785], "bond": [33.79451226040028, 0.03730719106680626], "ang": [84.98151544188525, 0.1517953215694997], "dih": [131.25061736018557, 0.15517357412065477], "v14": [31.348392149836222, 0.21672894760509864], "e14": [695.9339915055259, 0.6507991679433257], "ele": [-23872.38253443426, 0.4877407218952789], "vdw": [2838.2987189318515, 0.12280865235206605]}}