{"a000": {"total": [-20183.14004718675, 0.1830166323685277], "bond": [995.066859594428, 0.45914859776459105], "ele": [-24041.103903218056, 0.4308797602785888], "vdw": [2862.896996436883, 0.28469328051199594]}, "p045": {"total": [-20172.102843200162, 0.15387179500289716], "bond": [997.135675701137, 0.07738094847808001], "ele": [-24034.910086585736, 0.22806724589163052], "vdw": [2865.671567684434, 0.09800761832298316]}}