{"a00": {"total": [-20056.0790396221, 0.17612662579740704], "bond": [33.27731046177497, 0.012865289615201073], "ang": [80.78269520576939, 0.06096146595569215], "dih": [144.15089766655012, 0.11281696531568343], "v14": [31.653196920998887, 0.010247699897050452], "e14": [697.7409160544162, 0.051788398835499495], "ele": [-23876.551326517394, 0.2513639288122527], "vdw": [2832.86727058578, 0.09920032889079818]}, "r00": {"total": [-20052.54328290186, 0.24740791614169824], "bond": [34.26516820563042, 0.012495073284822612], "ang": [85.28255861142578, 0.054447177359640074], "dih": [133.41707878119294, 0.16909639579299549], "v14": [31.08668984488176, 0.010228386749827765], "e14": [695.7839392050953, 0.11404643787172812], "ele": [-23870.233209119495, 0.2591835514364418], "vdw": [2837.854491569412, 0.1805570729963812]}}