{"a000": {"total": [-20096.046669748408, 0.16277812439482967], "bond": [1004.0889399979403, 0.08448064019538806], "ele": [-23962.855069945446, 0.19761062512498517], "vdw": [2862.719460199089, 0.09330298165311941]}, "p045": {"total": [-20085.033494289397, 0.16321504658635744], "bond": [1009.074551388721, 0.04949760835951361], "ele": [-23959.60401311197, 0.21202245077368267], "vdw": [2865.4959674338584, 0.07817778886993151]}}