{"a000": {"total": [-20094.849823930734, 0.1324195817460175], "bond": [29.993125570397353, 0.005157917444481892], "ang": [79.60510446192322, 0.015138905397258292], "dih": [144.4851349347019, 0.023815297885910483], "v14": [41.64958578998464, 0.005924305776252283], "e14": [708.7079698602448, 0.052428980530104335], "ele": [-23962.552424290825, 0.206790714280907], "vdw": [2863.26167974283, 0.09200261195744903]}, "p045": {"total": [-20084.786140237622, 0.1394899613512932], "bond": [29.834507547327366, 0.005605251665930611], "ang": [79.15151368621797, 0.013779306612793482], "dih": [145.7805631289508, 0.02398411930977677], "v14": [42.01912757346441, 0.004199559981995088], "e14": [712.5451078333128, 0.042135307021768854], "ele": [-23959.54265066592, 0.20520487264081697], "vdw": [2865.425690659033, 0.12214196384723962]}}