{"a00": {"total": [-19976.800962373993, 0.16398345369506553], "bond": [32.38516115224228, 0.007108043760573569], "ang": [81.66357968732473, 0.024294116406487917], "dih": [140.83382648895778, 0.034453593914358205], "v14": [31.791210655091398, 0.0038748126032181938], "e14": [706.6118431128075, 0.07785404606248088], "ele": [-23800.81600044586, 0.2081961759836847], "vdw": [2830.7294169754427, 0.08430636954744698]}, "r00": {"total": [-19973.712733543238, 0.16635654327589233], "bond": [33.697934468944226, 0.013404465114995968], "ang": [87.44108895726511, 0.059748566585873304], "dih": [128.94043068068663, 0.16784481578795454], "v14": [31.108765289779814, 0.03555024271799284], "e14": [705.1068209728713, 0.14280364408672208], "ele": [-23797.273540767317, 0.24188664957152817], "vdw": [2837.265766854558, 0.1307129817142796]}}