{"a000": {"total": [-20094.849823930734, 0.1324195817460175], "bond": [1004.4409206172521, 0.06646289463632457], "ele": [-23962.552424290825, 0.206790714280907], "vdw": [2863.26167974283, 0.09200261195744903]}, "p045": {"total": [-20084.786140237622, 0.1394899613512932], "bond": [1009.3308197692734, 0.05637675161231503], "ele": [-23959.54265066592, 0.20520487264081697], "vdw": [2865.425690659033, 0.12214196384723962]}}