{"a000": {"total": [-20184.265749049835, 0.3289405771897661], "bond": [992.321672751999, 0.8310160589689672], "ele": [-24040.33520753125, 0.5863183369411967], "vdw": [2863.747785729404, 0.5665258296055053]}, "p045": {"total": [-20173.568763019957, 0.15082305336643448], "bond": [995.2233482017313, 0.057114354589674995], "ele": [-24035.26636300355, 0.24237712985114784], "vdw": [2866.474251781865, 0.11497035191154091]}}