{"a000": {"total": [-20096.046669748408, 0.16277812439482967], "bond": [29.92985453285907, 0.005555801813906393], "ang": [79.06794185004722, 0.021931075780952474], "dih": [144.6364018955529, 0.03551490733994786], "v14": [41.60403958843639, 0.005348285995972064], "e14": [708.8507021310447, 0.06559046217464945], "ele": [-23962.855069945446, 0.19761062512498517], "vdw": [2862.719460199089, 0.09330298165311941]}, "p045": {"total": [-20085.033494289397, 0.16321504658635744], "bond": [29.84308215435739, 0.004995094621662056], "ang": [79.23269997493057, 0.015103228491722742], "dih": [145.64371872768035, 0.02518417050404048], "v14": [42.01753734259447, 0.0038940631878485337], "e14": [712.3375131891582, 0.037335729692136894], "ele": [-23959.60401311197, 0.21202245077368267], "vdw": [2865.4959674338584, 0.07817778886993151]}}