{"a00": {"total": [-20050.696668834542, 0.15292835081719472], "bond": [33.08005912793041, 0.15072728765976656], "ang": [80.48869515972063, 0.6132041355663571], "dih": [146.4112981814069, 1.5848397623673194], "v14": [30.837082557207868, 0.07297415504559453], "e14": [680.5305054452406, 0.5271967805788651], "ele": [-23856.67424656381, 0.9133705627244488], "vdw": [2834.629937257736, 0.4790436319519848]}, "r00": {"total": [-20048.838295728627, 0.19005345955284506], "bond": [33.79902802215318, 0.012847718201731891], "ang": [83.64865798645164, 0.05005363088616244], "dih": [139.14956280626217, 0.13796032159668795], "v14": [30.40856313446637, 0.008155150148702404], "e14": [678.315474255527, 0.08958088836443659], "ele": [-23852.544865328775, 0.20494554529931908], "vdw": [2838.385283395286, 0.14493709571412294]}}