{"a000": {"total": [-20179.006867081258, 0.14881844472705147], "bond": [1010.6780611804646, 0.2972254336254479], "ele": [-24054.829954032182, 0.2754919437827407], "vdw": [2865.1450257704614, 0.16666622755610222]}, "p045": {"total": [-20168.777697253514, 0.1513188213027535], "bond": [1014.3765563851337, 0.05845497468991108], "ele": [-24050.83720310279, 0.20610575208441248], "vdw": [2867.6829494641183, 0.0862332727993336]}}