{"a000": {"total": [-20177.41035223032, 0.17893538033646314], "bond": [30.229670759300546, 0.01860450793380185], "ang": [76.04698901651926, 0.11140138720980472], "dih": [140.66090979445426, 0.22683694242664304], "v14": [40.549539688520184, 0.0073491910504059265], "e14": [722.3352914512271, 0.06080565198704103], "ele": [-24054.275776190854, 0.3031645499728251], "vdw": [2867.043023250496, 0.08097435284870991]}, "p045": {"total": [-20168.699487046728, 0.14917752678244584], "bond": [29.77961260121042, 0.0051461066629149566], "ang": [73.95538787517256, 0.017130095263654214], "dih": [144.08691880275435, 0.022472513496061188], "v14": [41.18683147606123, 0.00393377811736223], "e14": [725.5064260181362, 0.03536125567514466], "ele": [-24050.953858077883, 0.21626290912240725], "vdw": [2867.739194257827, 0.09309510957261137]}}