{"a00": {"total": [-20056.282893872674, 0.1417687745335554], "bond": [32.9892861966848, 0.06104684362361516], "ang": [79.82069851156184, 0.2276379109622315], "dih": [136.11733532193747, 0.5217405816955052], "v14": [31.222271516986073, 0.026185487958780895], "e14": [719.6441061168932, 0.16382570836238863], "ele": [-23890.806689031066, 0.27426253477477675], "vdw": [2834.730097494318, 0.2153041488658765]}, "r00": {"total": [-20054.153869043676, 0.3890565841921419], "bond": [33.89236453446083, 0.038414360001253485], "ang": [83.28120085225548, 0.1122207565267681], "dih": [127.28933205092545, 0.15927576604571336], "v14": [30.967351421475616, 0.18519296976711525], "e14": [717.9477508039128, 0.5806273860369072], "ele": [-23886.24623801578, 0.7746262337186547], "vdw": [2838.7143693090825, 0.23617178074988174]}}