{"a000": {"total": [-20181.133403631302, 0.2664163535194651], "bond": [976.7952982081231, 0.9091195971373666], "ele": [-24023.659297554674, 0.7843952429707339], "vdw": [2865.7305957152516, 0.352847159765663]}, "p045": {"total": [-20172.70628073333, 0.18474388484059243], "bond": [980.186288109677, 0.056359756786541794], "ele": [-24020.261590129667, 0.23247050645337336], "vdw": [2867.369021286666, 0.0870201350543725]}}