{"a00": {"total": [-20057.36928926963, 0.21153521088068347], "bond": [32.73544539101477, 0.016462584812175697], "ang": [78.8405194037757, 0.05772781654781037], "dih": [137.95406221587493, 0.14488334264572486], "v14": [31.22417968237383, 0.009742326560677543], "e14": [719.755522496358, 0.060654861049066935], "ele": [-23891.03380460911, 0.3022886328998268], "vdw": [2833.154786150082, 0.16387528809639698]}, "r00": {"total": [-20054.518289342213, 0.1590192770342722], "bond": [33.811141189518054, 0.014914795869304848], "ang": [83.41481991799839, 0.08101840473984118], "dih": [127.18560275625165, 0.2067152293680652], "v14": [30.639865372307177, 0.03163117141514684], "e14": [717.1845897189046, 0.16752562008222474], "ele": [-23885.580808135506, 0.23106537944777494], "vdw": [2838.8264998383006, 0.18642801705175574]}}