{"a000": {"total": [-20181.240924938247, 0.240387835860032], "bond": [974.01536304314, 0.2587632470179371], "ele": [-24022.65637235244, 0.24455803987821334], "vdw": [2867.400084371057, 0.2265773108234676]}, "p045": {"total": [-20172.71341220969, 0.13961672977308065], "bond": [980.2248769525849, 0.09309019595346611], "ele": [-24020.10197539534, 0.19104053012136465], "vdw": [2867.1636862330565, 0.08166953455689864]}}