{"a000": {"total": [-20117.512954949307, 0.16569253908553785], "bond": [933.534409842342, 1.0733630178416207], "ele": [-23920.21473282738, 0.6193446214010071], "vdw": [2869.1673680357335, 0.4878702673035415]}, "p045": {"total": [-20110.366778996686, 0.13906153212047753], "bond": [940.7696190136473, 0.12081696419527706], "ele": [-23919.8832455093, 0.19346485653364967], "vdw": [2868.746847498964, 0.07703511772460095]}}