{"a000": {"total": [-20116.656288675615, 0.1371823942292753], "bond": [29.745746721539494, 0.08609799215092952], "ang": [78.61937517645802, 0.5006092696824586], "dih": [138.63414921064324, 1.0427862330915498], "v14": [40.66648518359191, 0.045695768330953845], "e14": [644.6556080951224, 0.0812324346907907], "ele": [-23918.338988408967, 0.3611978928419759], "vdw": [2869.3613353460173, 0.24606789646397803]}, "p045": {"total": [-20110.658276803482, 0.17349721287691913], "bond": [29.12764072030706, 0.009924400276215987], "ang": [76.13556783996586, 0.015731572780228138], "dih": [144.16868689402324, 0.02368266717749656], "v14": [41.296923101919866, 0.004327452033721937], "e14": [650.0416810622917, 0.06033687400226961], "ele": [-23920.130231605403, 0.18953946243717712], "vdw": [2868.701455183406, 0.08135037190197222]}}