{"a00": {"total": [-19998.915075142526, 0.22405313952011618], "bond": [32.36177652971518, 0.19772507898907607], "ang": [82.30680551595107, 0.6869997311966584], "dih": [132.3484586329105, 1.862185253039061], "v14": [30.979379770335278, 0.11364053378002378], "e14": [644.6746004517611, 0.3384986667024201], "ele": [-23758.65300269347, 0.8149712342409828], "vdw": [2837.066906650268, 0.5491442933385615]}, "r00": {"total": [-19998.565277925114, 0.3334132389261974], "bond": [33.01342700399682, 0.03188284619500226], "ang": [84.02603906868127, 0.05614586557204429], "dih": [127.6878602591519, 0.35048392380770144], "v14": [31.29923912932013, 0.050426326172529866], "e14": [646.3904676772576, 0.2132532689565778], "ele": [-23760.812974750257, 0.3457479276789631], "vdw": [2839.830663686739, 0.09818740667063042]}}