{"a00": {"total": [-19998.987103782925, 0.20450397412679763], "bond": [32.17563461537947, 0.08798323354153481], "ang": [81.47511457976319, 0.3843352059741045], "dih": [133.94441049258634, 0.8262076121884835], "v14": [30.71725073687782, 0.05294977002497794], "e14": [643.2043793186924, 0.4256475879113904], "ele": [-23758.128860228222, 0.685312467195686], "vdw": [2837.6249667020065, 0.2538530160522591]}, "r00": {"total": [-19998.929953463103, 0.34696729864210707], "bond": [32.84641775197762, 0.02769391442892108], "ang": [84.41812675929783, 0.08040674991861708], "dih": [127.66708450956, 0.15881461952422557], "v14": [30.566345013088302, 0.0726069386487269], "e14": [644.126595268575, 0.3401013094801932], "ele": [-23758.780418689148, 0.5494010229354357], "vdw": [2840.225895923538, 0.19332453070562766]}}