{"a000": {"total": [-20111.000156826187, 0.18754950604305626], "bond": [30.328669293160242, 0.006106681299052104], "ang": [81.30862136119768, 0.026142384159434172], "dih": [145.3182282068864, 0.03890074728830741], "v14": [42.56691863876167, 0.008639069182324832], "e14": [652.311490369458, 0.07438870197571401], "ele": [-23924.6181440963, 0.3190575533449281], "vdw": [2861.7840594006375, 0.14772334822917865]}, "p045": {"total": [-20100.596744564104, 0.16859975178337575], "bond": [30.173384192577917, 0.00586160647892445], "ang": [80.76204967562234, 0.018759456006250536], "dih": [146.43165460805062, 0.026567074098529646], "v14": [42.91808056577765, 0.0057374062089904235], "e14": [656.1150401173145, 0.04806866308583125], "ele": [-23921.306050591185, 0.29236617513328633], "vdw": [2864.3090968677384, 0.13013993343825095]}}