{"a000": {"total": [-20113.347894862374, 0.17096674312580232], "bond": [948.5647250210573, 0.07581325928058129], "ele": [-23925.652551203402, 0.2534074824432319], "vdw": [2863.739931319984, 0.0813734184944512]}, "p045": {"total": [-20103.8645233731, 0.14462765945399716], "bond": [953.3224229870049, 0.0845605537404208], "ele": [-23923.174953326692, 0.22693757964066053], "vdw": [2865.9880069665846, 0.0800875019887888]}}