{"a00": {"total": [-19993.747098747048, 0.1560129407751842], "bond": [32.47753657575061, 0.023829374969691397], "ang": [82.37554832527474, 0.09740879800430902], "dih": [140.3853734155033, 0.21751179214046673], "v14": [32.00168480395845, 0.013253831482407675], "e14": [651.578218678214, 0.07621747385784071], "ele": [-23764.298564011468, 0.23448043678377775], "vdw": [2831.7331034657163, 0.16498980855769219]}, "r00": {"total": [-19991.38225723659, 0.3115135068323816], "bond": [33.71249673410917, 0.026411141209008622], "ang": [87.70546046585794, 0.11847871594071938], "dih": [129.1636181531669, 0.24042604781191376], "v14": [31.670969699560434, 0.16436322788321298], "e14": [650.8141439098597, 0.5714614534899755], "ele": [-23761.767401091824, 0.36840197369600586], "vdw": [2837.3184548926715, 0.24612065629925345]}}