{"a00": {"total": [-19991.56296089059, 0.154991054502773], "bond": [32.835526000155305, 0.008545891496769561], "ang": [84.1420440719001, 0.016736599154644587], "dih": [141.41640691756265, 0.04133683465617686], "v14": [32.70949996355209, 0.004503620950380545], "e14": [651.349227962475, 0.06573820788090438], "ele": [-23763.669850908842, 0.22802007764436924], "vdw": [2829.654185102608, 0.0859046701935157]}, "r00": {"total": [-19988.467209380313, 0.21849485863481807], "bond": [34.08865976869483, 0.014301684123473083], "ang": [89.52813301415223, 0.04903799227386592], "dih": [129.72255171438727, 0.1368604088286527], "v14": [31.9585818532408, 0.06499054235743314], "e14": [649.8985842797755, 0.11881513737071311], "ele": [-23759.636784927763, 0.2546354945183114], "vdw": [2835.9730649171934, 0.13292892684413807]}}