{"a00": {"total": [-19941.241280904353, 0.1649368163631094], "bond": [32.062523937062416, 0.1730943257314719], "ang": [79.81064964697369, 0.6919295185861143], "dih": [135.53892105337803, 1.4758485653862639], "v14": [30.118879492707567, 0.05131108619765243], "e14": [733.3748050748311, 0.5325352604381435], "ele": [-23786.98366678449, 0.4135971099803452], "vdw": [2834.8366066751764, 0.5124757910286488]}, "r00": {"total": [-19940.818784164105, 0.2508678544084699], "bond": [32.9252819822291, 0.013018129802372401], "ang": [83.82052096617915, 0.06845081485961348], "dih": [127.24291988935947, 0.15332246035474592], "v14": [29.759989061905305, 0.041902985735175674], "e14": [733.7066424616405, 0.14048323730497903], "ele": [-23787.191680445896, 0.31378880209175847], "vdw": [2838.917541920488, 0.15411755033439065]}}