{"a000": {"total": [-20058.62488486102, 0.16168198679946166], "bond": [1024.2790317653396, 0.18140320652146036], "ele": [-23949.71042215794, 0.22823011105593985], "vdw": [2866.806505531569, 0.08864580867127092]}, "p045": {"total": [-20052.294103253156, 0.23883106208503666], "bond": [1030.2960169655635, 0.08978735710606903], "ele": [-23949.879776632766, 0.38352983694887555], "vdw": [2867.2896564140447, 0.10808412972482731]}}