{"a000": {"total": [-20056.225554156947, 0.22403868101699848], "bond": [1032.0579872767785, 0.07243503832427065], "ele": [-23950.43638658151, 0.33887961662380717], "vdw": [2862.1528451477852, 0.12638611636497757]}, "p045": {"total": [-20046.596813808963, 0.13057232344920272], "bond": [1037.1346555709983, 0.06970211776591377], "ele": [-23948.141270773875, 0.18939438208498385], "vdw": [2864.4098013939215, 0.07951721434986633]}}