{"a000": {"total": [-20058.62488486102, 0.16168198679946166], "bond": [29.6670846675342, 0.032474025706534425], "ang": [77.93501988445708, 0.16529794537369547], "dih": [139.59979265297568, 0.32617161995086597], "v14": [39.85043187764057, 0.011533280779695091], "e14": [737.2267026827324, 0.07159535168840071], "ele": [-23949.71042215794, 0.22823011105593985], "vdw": [2866.806505531569, 0.08864580867127092]}, "p045": {"total": [-20052.294103253156, 0.23883106208503666], "bond": [29.19849394541857, 0.005038960217056727], "ang": [75.77812232367435, 0.014659378757538099], "dih": [143.91995184807877, 0.03619663722907438], "v14": [40.37973661852286, 0.004133359520274371], "e14": [741.0197122298681, 0.06665503985760927], "ele": [-23949.879776632766, 0.38352983694887555], "vdw": [2867.2896564140447, 0.10808412972482731]}}