{"a000": {"total": [-20059.26190628681, 0.1654771047435387], "bond": [30.394244435875112, 0.04549530901069266], "ang": [81.52661241221915, 0.2664910734398566], "dih": [132.04800479427388, 0.3143067218464676], "v14": [39.74472153468919, 0.08635920979578231], "e14": [734.6194466206069, 0.40556045323915263], "ele": [-23945.892986966286, 0.6515689881946143], "vdw": [2868.298050881819, 0.12920520892205126]}, "p045": {"total": [-20052.416794018172, 0.17339444950261873], "bond": [29.187555220063956, 0.0060579392710182894], "ang": [75.7779716916761, 0.018055010545659163], "dih": [143.91736769870272, 0.036483499910446596], "v14": [40.38407444723519, 0.0036693622511885754], "e14": [741.0158680496033, 0.06928212417032471], "ele": [-23950.133517525523, 0.2406416389293616], "vdw": [2867.4338864000715, 0.08520723037740975]}}