{"a000": {"total": [-20056.225554156947, 0.22403868101699848], "bond": [30.050156440866076, 0.006588753525008113], "ang": [79.39974849459459, 0.02649643011298675], "dih": [143.9830692993922, 0.04125948694762511], "v14": [41.065677819296646, 0.004834028545251304], "e14": [737.559335222629, 0.054742940640068766], "ele": [-23950.43638658151, 0.33887961662380717], "vdw": [2862.1528451477852, 0.12638611636497757]}, "p045": {"total": [-20046.596813808963, 0.13057232344920272], "bond": [29.881399462035333, 0.006029938024996926], "ang": [78.87351449720059, 0.0240123220218473], "dih": [145.4182704590901, 0.03927687473506365], "v14": [41.45931172716464, 0.006262992779160568], "e14": [741.5021594255085, 0.0519091042133866], "ele": [-23948.141270773875, 0.18939438208498385], "vdw": [2864.4098013939215, 0.07951721434986633]}}