{"a00": {"total": [-19940.586633633193, 0.17704261933352658], "bond": [32.08271708232472, 0.0367115098181697], "ang": [80.10443797493458, 0.1507923970200809], "dih": [135.70716706026374, 0.3165969115220764], "v14": [30.23474291372813, 0.011233080651476459], "e14": [734.2979935268806, 0.06596038362266304], "ele": [-23787.740964620425, 0.26182903687981346], "vdw": [2834.727272429086, 0.12519123432695195]}, "r00": {"total": [-19940.861439327076, 0.20267803408737806], "bond": [32.92777234550788, 0.012990383523278807], "ang": [83.90378171348951, 0.05719095429633521], "dih": [126.97321128712923, 0.16491771773696093], "v14": [29.687963034646216, 0.00978826720556866], "e14": [733.4705222991695, 0.11206406512886609], "ele": [-23786.808158876494, 0.22315447856502374], "vdw": [2838.983468869482, 0.15946473396763386]}}