{"a000": {"total": [-20093.593074395285, 0.17790005981501283], "bond": [1007.7148479636426, 0.06758274738890109], "ele": [-23962.308443873862, 0.22909381391443873], "vdw": [2861.000521514927, 0.08550552547531759]}, "p045": {"total": [-20082.309849783993, 0.1745213083048667], "bond": [1012.3203525240552, 0.08828949688096316], "ele": [-23958.713167657505, 0.2714062619570656], "vdw": [2864.082965349475, 0.11638394713924598]}}