{"a00": {"total": [-19974.223834417877, 0.16964654746230098], "bond": [32.78125714100686, 0.0069967124514878], "ang": [83.30600952854311, 0.018094748165964146], "dih": [141.632734567813, 0.04377376880788071], "v14": [32.337924155268574, 0.004581171002969656], "e14": [706.7484274528143, 0.08857281204503037], "ele": [-23800.103134033157, 0.2865787841781456], "vdw": [2829.0729467698397, 0.10757351402630834]}, "r00": {"total": [-19970.02079256267, 0.4084430033797873], "bond": [34.1236938164079, 0.026073956956433362], "ang": [88.79320563392436, 0.2197988816359213], "dih": [130.31997919269716, 0.41431860373887136], "v14": [31.633301323933, 0.06757712645982938], "e14": [704.4802083774799, 0.8306372941836552], "ele": [-23794.779141214713, 1.066233294253687], "vdw": [2835.4079603075925, 0.17551257493466974]}}