{"a00": {"total": [-19973.814800658507, 0.17767748977173456], "bond": [32.88498636376487, 0.008710195518521402], "ang": [83.70019976218099, 0.026433947941810913], "dih": [141.3639482492064, 0.040068836502486646], "v14": [32.408123789770805, 0.005710083851734541], "e14": [706.4708070815747, 0.08128222314496734], "ele": [-23800.237564902694, 0.2328567335376764], "vdw": [2829.5946989976896, 0.08881979353668344]}, "r00": {"total": [-19970.736702945404, 0.2335481524956425], "bond": [34.08713678250445, 0.009849174117233841], "ang": [89.00048995526697, 0.04706704672116234], "dih": [130.05495712702577, 0.13401077775029838], "v14": [31.57123835720522, 0.0188099496240699], "e14": [705.0790618147165, 0.1605278423377671], "ele": [-23796.14645696237, 0.25352623457988066], "vdw": [2835.616869980258, 0.14093531577468288]}}