{"a000": {"total": [-20181.65033032012, 0.14308075406279233], "bond": [30.582293509636706, 0.007853061357581683], "ang": [79.02041438798481, 0.033386604436466065], "dih": [145.18214973063272, 0.050339748916857475], "v14": [42.24806123704547, 0.005451434535192768], "e14": [701.193023702157, 0.07348107040246729], "ele": [-24040.849369279815, 0.20031814821624266], "vdw": [2860.9730963922125, 0.15061860946446226]}, "p045": {"total": [-20170.237652289044, 0.17904958294223725], "bond": [30.480178317827598, 0.005929850600640009], "ang": [78.72951450385712, 0.022152155144694603], "dih": [145.55572860343392, 0.04929927666101751], "v14": [42.60716950627935, 0.003968303384528285], "e14": [702.5075711010219, 0.07472256319025097], "ele": [-24034.253173457455, 0.22074002890890948], "vdw": [2864.135359135999, 0.09481866336294693]}}