{"a00": {"total": [-20056.63391799919, 0.16221169959552187], "bond": [33.48631148923037, 0.017117986008708036], "ang": [83.82233942126516, 0.033014796888522165], "dih": [143.3798838609947, 0.06450064638108619], "v14": [32.59400065797855, 0.010309555502981191], "e14": [696.35241872061, 0.05764350118287738], "ele": [-23876.434290140358, 0.22447970855105084], "vdw": [2830.165417991108, 0.0972663836578549]}, "r00": {"total": [-20051.89508264442, 0.2571432577480411], "bond": [34.61024425948302, 0.031342738453273226], "ang": [88.5864164414593, 0.12652388937039002], "dih": [132.22682460412133, 0.25320667048352324], "v14": [32.08936651089763, 0.15169573060219668], "e14": [694.7717987879893, 0.4944945724928747], "ele": [-23869.624975925253, 0.5095303059860613], "vdw": [2835.4452426768817, 0.27255992684289104]}}