{"a000": {"total": [-20181.65033032012, 0.14308075406279233], "bond": [998.2259425674567, 0.08690165849683405], "ele": [-24040.849369279815, 0.20031814821624266], "vdw": [2860.9730963922125, 0.15061860946446226]}, "p045": {"total": [-20170.237652289044, 0.17904958294223725], "bond": [999.8801620324194, 0.09636584621844205], "ele": [-24034.253173457455, 0.22074002890890948], "vdw": [2864.135359135999, 0.09481866336294693]}}