{"a000": {"total": [-20097.958850016657, 0.16019966280210685], "bond": [29.367326418100998, 0.007420526784441986], "ang": [76.9099566717558, 0.03356405610665831], "dih": [141.94396450785771, 0.06074645815168654], "v14": [40.521557839462226, 0.005189149870703744], "e14": [708.5396751613064, 0.046451593434285475], "ele": [-23962.54980649911, 0.191224130685439], "vdw": [2867.3084758839773, 0.07824986306448521]}, "p045": {"total": [-20090.42598366927, 0.25169322291122265], "bond": [29.13972186498796, 0.005171697916722794], "ang": [76.04263957410404, 0.015127802450724632], "dih": [144.31100271646503, 0.0401974170478952], "v14": [40.93586509990231, 0.003993933573811117], "e14": [712.9956972560325, 0.05961362025044991], "ele": [-23962.4328643454, 0.2947644160573317], "vdw": [2868.581954164655, 0.1159399472615132]}}