{"a00": {"total": [-19979.792475656068, 0.17335630812728267], "bond": [31.80245191055881, 0.01591327805835435], "ang": [79.37753139750603, 0.06676018353198179], "dih": [137.6691559232695, 0.1306965923872808], "v14": [30.803608756736505, 0.007213664065303211], "e14": [705.8612290451978, 0.07534672514499667], "ele": [-23800.753440319866, 0.32450132792681746], "vdw": [2835.446987630508, 0.1473381967810203]}, "r00": {"total": [-19979.084888318066, 0.24943489402134544], "bond": [32.884629609079795, 0.026223083749387546], "ang": [84.09384548373029, 0.10500350838877685], "dih": [127.46353624564371, 0.22561869712626192], "v14": [30.291251432921914, 0.1006457806978255], "e14": [705.9467960859041, 0.2817859232596626], "ele": [-23799.76496806481, 0.3342865430006899], "vdw": [2840.000020889484, 0.20569774168949556]}}