{"a00": {"total": [-19980.660909633993, 0.18963717406291772], "bond": [31.75354817589244, 0.09650248821296906], "ang": [79.09720272248022, 0.4383243441406204], "dih": [137.67361461244784, 0.898501993492247], "v14": [30.659529657843702, 0.035759124099753126], "e14": [704.9134782304342, 0.13316182484526298], "ele": [-23800.20569803126, 0.23469221637505955], "vdw": [2835.447414998161, 0.32385147025667216]}, "r00": {"total": [-19979.66860692956, 0.41979306336321964], "bond": [33.032670358108966, 0.08831683496814445], "ang": [83.90150786895278, 0.08470307210970925], "dih": [127.19612845820448, 0.5284499438130806], "v14": [30.690047024408056, 0.1906994211551039], "e14": [706.5645115365271, 0.3017862280154297], "ele": [-23800.9151938392, 0.36013602067685685], "vdw": [2839.861721663439, 0.13206594511618522]}}