{"a000": {"total": [-20186.262593102227, 0.16674369158057684], "bond": [29.835706616706332, 0.1175199481819143], "ang": [75.74766522344103, 0.5721246015619414], "dih": [139.880846472314, 1.351629435375082], "v14": [40.409416809849944, 0.03393524086085733], "e14": [700.3487433036462, 0.3918386778126489], "ele": [-24039.812355729435, 0.7139441139375391], "vdw": [2867.3273842012727, 0.4985457720870056]}, "p045": {"total": [-20177.66318178042, 0.15391827554469745], "bond": [29.464511744718884, 0.009875603170685787], "ang": [74.08272819348802, 0.032491522911872024], "dih": [143.3806681381964, 0.0342452083747265], "v14": [40.95318207483012, 0.0322759192826848], "e14": [702.8215406160648, 0.1752555683586011], "ele": [-24037.13491468929, 0.3046677401328169], "vdw": [2868.769102141564, 0.08811642560156879]}}