{"a00": {"total": [-20061.4471480089, 0.15426305758365383], "bond": [32.578268761439446, 0.021069159049890752], "ang": [80.46494183840905, 0.10279990277713635], "dih": [138.3111560069698, 0.21689559814213966], "v14": [30.89034847460688, 0.0069614511005358015], "e14": [696.3994596969244, 0.07333536128288454], "ele": [-23876.4640568173, 0.21422630247254193], "vdw": [2836.3727340300725, 0.08688737955013945]}, "r00": {"total": [-20059.655979445488, 0.32856380518699274], "bond": [33.38482405842396, 0.026691448305516452], "ang": [83.60318941834555, 0.11881744236058618], "dih": [129.96289380594865, 0.2566896166022658], "v14": [30.698249838556368, 0.12003244842212768], "e14": [695.3198716715722, 0.36802655044225663], "ele": [-23872.372278541534, 0.5633355237883882], "vdw": [2839.7472703032045, 0.17450808333813464]}}