{"a000": {"total": [-20185.98972855145, 0.1852087649580475], "bond": [30.11194205360937, 0.023268098028532483], "ang": [77.61652947167248, 0.12405690123997008], "dih": [136.93673264218734, 0.2581703707244525], "v14": [40.2971880767191, 0.007270520750685699], "e14": [699.4419037467127, 0.06275225547783166], "ele": [-24039.20367393009, 0.22053284810043816], "vdw": [2868.8096493877406, 0.08223286166382059]}, "p045": {"total": [-20177.888394993814, 0.1413726294736176], "bond": [29.447195039802114, 0.006697750060220075], "ang": [74.07993096518415, 0.01779252275690423], "dih": [143.35428255677465, 0.028664725851738928], "v14": [40.98055883273216, 0.004414284229179582], "e14": [702.9690475048034, 0.04617929298409279], "ele": [-24037.422077015977, 0.18796394793393045], "vdw": [2868.702667122851, 0.09345461263686874]}}