{"a00": {"total": [-20061.940631260346, 0.18347840196689816], "bond": [32.1638819973206, 0.04251723688843513], "ang": [78.66715069219265, 0.18544210482414342], "dih": [141.2444318614953, 0.4321818746274243], "v14": [31.08837704554145, 0.015840725086741194], "e14": [698.015757795063, 0.15841289186764118], "ele": [-23877.330580262907, 0.26217020634268806], "vdw": [2834.210349610962, 0.2918902469627256]}, "r00": {"total": [-20060.784649765686, 0.582487660315394], "bond": [33.63545373817299, 0.13524864733693076], "ang": [83.41295327564417, 0.08047224280341282], "dih": [128.85943922004088, 0.6520971274729676], "v14": [31.307993323557795, 0.2973176506723134], "e14": [696.7718296240031, 0.695664364992664], "ele": [-23874.252591010863, 0.9279945977271532], "vdw": [2839.480272063754, 0.1227245159107907]}}