{"a000": {"total": [-20185.98972855145, 0.1852087649580475], "bond": [984.404295990901, 0.17199766019361065], "ele": [-24039.20367393009, 0.22053284810043816], "vdw": [2868.8096493877406, 0.08223286166382059]}, "p045": {"total": [-20177.888394993814, 0.1413726294736176], "bond": [990.831014899297, 0.06121348755008072], "ele": [-24037.422077015977, 0.18796394793393045], "vdw": [2868.702667122851, 0.09345461263686874]}}