{"a000": {"total": [-22125.2965817336, 0.25601890271534294], "bond": [36.241347974688104, 0.053574258415732726], "ang": [86.38381818214019, 0.16703068571529456], "dih": [156.95907180220016, 0.469620798958861], "v14": [48.94738338543881, 0.1900805747234004], "e14": [844.4608830311827, 0.3548496516258211], "ele": [-26453.669986476056, 0.45177715992695466], "vdw": [3155.3809003668052, 0.16555912201538953]}, "p045": {"total": [-22115.971808409748, 0.176486865077823], "bond": [35.209148908207275, 0.0053570269941091144], "ang": [80.13524491112784, 0.01626723144796937], "dih": [170.77139320251828, 0.02882825420765109], "v14": [49.46560364462244, 0.0052891840557093076], "e14": [852.0893819962233, 0.057045533942886306], "ele": [-26459.595552897386, 0.31401624866759337], "vdw": [3155.9529718249423, 0.102638364187059]}}