{"a000": {"total": [-22125.152475976516, 0.6564713350877529], "bond": [36.37900071209303, 0.20777430139781233], "ang": [86.48058880987924, 1.0075019626422554], "dih": [155.30762938821906, 2.256494061469747], "v14": [49.04633069404925, 0.1982507274591874], "e14": [842.8287716642341, 0.8598852431798969], "ele": [-26450.872938639328, 1.10376162545404], "vdw": [3155.6781413943295, 0.34410344161395584]}, "p045": {"total": [-22116.021574619983, 0.17488649989792027], "bond": [35.2059588162727, 0.005741532106423348], "ang": [80.10024413273774, 0.02348860728687945], "dih": [170.80930118020342, 0.041297095219644996], "v14": [49.462591167967645, 0.004471052309473095], "e14": [852.1484576404683, 0.07304395259689545], "ele": [-26459.70714209867, 0.2962554058928564], "vdw": [3155.9590145410352, 0.16624720440105262]}}