{"a000": {"total": [-21955.330823696077, 0.5047678738253715], "bond": [34.82451141292488, 0.1486345860584774], "ang": [89.02155444109776, 0.686790753732927], "dih": [159.07466176960102, 1.4290126529639335], "v14": [46.19130325889917, 0.20296847124894343], "e14": [795.3948973531558, 0.8030030829168102], "ele": [-26227.742817167655, 0.9113987110536501], "vdw": [3147.9050652359006, 0.19401671205272464]}, "p045": {"total": [-21946.643383546685, 0.15527695659687663], "bond": [33.577766999968084, 0.005890822212726596], "ang": [82.14865922834119, 0.016737757736522092], "dih": [174.98576589035181, 0.03509462838168415], "v14": [46.63016978774255, 0.005430639609073158], "e14": [804.1681297647784, 0.05389887939448418], "ele": [-26235.82768086925, 0.22296002104028917], "vdw": [3147.673805651383, 0.09416369310054991]}}