{"a00": {"total": [-21828.62230318591, 0.8420028356109597], "bond": [37.805166717694505, 0.1704028584613401], "ang": [91.50703403677223, 0.8295365255875494], "dih": [149.17082963466535, 1.9511988306552916], "v14": [34.600673522829105, 0.13075133860024502], "e14": [790.5282890839952, 0.7621646902202999], "ele": [-26047.485382674542, 0.9080953751120696], "vdw": [3115.2510864926744, 0.13664924209344348]}, "r00": {"total": [-21828.7603233007, 0.32210444579121367], "bond": [37.9816820471346, 0.04541353558765959], "ang": [92.07262017800176, 0.2450572409798072], "dih": [147.4855097815385, 0.5962447631772737], "v14": [34.50422878083855, 0.09106781450059385], "e14": [790.2279729268084, 0.2845052969930503], "ele": [-26047.57280285473, 0.4922138352857107], "vdw": [3116.540465839702, 0.11773959988647459]}}