{"a00": {"total": [-21829.41311491622, 0.3174102140962929], "bond": [37.9096254302257, 0.06033226557369284], "ang": [91.82554738019913, 0.2960804131689445], "dih": [147.98229475744745, 0.7097329068263228], "v14": [34.450580183762774, 0.044245718811187676], "e14": [790.051231712898, 0.18011403344271407], "ele": [-26046.971812057447, 0.3670672238511544], "vdw": [3115.339417676677, 0.09867067655876446]}, "r00": {"total": [-21829.164880898945, 0.38254551342892185], "bond": [37.9844971116761, 0.05818322738165504], "ang": [92.19188584468287, 0.2498327052985242], "dih": [147.2030616813339, 0.6791861391242623], "v14": [34.391315968430625, 0.03958603171539686], "e14": [789.5909529440255, 0.2717683148005977], "ele": [-26047.16063249608, 0.3596887034598588], "vdw": [3116.6340380469865, 0.1373752401410753]}}