{"a000": {"total": [-21942.167779189876, 0.17129809555839123], "bond": [35.218968287021106, 0.028624160727585786], "ang": [92.06099362884606, 0.15163857432247219], "dih": [171.0131981452847, 0.31897599225756784], "v14": [48.90029720085133, 0.01285722541743361], "e14": [801.5702919087573, 0.1391537896093336], "ele": [-26232.75587668389, 0.47298828567836904], "vdw": [3141.8243483232595, 0.0937441685212751]}, "p045": {"total": [-21934.57517818859, 0.14515864296661998], "bond": [34.817197349819544, 0.008868080071170896], "ang": [89.84622050343862, 0.02031642868143274], "dih": [177.03755762558282, 0.04610376101861653], "v14": [49.29855106517961, 0.00832486299796301], "e14": [806.569261931545, 0.08746119432237925], "ele": [-26235.45348940884, 0.29316473283319927], "vdw": [3143.3095227446925, 0.11915452418985852]}}