{"a000": {"total": [-21942.62053253696, 0.16132309673862086], "bond": [35.28000989034995, 0.06556756897788392], "ang": [92.05059538662974, 0.35342593401587147], "dih": [170.81229767132285, 0.7104521508352731], "v14": [48.92854558212334, 0.0391599842621755], "e14": [801.5175311613706, 0.18567934925965796], "ele": [-26233.059740727702, 0.3900944497173839], "vdw": [3141.8502284989677, 0.11110057718972416]}, "p045": {"total": [-21934.678877503367, 0.13776523885798905], "bond": [34.8247018924101, 0.0094607359441205], "ang": [89.83084286846797, 0.026427040072424576], "dih": [177.03264209303435, 0.02982953771903072], "v14": [49.26999312339021, 0.012337610451776296], "e14": [806.4850578520186, 0.15707136360358512], "ele": [-26235.49548050525, 0.23345141075045794], "vdw": [3143.37336517257, 0.08190810420816418]}}