{"a00": {"total": [-21808.876746885235, 0.6397967148503292], "bond": [40.0144578850111, 0.09635156253645916], "ang": [104.51936174242866, 0.5676456872751403], "dih": [154.83792475633268, 1.1916045516980631], "v14": [37.07667560149522, 0.22765134791137048], "e14": [792.1126415379794, 0.8477914367233041], "ele": [-26046.61042322237, 1.004243296697696], "vdw": [3109.172614813874, 0.13270121002440907]}, "r00": {"total": [-21807.90540688063, 0.7099680858094385], "bond": [40.146118172802154, 0.06254872557514937], "ang": [104.5773688431844, 0.3768962512066271], "dih": [154.1171579680668, 1.0521994502576741], "v14": [36.99353943667789, 0.23255674489429976], "e14": [792.8521807966594, 0.8729794898371529], "ele": [-26047.851990063707, 1.0371414041909874], "vdw": [3111.2602179656974, 0.11096721270534189]}}