{"a000": {"total": [-21936.079923539248, 0.39838295133984075], "bond": [1155.3529508822278, 1.345974393201672], "ele": [-26232.974300446796, 0.8353116598663792], "vdw": [3141.5414260253106, 0.24979107882561014]}, "p045": {"total": [-21927.755129705398, 0.15326372550747686], "bond": [1164.6177659526363, 0.11157914714521884], "ele": [-26235.75655960831, 0.2044050196222029], "vdw": [3143.3836639502765, 0.08382953882432846]}}