{"a000": {"total": [-21898.06501763309, 0.2621652443038176], "bond": [34.63472384231862, 0.13774952851915243], "ang": [142.76848356145092, 0.6865910284048656], "dih": [165.391096459379, 1.262044292362584], "v14": [45.984016793864825, 0.06633311471380875], "e14": [800.07617144076, 0.1148124671698248], "ele": [-26232.651371961747, 0.27505104077639886], "vdw": [3145.731862230889, 0.09157344342390769]}, "p045": {"total": [-21891.351597411765, 0.14055024035174396], "bond": [33.99620069267224, 0.005472297063805997], "ang": [138.90307943514847, 0.015971341335294757], "dih": [174.89200874968057, 0.03619720653113409], "v14": [46.20892465476401, 0.004460025806487964], "e14": [807.0075398025915, 0.06736933767195354], "ele": [-26238.66042820178, 0.2687678797674905], "vdw": [3146.301077455172, 0.08892804091620261]}}