{"a000": {"total": [-21898.014456600267, 0.23544121851712407], "bond": [34.53985434154733, 0.041436454820215234], "ang": [142.05895356660332, 0.22587826506287537], "dih": [166.51612056104463, 0.40897496434879127], "v14": [45.8454111903618, 0.06955760120867116], "e14": [799.8138195870943, 0.32695634136378476], "ele": [-26232.667776336246, 0.39690176110058284], "vdw": [3145.8791604893327, 0.10636462856813976]}, "p045": {"total": [-21890.96704666801, 0.1434622804161496], "bond": [34.004255910078825, 0.005338454274583102], "ang": [138.90201756694745, 0.021236678527861846], "dih": [174.88364919444373, 0.03035949594932624], "v14": [46.207450337696066, 0.004266415015848105], "e14": [807.0038994050113, 0.053727573667951646], "ele": [-26238.136862174902, 0.2038055586426643], "vdw": [3146.168543092714, 0.10146119732990536]}}