{"a00": {"total": [-21819.88910638305, 0.8264545534318333], "bond": [37.55299781703481, 0.22921635021769932], "ang": [92.07459671962118, 1.067884871761684], "dih": [161.5890119820154, 2.3868674486806487], "v14": [34.944875059342046, 0.10060971128796435], "e14": [795.8981617031393, 0.6487549563356657], "ele": [-26053.102577068606, 0.814320788330305], "vdw": [3111.153827404415, 0.2296863489507164]}, "r00": {"total": [-21823.377584181217, 0.27021123007839776], "bond": [38.527027463073594, 0.06404503156894464], "ang": [96.62768970263406, 0.3268613047793695], "dih": [150.73473585443736, 0.7589425856052471], "v14": [34.16895916514182, 0.034792116576870924], "e14": [792.1262756468918, 0.2817658000121881], "ele": [-26049.825431987658, 0.48811079011382547], "vdw": [3114.26315997425, 0.11399880224300274]}}