{"a000": {"total": [-21898.014456600267, 0.23544121851712407], "bond": [1188.7741592466512, 0.4340282433215886], "ele": [-26232.667776336246, 0.39690176110058284], "vdw": [3145.8791604893327, 0.10636462856813976]}, "p045": {"total": [-21890.96704666801, 0.1434622804161496], "bond": [1201.0012724141768, 0.06527812271188163], "ele": [-26238.136862174902, 0.2038055586426643], "vdw": [3146.168543092714, 0.10146119732990536]}}