{"a000": {"total": [-22056.242530499618, 0.2653834510998019], "bond": [34.82286738738637, 0.058726611448687537], "ang": [91.19529920434226, 0.26958884433291436], "dih": [159.7206578537413, 0.5900973057641785], "v14": [47.1028520476621, 0.0412738358344747], "e14": [823.7053002292488, 0.21042839045360734], "ele": [-26368.038181313597, 0.3577193907316766], "vdw": [3155.2486740915974, 0.10595928319085002]}, "p045": {"total": [-22048.949682051436, 0.1520233196738061], "bond": [34.11626134049282, 0.005592620677765353], "ang": [86.87082398503286, 0.01843444314470533], "dih": [170.36532983530626, 0.033134300647341124], "v14": [47.362994130975096, 0.004671734654196778], "e14": [832.3675386252406, 0.05537021131053306], "ele": [-26375.202036213996, 0.22350036361512918], "vdw": [3155.1694062454985, 0.1060846209199813]}}