{"a00": {"total": [-21927.141417221934, 0.5189198269566637], "bond": [37.77944645865803, 0.1263087183420787], "ang": [94.20947958926517, 0.5678096280753112], "dih": [153.9064503929056, 1.3146529672428302], "v14": [35.549616060907766, 0.082888667584559], "e14": [821.0010634988897, 0.2752263943677239], "ele": [-26190.125106023683, 0.49320248278962775], "vdw": [3120.5376328011184, 0.14730058492654308]}, "r00": {"total": [-21930.212879744104, 0.30923080611389037], "bond": [38.664179231784566, 0.06773748669637006], "ang": [97.89165372495818, 0.3471003096655107], "dih": [144.7190191829102, 0.8126117957337609], "v14": [34.80148083793723, 0.042343719753041305], "e14": [819.2416993097726, 0.30025031963040727], "ele": [-26188.593143218986, 0.6536523196504849], "vdw": [3123.062231187523, 0.14389443049872117]}}