{"a000": {"total": [-22057.444462288087, 0.44555366247446676], "bond": [35.21546171144915, 0.1306563298398464], "ang": [93.06547793607636, 0.6782766105632441], "dih": [155.47109680658977, 1.35414377264082], "v14": [46.83268101772674, 0.09460047447596016], "e14": [823.0076376301661, 0.5294164426829625], "ele": [-26366.791126870467, 0.6967704534456672], "vdw": [3155.7543094803777, 0.25076719956590093]}, "p045": {"total": [-22048.959875951725, 0.13422358581204893], "bond": [34.12055677856496, 0.00796507358512569], "ang": [86.83968491505821, 0.03181160876297976], "dih": [170.39720080777934, 0.03151089493824689], "v14": [47.36475798039045, 0.005832596455290974], "e14": [832.4246046463641, 0.05146900724566352], "ele": [-26375.23334032546, 0.1907750150402118], "vdw": [3155.126659245576, 0.1289157028014219]}}