{"a00": {"total": [-22011.07062941819, 0.8343356596858369], "bond": [38.76122008111818, 0.21986191278888506], "ang": [95.92317076261236, 0.9898982429833096], "dih": [150.9288519309328, 2.355611728304442], "v14": [35.405242938997006, 0.13181905665268004], "e14": [809.333765305194, 0.9253789682149387], "ele": [-26262.260323444265, 1.2876349192012806], "vdw": [3120.8374430072167, 0.19481217888364433]}, "r00": {"total": [-22010.4484549102, 0.32857391048997403], "bond": [39.02321836274586, 0.09264627241575396], "ang": [96.94709599544704, 0.40551905745775374], "dih": [148.36885176870308, 0.987959296069705], "v14": [35.204293876712114, 0.053598351970732], "e14": [808.9905473553482, 0.27672446713078497], "ele": [-26262.05671643868, 0.570456813418099], "vdw": [3123.074254169541, 0.10538296661666532]}}