{"a000": {"total": [-22144.890190884667, 0.2872129170834736], "bond": [1144.7288069648796, 0.25256065280801265], "ele": [-26445.239585583582, 0.3717697335183567], "vdw": [3155.620587734047, 0.11070200300503191]}, "p045": {"total": [-22136.46627826815, 0.14888586372439838], "bond": [1158.9528771745727, 0.09923674188062995], "ele": [-26450.694894843873, 0.22307649362873017], "vdw": [3155.2757394011583, 0.09373533979348424]}}