{"a000": {"total": [-22143.13975138224, 0.16330691178496617], "bond": [35.29993275834759, 0.02366839634338318], "ang": [90.38375867098041, 0.09283945349286861], "dih": [160.56374383416122, 0.19943486121895093], "v14": [47.684510700746394, 0.020786611752270076], "e14": [814.4559829073986, 0.12583863027731046], "ele": [-26445.305323477627, 0.2190056334525368], "vdw": [3153.777643223774, 0.1176925181657748]}, "p045": {"total": [-22133.711128032362, 0.16289376391295252], "bond": [34.77059436399974, 0.005406996968750795], "ang": [86.39636140148858, 0.020004752471276893], "dih": [170.22969954960155, 0.03536461757875768], "v14": [47.94435458622785, 0.00493058076188326], "e14": [822.6718773913184, 0.08013508505529496], "ele": [-26449.54114554714, 0.2366914708770741], "vdw": [3153.8171302221585, 0.14759300408964493]}}