{"a00": {"total": [-22006.69583780333, 0.18768151078309164], "bond": [38.40459904514007, 0.015488533472438755], "ang": [94.4787466321319, 0.08549028865499264], "dih": [159.50443448225911, 0.14943443286051947], "v14": [36.51875121728918, 0.01653026638072267], "e14": [811.2339047059526, 0.12673686665927367], "ele": [-26265.964378398116, 0.2994943199695228], "vdw": [3119.1281045120245, 0.11819592159620254]}, "r00": {"total": [-22008.62513707282, 0.25631721127299245], "bond": [39.61704509682814, 0.04811814531738256], "ang": [99.532967210177, 0.24738148029954202], "dih": [146.82032721910002, 0.5598074828756372], "v14": [35.56833318799185, 0.02220413784934989], "e14": [808.1610701341359, 0.20839275682660954], "ele": [-26259.668675424367, 0.41053294973050664], "vdw": [3121.3437955033087, 0.09404511600163155]}}