{"a000": {"total": [-22145.672444681346, 0.7693643462689669], "bond": [35.43229292914477, 0.21789386371015224], "ang": [90.53195042614286, 1.0474340694091469], "dih": [155.74160219356838, 2.426999503428655], "v14": [46.82203628505354, 0.14784600058897387], "e14": [813.6761352603165, 1.0464875255108586], "ele": [-26443.49852383941, 1.4417690668856311], "vdw": [3155.62206206386, 0.20317350277548646]}, "p045": {"total": [-22136.015429798692, 0.14128300494638485], "bond": [34.42693382379134, 0.01582288757708189], "ang": [84.9110339275277, 0.06170258055887239], "dih": [169.48949116243222, 0.03891066874975539], "v14": [47.37488899531036, 0.03671583401915005], "e14": [822.3230123255732, 0.4530469496914234], "ele": [-26449.691144252833, 0.46481921208909577], "vdw": [3155.150354219503, 0.09919201638438907]}}