{"a000": {"total": [-22142.63914263694, 0.17302328421858018], "bond": [35.271096633867224, 0.0822491716146167], "ang": [89.80974228566605, 0.3642065930079269], "dih": [161.50306168454512, 0.7564946734241051], "v14": [47.71665533002364, 0.045477344999107897], "e14": [815.8437275482822, 0.28332262752087856], "ele": [-26446.205827943897, 0.5719730117403771], "vdw": [3153.4224018245673, 0.11615299862205317]}, "p045": {"total": [-22133.74908463144, 0.1599862232416119], "bond": [34.76820361758877, 0.009454487045436836], "ang": [86.42332809786348, 0.030398876999803544], "dih": [170.19061743098183, 0.030526232510625778], "v14": [47.94963678552419, 0.008846959581190026], "e14": [822.5087653083308, 0.13304266724004116], "ele": [-26449.206877725825, 0.2503583241274957], "vdw": [3153.617241854096, 0.11270709281503312]}}