{"a000": {"total": [-22144.890190884667, 0.2872129170834736], "bond": [35.16676237061527, 0.047134906042166365], "ang": [89.93346025342203, 0.20662719665089557], "dih": [158.10298303567382, 0.39547180544420635], "v14": [47.039175352226934, 0.04284153104643028], "e14": [814.4864259529413, 0.12594967277225574], "ele": [-26445.239585583582, 0.3717697335183567], "vdw": [3155.620587734047, 0.11070200300503191]}, "p045": {"total": [-22136.46627826815, 0.14888586372439838], "bond": [34.42592969064395, 0.005478923440173064], "ang": [84.83394956448812, 0.03795095619254446], "dih": [169.52657960698014, 0.03938336769436937], "v14": [47.40137113211634, 0.00591331385292258], "e14": [822.7650471803441, 0.09775873107069595], "ele": [-26450.694894843873, 0.22307649362873017], "vdw": [3155.2757394011583, 0.09373533979348424]}}