{"a00": {"total": [-21820.78375818103, 0.2686212816718487], "bond": [38.200794794517535, 0.19356741161581684], "ang": [91.14692769903235, 0.8078616625737491], "dih": [160.69829344640874, 1.851248809732332], "v14": [37.88808543604515, 0.1308438846053915], "e14": [797.9139643845541, 1.8150014107335914], "ele": [-26054.15482027006, 2.2211676356565255], "vdw": [3107.522996328473, 0.5390502412864884]}, "r00": {"total": [-21824.08472954127, 0.3267975599230008], "bond": [39.42605164921822, 0.06489117852751136], "ang": [96.80579978603686, 0.3067236894945851], "dih": [147.55933815515212, 0.7527376985786522], "v14": [37.11837457185119, 0.058000341750683644], "e14": [794.5109599249027, 0.29044174802381645], "ele": [-26050.667859281628, 0.5329542132274554], "vdw": [3111.1626056532036, 0.09744849028048463]}}