{"a000": {"total": [-21951.017022444892, 0.16858044043697698], "bond": [1142.8311380002958, 0.45113583902646637], "ele": [-26235.54255306187, 0.3338022117175841], "vdw": [3141.694392616692, 0.08646148020112933]}, "p045": {"total": [-21943.560764666006, 0.14866373327428314], "bond": [1152.0873644762592, 0.08589803193525876], "ele": [-26238.715534144354, 0.25454221256936305], "vdw": [3143.067405002093, 0.08432155272572815]}}