{"a000": {"total": [-21951.346977350313, 0.1530685862650634], "bond": [1139.2824490713251, 0.3572061329455632], "ele": [-26232.698846571406, 0.39955311443002106], "vdw": [3142.0694201497554, 0.1047669334571931]}, "p045": {"total": [-21943.733922678603, 0.19142106090936684], "bond": [1148.2641431157658, 0.0628859550693316], "ele": [-26234.93989820827, 0.35694433493466143], "vdw": [3142.9418324139037, 0.13333599196022256]}}