{"a00": {"total": [-21821.22974905789, 0.2728478178536861], "bond": [38.09752909206126, 0.10919691378592983], "ang": [90.6811612954622, 0.49150318808995735], "dih": [161.5697756029552, 0.9905065214161586], "v14": [38.07365480277709, 0.07384217823702906], "e14": [800.0164826990259, 0.31279086378640547], "ele": [-26056.91013279034, 0.4530591194631631], "vdw": [3107.241780240169, 0.18967474196041254]}, "r00": {"total": [-21822.704231552816, 0.8248668293654982], "bond": [39.32041577122573, 0.06581683964862027], "ang": [96.11495293670913, 0.42281084996989354], "dih": [149.44735606993657, 1.1496407650647058], "v14": [37.61851839413954, 0.36529687707361913], "e14": [795.700082914734, 1.1920992532360306], "ele": [-26052.05280744062, 1.3034271751741333], "vdw": [3111.147249801087, 0.10973655494929666]}}