{"a000": {"total": [-21950.712922377763, 0.3001661933855439], "bond": [35.32091986419046, 0.10611569208388849], "ang": [89.21508607808306, 0.6349884017512718], "dih": [165.36498284856802, 1.0621951054709757], "v14": [49.55929933817857, 0.08884589599175535], "e14": [802.4604795476677, 0.5522889612076628], "ele": [-26234.722902384303, 1.08093808680697], "vdw": [3142.0892123298654, 0.11492132623588518]}, "p045": {"total": [-21943.253037041144, 0.20432186835337698], "bond": [34.83230620932701, 0.010354214354887243], "ang": [86.05027997683936, 0.05421346329560698], "dih": [173.16251118612155, 0.036258524888050044], "v14": [49.707172916835596, 0.02410588830866456], "e14": [808.1337766405488, 0.3119013170734217], "ele": [-26238.12658180632, 0.4621023652407573], "vdw": [3142.9874978355037, 0.12209696702649915]}}