{"a000": {"total": [-21950.712922377763, 0.3001661933855439], "bond": [1141.9207676766878, 0.7643372067720616], "ele": [-26234.722902384303, 1.08093808680697], "vdw": [3142.0892123298654, 0.11492132623588518]}, "p045": {"total": [-21943.253037041144, 0.20432186835337698], "bond": [1151.886046929672, 0.2981660116624551], "ele": [-26238.12658180632, 0.4621023652407573], "vdw": [3142.9874978355037, 0.12209696702649915]}}