{"a00": {"total": [-21822.00601548438, 0.5225727565676546], "bond": [38.19402648870774, 0.23219038931752312], "ang": [91.3051059114122, 1.0830014089945545], "dih": [160.26727328709123, 2.4093873033197397], "v14": [37.93542342383272, 0.14694368749880157], "e14": [795.0214488379357, 0.8998454008188101], "ele": [-26052.353916359756, 1.3701170572332144], "vdw": [3107.6246229263843, 0.26851472054447006]}, "r00": {"total": [-21824.270641659594, 0.28455396100162156], "bond": [39.367735705438285, 0.061459399634257526], "ang": [96.54717250798953, 0.2561247226109088], "dih": [148.16358856721195, 0.7169903417719073], "v14": [37.04454720402006, 0.04504038864238004], "e14": [790.2915390523849, 0.19352897111705447], "ele": [-26046.656727134803, 0.5747312554607136], "vdw": [3110.9715024381694, 0.09845333783246189]}}