{"a000": {"total": [-21951.346977350313, 0.1530685862650634], "bond": [35.071175330742456, 0.035439639354814714], "ang": [87.63517787358668, 0.18060020648585912], "dih": [167.7249974656333, 0.3775132658313408], "v14": [49.57594685248444, 0.023908080258949492], "e14": [799.2751515488781, 0.17580269299703927], "ele": [-26232.698846571406, 0.39955311443002106], "vdw": [3142.0694201497554, 0.1047669334571931]}, "p045": {"total": [-21943.733922678603, 0.19142106090936684], "bond": [34.77533615394677, 0.006758381435362989], "ang": [85.66098155927038, 0.01709290199557745], "dih": [173.72272631902086, 0.03127799588526619], "v14": [49.71243082971289, 0.0044685998557877785], "e14": [804.3926682538149, 0.05082360265192037], "ele": [-26234.93989820827, 0.35694433493466143], "vdw": [3142.9418324139037, 0.13333599196022256]}}