{"a000": {"total": [-21951.809578025626, 0.30437436393119965], "bond": [1138.421352323749, 0.8129509625608411], "ele": [-26232.22884381439, 0.7899241757835079], "vdw": [3141.9979134650202, 0.1269356497138859]}, "p045": {"total": [-21943.885003680698, 0.15926235564056881], "bond": [1148.2483425759915, 0.11453950356700127], "ele": [-26235.10392809863, 0.23911242514617867], "vdw": [3142.9705818419247, 0.09847458105488587]}}