{"a000": {"total": [-21958.31915165251, 0.3414801717022391], "bond": [1126.5846941891125, 0.18537540600140112], "ele": [-26226.781684883506, 0.43451965948704685], "vdw": [3141.8778390418706, 0.1209624166485525]}, "p045": {"total": [-21951.940686168582, 0.1910211937778313], "bond": [1135.9780020138412, 0.0651726596359537], "ele": [-26231.09105275182, 0.19399004902332423], "vdw": [3143.1723645694133, 0.0824694567093632]}}