{"a000": {"total": [-21958.31915165251, 0.3414801717022391], "bond": [35.156378452556375, 0.018271256828373668], "ang": [87.84139797568815, 0.09083478557675062], "dih": [169.79007783062352, 0.36271305620727606], "v14": [49.68247324128711, 0.0640150359249441], "e14": [784.1143666889576, 0.42103845267580753], "ele": [-26226.781684883506, 0.43451965948704685], "vdw": [3141.8778390418706, 0.1209624166485525]}, "p045": {"total": [-21951.940686168582, 0.1910211937778313], "bond": [34.84244090007658, 0.008743484828827638], "ang": [85.90703724966237, 0.01869618651695583], "dih": [174.02765489384652, 0.029936557018496728], "v14": [50.171495332118056, 0.0044417102069323235], "e14": [791.029373638138, 0.048987860500319086], "ele": [-26231.09105275182, 0.19399004902332423], "vdw": [3143.1723645694133, 0.0824694567093632]}}