{"a00": {"total": [-21944.470019641394, 0.9742340098582445], "bond": [38.476602912386184, 0.2344051593643051], "ang": [97.5541060015788, 1.1311660140088247], "dih": [150.87463665458884, 2.558410817971292], "v14": [35.934662927534355, 0.15508224195550327], "e14": [765.189101718267, 0.768341910554597], "ele": [-26152.529667647144, 0.9989404223024753], "vdw": [3120.0305377913824, 0.27677827124023857]}, "r00": {"total": [-21945.594451292778, 0.20731528068604466], "bond": [39.122580343891286, 0.03673892642999618], "ang": [100.30869604067749, 0.19561444734884564], "dih": [144.49331326460154, 0.47282531630415403], "v14": [35.52502624623997, 0.020406731945230672], "e14": [763.8207465796958, 0.14287896051541163], "ele": [-26150.629864834616, 0.31762097550554885], "vdw": [3121.7650510667404, 0.09732469685528186]}}