{"a000": {"total": [-22072.068896341414, 0.22177773309088017], "bond": [1105.398852978395, 0.16291586180232825], "ele": [-26331.099802428096, 0.2661201524150321], "vdw": [3153.6320531083193, 0.08898703241012276]}, "p045": {"total": [-22064.930117322896, 0.22115717466406093], "bond": [1118.1567397264218, 0.1505980228030915], "ele": [-26337.10447626609, 0.3953118822308768], "vdw": [3154.0176192167933, 0.09403714114192517]}}