{"a000": {"total": [-22073.220861170757, 0.7380100749930787], "bond": [1102.2353028880561, 1.850350879435084], "ele": [-26330.049759357014, 1.1491336879258582], "vdw": [3154.593595298206, 0.2037842551972804]}, "p045": {"total": [-22064.766653880884, 0.1693260596810317], "bond": [1118.1703491254284, 0.19194727340961584], "ele": [-26336.902683625874, 0.30589038044562167], "vdw": [3153.9656806195535, 0.11174006002278514]}}