{"a000": {"total": [-22167.596643722714, 0.44267131598303805], "bond": [1073.3511928241799, 1.5078295122714125], "ele": [-26390.409605841916, 1.50273904838328], "vdw": [3149.461769295021, 0.34649297193716644]}, "p045": {"total": [-22156.171367325853, 0.13706817389050002], "bond": [1087.1294389441623, 0.08597217447741759], "ele": [-26394.882243556694, 0.19428699942317193], "vdw": [3151.581437286674, 0.09358403276765534]}}