{"a00": {"total": [-22031.57352143398, 0.40426642738990176], "bond": [40.478509866454644, 0.17363998082935195], "ang": [93.00205955383221, 0.7158982370211433], "dih": [158.52570713565302, 1.8231637911216925], "v14": [39.454341953924526, 0.13347123932690685], "e14": [733.028205419292, 0.2558600982216795], "ele": [-26210.50035675838, 0.5965289411594168], "vdw": [3114.4380113952425, 0.36329427310731943]}, "r00": {"total": [-22031.106240113924, 0.3319184246676906], "bond": [41.43758425307116, 0.04264099670620265], "ang": [96.70670374362992, 0.2064640846310449], "dih": [148.31329312074658, 0.503030343962295], "v14": [38.672466641590724, 0.027283935761566902], "e14": [729.5335746554522, 0.17987095087103241], "ele": [-26204.89385272976, 0.45358998099882253], "vdw": [3119.123990201354, 0.14477972595247224]}}