{"a000": {"total": [-22167.596643722714, 0.44267131598303805], "bond": [36.70739345635836, 0.10616268361347189], "ang": [88.22215421294268, 0.48249532373723786], "dih": [161.66832362878654, 1.0531720384151757], "v14": [50.330986675504484, 0.07999488113717049], "e14": [736.4223348505877, 1.0400980306579883], "ele": [-26390.409605841916, 1.50273904838328], "vdw": [3149.461769295021, 0.34649297193716644]}, "p045": {"total": [-22156.171367325853, 0.13706817389050002], "bond": [36.023478115805965, 0.005667684714480287], "ang": [84.13164721907053, 0.021029357456659722], "dih": [172.2608899960241, 0.033173341959074114], "v14": [50.680608310721546, 0.00469886065852837], "e14": [744.0328153025399, 0.06915209395857878], "ele": [-26394.882243556694, 0.19428699942317193], "vdw": [3151.581437286674, 0.09358403276765534]}}