{"a00": {"total": [-22015.24723019611, 0.3542384059726588], "bond": [39.977981018016266, 0.14232227310999654], "ang": [91.06837535898173, 0.6286601818564767], "dih": [158.26634828888615, 1.4938115911726475], "v14": [39.21621328797939, 0.09079152774004434], "e14": [767.4246779690693, 0.5026948098239347], "ele": [-26227.04085441317, 0.8075996820326093], "vdw": [3115.8400282941166, 0.4044858716460744]}, "r00": {"total": [-22014.69374599911, 0.25081403043330497], "bond": [40.833117077207994, 0.033577944702701645], "ang": [94.80295999722559, 0.15611148835912012], "dih": [149.51809513767782, 0.37376718851659746], "v14": [38.624407588113684, 0.024869697330624278], "e14": [764.8096360785, 0.079523301874543], "ele": [-26223.15412331309, 0.35808621611735203], "vdw": [3119.8721614352785, 0.12272525074087093]}}