{"a00": {"total": [-22017.40546980827, 0.5344410936837167], "bond": [40.113972526114566, 0.09584215456289237], "ang": [91.75266473822022, 0.5589421300504548], "dih": [157.19847125018842, 0.9709595879060429], "v14": [39.20307019009353, 0.07016282204167584], "e14": [761.6719254359396, 0.6135775036527641], "ele": [-26223.96301162574, 0.9287527182341141], "vdw": [3116.6174376769295, 0.349319795221818]}, "r00": {"total": [-22018.15573819046, 0.1983721724430898], "bond": [40.86556805081233, 0.05846059707865082], "ang": [94.80582794771259, 0.2108163343965632], "dih": [149.4574091284567, 0.5346492754278896], "v14": [38.597411385611224, 0.02878419750734312], "e14": [759.9839261974258, 0.13374015069313444], "ele": [-26222.120214141894, 0.48740198459783685], "vdw": [3120.2543332414075, 0.1248891129654306]}}