{"a000": {"total": [-22156.315256925882, 0.7865114423159526], "bond": [1092.6557497498181, 2.1276091476474877], "ele": [-26401.338927516405, 1.2873297222790723], "vdw": [3152.3679208407007, 0.1779275319232285]}, "p045": {"total": [-22145.859431832916, 0.14182542191209732], "bond": [1112.2332469718115, 0.07842176728126163], "ele": [-26410.770048986615, 0.23011054039232579], "vdw": [3152.6773701818934, 0.09941283070183149]}}