{"a00": {"total": [-22018.359539087487, 0.21143911718607475], "bond": [39.904508530695324, 0.04545387094492239], "ang": [90.82741478590127, 0.24972286309778852], "dih": [159.70708500669923, 0.578395070742083], "v14": [39.208778691992414, 0.031104419640896386], "e14": [763.1385128074518, 0.08760747085697916], "ele": [-26226.73445743346, 0.30271249830314584], "vdw": [3115.5886185232416, 0.18047188387526739]}, "r00": {"total": [-22019.01364884297, 0.548790507298272], "bond": [41.01718073106675, 0.09869836249077632], "ang": [95.67592446629347, 0.4902595855784623], "dih": [147.50193598696845, 1.176489888199129], "v14": [38.51656345235628, 0.05920395046527491], "e14": [759.2181167744733, 0.3813276371454682], "ele": [-26221.16552507988, 0.5267796542714068], "vdw": [3120.222154825743, 0.09722188312877238]}}