{"a000": {"total": [-22152.81610571565, 0.32032472491123515], "bond": [1103.2297830541418, 0.458444504143558], "ele": [-26406.419824721695, 0.3255075367978312], "vdw": [3150.3739359519177, 0.10198654348341317]}, "p045": {"total": [-22142.19545900919, 0.15433753342597162], "bond": [1117.1918968596158, 0.06597623248141127], "ele": [-26411.632269797545, 0.20149726618251343], "vdw": [3152.2449139287373, 0.08057504114484126]}}