{"a000": {"total": [-22156.315256925882, 0.7865114423159526], "bond": [37.01145211923526, 0.1944173550692371], "ang": [90.16907699464326, 0.949183054515817], "dih": [152.4588481080205, 2.1504238546589884], "v14": [49.4107936749698, 0.2258566080990303], "e14": [763.6055788529495, 1.0541510237240712], "ele": [-26401.338927516405, 1.2873297222790723], "vdw": [3152.3679208407007, 0.1779275319232285]}, "p045": {"total": [-22145.859431832916, 0.14182542191209732], "bond": [35.64900738230322, 0.005315867527667356], "ang": [82.92393931532858, 0.026493214220239127], "dih": [170.04208858071655, 0.04231992589869701], "v14": [50.04702093231453, 0.007249070787349461], "e14": [773.5711907611491, 0.06231884023037371], "ele": [-26410.770048986615, 0.23011054039232579], "vdw": [3152.6773701818934, 0.09941283070183149]}}