{"a00": {"total": [-22014.653203371294, 0.5627647784103585], "bond": [40.12698426403491, 0.11675525010329402], "ang": [92.03233420311041, 0.5324320213203186], "dih": [157.3712105776577, 0.9138380638218283], "v14": [39.459241800904366, 0.20673924540990174], "e14": [768.0823536009103, 0.6012152776553923], "ele": [-26227.5413238074, 0.4998448855318781], "vdw": [3115.815995989496, 0.39376794897788414]}, "r00": {"total": [-22015.612593117596, 0.33928476694153603], "bond": [41.006593922275734, 0.029021226656172322], "ang": [95.60995294387118, 0.15064308037495852], "dih": [147.55124063167239, 0.35104462197751896], "v14": [38.58030069907026, 0.061927060851511846], "e14": [764.4849294209636, 0.266434961786566], "ele": [-26222.691306043555, 0.4312031095085615], "vdw": [3119.8456953081213, 0.09994711263383471]}}