{"a000": {"total": [-22155.0474033574, 0.3533680095175583], "bond": [36.52118761540492, 0.14555691245673227], "ang": [88.15485773047345, 0.5228838784901287], "dih": [158.17078835626074, 1.2161654561966315], "v14": [49.67014082600451, 0.10070805890347667], "e14": [765.5100094300267, 0.9291353359494069], "ele": [-26403.996575368106, 1.4297217111868], "vdw": [3150.922188052525, 0.2858498522266169]}, "p045": {"total": [-22145.568598651105, 0.14142403798010672], "bond": [35.654132585290434, 0.007656005938268074], "ang": [82.91525583260406, 0.02584995327048803], "dih": [170.10985535900002, 0.03754249023994757], "v14": [50.03313631186108, 0.012277612654077038], "e14": [773.537493975699, 0.11279248958069966], "ele": [-26410.463588955114, 0.2527730653798606], "vdw": [3152.6451162395515, 0.08393093587208651]}}