{"a000": {"total": [-22152.628916551763, 0.22821674845904363], "bond": [36.21172341405783, 0.12354374007428912], "ang": [86.16504594398252, 0.5948841260157506], "dih": [161.0455348648842, 1.2978513962136506], "v14": [49.62443895472343, 0.06882471009878251], "e14": [770.9212200839521, 0.45041197613427425], "ele": [-26406.808565544423, 0.796219306731153], "vdw": [3150.211685731056, 0.2530081917832951]}, "p045": {"total": [-22142.123702215293, 0.1537861393725552], "bond": [35.6637543714742, 0.006619249411501114], "ang": [82.88479027866249, 0.034074206137034324], "dih": [170.0716505452078, 0.041746618644866576], "v14": [50.03068343942426, 0.011724215157281198], "e14": [778.4293131770193, 0.1629067152965296], "ele": [-26411.434499395895, 0.25335030390930086], "vdw": [3152.2306053688076, 0.10231386726632057]}}