{"a000": {"total": [-22051.987446436407, 0.17028782676779608], "bond": [1164.6716120818983, 0.1377247425414976], "ele": [-26368.57626433235, 0.2061661961813904], "vdw": [3151.917205814073, 0.08664828504535649]}, "p045": {"total": [-22043.75061127003, 0.24187321579722895], "bond": [1176.8028267904558, 0.24833816661766278], "ele": [-26372.73933822002, 0.505046390321128], "vdw": [3152.1859001595267, 0.09297588628899188]}}