{"a000": {"total": [-22051.680562705485, 0.46107586468249057], "bond": [1163.5831222507088, 1.145069899976682], "ele": [-26367.333882841038, 0.6429372374747065], "vdw": [3152.070197884849, 0.2467965720356873]}, "p045": {"total": [-22043.49079109958, 0.18538156195474853], "bond": [1176.6754470562603, 0.5003831651299948], "ele": [-26372.283571120413, 0.5546012134177996], "vdw": [3152.117332964565, 0.11062561747413749]}}