{"a000": {"total": [-22051.987446436407, 0.17028782676779608], "bond": [35.168757023141815, 0.01560502920548373], "ang": [92.68302206859096, 0.0839319754542415], "dih": [163.84451909543057, 0.1253826952056402], "v14": [48.45838677187577, 0.008140478502873262], "e14": [824.5169271228584, 0.09634211086884252], "ele": [-26368.57626433235, 0.2061661961813904], "vdw": [3151.917205814073, 0.08664828504535649]}, "p045": {"total": [-22043.75061127003, 0.24187321579722895], "bond": [34.821868198891565, 0.011017071786348647], "ang": [90.02923812703078, 0.034476076933565754], "dih": [171.77252384295178, 0.03275697823083657], "v14": [48.425445596814434, 0.020056988484194502], "e14": [831.7537510247671, 0.2513267821231759], "ele": [-26372.73933822002, 0.505046390321128], "vdw": [3152.1859001595267, 0.09297588628899188]}}