{"a000": {"total": [-22152.285246579202, 0.23221627864592118], "bond": [36.39065227339452, 0.02773378335328182], "ang": [86.85871153522528, 0.11644159139162058], "dih": [164.02913782002548, 0.20965415103931448], "v14": [50.36048973721095, 0.024695336902021782], "e14": [800.6687897344555, 0.13715716727913038], "ele": [-26440.079096806952, 0.2670691422514031], "vdw": [3149.4860691274275, 0.13514556493150484]}, "p045": {"total": [-22143.2089941355, 0.1546752376230265], "bond": [36.02489294179141, 0.006670587717490585], "ang": [84.48960028521556, 0.022295908394753157], "dih": [170.76238503220222, 0.029678385626531332], "v14": [50.57768323215094, 0.004751040904959331], "e14": [806.8082489168888, 0.057919233593424074], "ele": [-26443.78422573072, 0.2269362348105342], "vdw": [3151.9124211869776, 0.09022217967347743]}}