{"a000": {"total": [-22152.285246579202, 0.23221627864592118], "bond": [1138.3077811003118, 0.18022788623430358], "ele": [-26440.079096806952, 0.2670691422514031], "vdw": [3149.4860691274275, 0.13514556493150484]}, "p045": {"total": [-22143.2089941355, 0.1546752376230265], "bond": [1148.6628104082488, 0.06959115058495692], "ele": [-26443.78422573072, 0.2269362348105342], "vdw": [3151.9124211869776, 0.09022217967347743]}}