{"a000": {"total": [-22151.025049783013, 0.5544841594235146], "bond": [37.35005388917983, 0.32441439269344924], "ang": [90.89279868154043, 1.5533889674704329], "dih": [155.11627246909032, 3.181313586174601], "v14": [50.68339259538602, 0.23627132015232644], "e14": [804.0826630786031, 1.2230307324435572], "ele": [-26440.86818876168, 1.4294451153470724], "vdw": [3151.717958264845, 0.8024389526093575]}, "p045": {"total": [-22141.73956040282, 0.14237979275807777], "bond": [36.19163635916424, 0.0065797198702413915], "ang": [84.68005403766689, 0.03492697579107383], "dih": [170.6359922065091, 0.03346982073627055], "v14": [51.027219275458535, 0.008719497797502937], "e14": [812.6092747484768, 0.10677691332270767], "ele": [-26448.980418283307, 0.21255709984357732], "vdw": [3152.0966812532256, 0.08169213076966621]}}