{"a000": {"total": [-22151.990730008758, 0.25339048572985035], "bond": [36.90594033584796, 0.21038088082326267], "ang": [89.92204169460032, 0.9969093588754406], "dih": [158.23006170496154, 2.372713732128519], "v14": [50.36034645534853, 0.30784976013962806], "e14": [801.6090755905293, 1.5201157234994969], "ele": [-26439.618618604378, 2.4801324352482013], "vdw": [3150.6004228143406, 0.3906781795233057]}, "p045": {"total": [-22141.665611857927, 0.1581800615063185], "bond": [36.1816765332785, 0.006509975853367689], "ang": [84.67119737768286, 0.030842537501638807], "dih": [170.68630024240653, 0.027496585856124096], "v14": [51.03225440375848, 0.00888554560982988], "e14": [812.7068111933362, 0.09636993765778637], "ele": [-26448.911004093447, 0.240588631790144], "vdw": [3151.9671524850655, 0.1085237722249543]}}