{"a00": {"total": [-22015.192199920097, 0.24233025260611443], "bond": [40.35543470436166, 0.06580765887717265], "ang": [92.49275858133065, 0.3078022927544477], "dih": [159.96935079728703, 0.5085765596688593], "v14": [39.7566601333108, 0.05720245471493683], "e14": [795.1472122187394, 0.25998009796436294], "ele": [-26258.059189306685, 0.3929633051519837], "vdw": [3115.145572951565, 0.10798460288929426]}, "r00": {"total": [-22013.77377567554, 0.8258177244600691], "bond": [41.41017689690506, 0.06236377337468188], "ang": [96.4182207862749, 0.3753343695170676], "dih": [150.83480960413735, 1.0269302172261003], "v14": [39.81807910265758, 0.3830504557168551], "e14": [794.8326399333378, 1.3117766560361819], "ele": [-26256.47587103888, 1.4047392755688786], "vdw": [3119.388169040021, 0.1276853452960303]}}