{"a000": {"total": [-22151.025049783013, 0.5544841594235146], "bond": [1138.1251807137994, 2.5581313164608446], "ele": [-26440.86818876168, 1.4294451153470724], "vdw": [3151.717958264845, 0.8024389526093575]}, "p045": {"total": [-22141.73956040282, 0.14237979275807777], "bond": [1155.1441766272753, 0.10693653384626273], "ele": [-26448.980418283307, 0.21255709984357732], "vdw": [3152.0966812532256, 0.08169213076966621]}}