{"a000": {"total": [-22151.990730008758, 0.25339048572985035], "bond": [1137.0274657812874, 2.9951140069847457], "ele": [-26439.618618604378, 2.4801324352482013], "vdw": [3150.6004228143406, 0.3906781795233057]}, "p045": {"total": [-22141.665611857927, 0.1581800615063185], "bond": [1155.2782397504627, 0.08922148450824419], "ele": [-26448.911004093447, 0.240588631790144], "vdw": [3151.9671524850655, 0.1085237722249543]}}