{"a00": {"total": [-22016.430400514833, 0.21366313431090606], "bond": [39.590174060027095, 0.06254696596189684], "ang": [89.2369929207714, 0.28941621931139444], "dih": [159.1107584735573, 0.6561853473558239], "v14": [38.618542020361375, 0.03902753615487693], "e14": [769.296005790394, 0.08737229818636692], "ele": [-26229.544798131872, 0.348244007868915], "vdw": [3117.261924351924, 0.18936758516028532]}, "r00": {"total": [-22014.86516805857, 1.0586187676687289], "bond": [40.51955329327897, 0.05438081762612655], "ang": [93.07420776768483, 0.36031720102160875], "dih": [150.27361893163607, 1.1097178520505397], "v14": [38.8096714217121, 0.38242239110363274], "e14": [767.9689558520424, 1.1442794572968444], "ele": [-26227.131504790854, 1.0591360649783133], "vdw": [3121.620329465938, 0.14192372313821366]}}