{"a000": {"total": [-22153.543727232187, 0.4909044268333828], "bond": [36.280917491353634, 0.2759570963869914], "ang": [86.55573482492996, 1.4371137356480885], "dih": [157.57794645923633, 3.094920265094402], "v14": [49.020003681965505, 0.14454878818311348], "e14": [772.0745742402761, 1.1606401002917228], "ele": [-26408.026197618827, 1.7316526159365997], "vdw": [3152.9732936888786, 0.29187743238304953]}, "p045": {"total": [-22143.240216647522, 0.21596303944688805], "bond": [35.34083767816806, 0.005554582899830957], "ang": [81.45049882851659, 0.02895038104637788], "dih": [170.09552769286864, 0.05342399849974664], "v14": [49.52719977907373, 0.008374328622895388], "e14": [779.8999760251556, 0.07843797239145499], "ele": [-26413.74181043663, 0.26467199255304924], "vdw": [3154.187553785338, 0.11655222339729998]}}