{"a000": {"total": [-22153.543727232187, 0.4909044268333828], "bond": [1101.5091766977616, 2.4987955647560094], "ele": [-26408.026197618827, 1.7316526159365997], "vdw": [3152.9732936888786, 0.29187743238304953]}, "p045": {"total": [-22143.240216647522, 0.21596303944688805], "bond": [1116.3140400037826, 0.09339883671761211], "ele": [-26413.74181043663, 0.26467199255304924], "vdw": [3154.187553785338, 0.11655222339729998]}}