{"a000": {"total": [-22153.317915439115, 0.15468926746752115], "bond": [1102.9072442849067, 0.2689614679406522], "ele": [-26408.641565049056, 0.23390120894052413], "vdw": [3152.4164053250233, 0.12640120363644322]}, "p045": {"total": [-22143.573269536206, 0.1541309771147077], "bond": [1116.2109475707593, 0.07400467303940568], "ele": [-26413.954537284713, 0.27788640410789733], "vdw": [3154.170320177744, 0.14826609227550544]}}