{"a000": {"total": [-22148.880222889264, 0.5252378008569698], "bond": [1136.5335064880364, 1.463264322635402], "ele": [-26443.15149990672, 0.9095268269573618], "vdw": [3157.737770529421, 0.21379685389755476]}, "p045": {"total": [-22139.325781484204, 0.15668003933379257], "bond": [1155.6318343912317, 0.06473864480067167], "ele": [-26451.680328993567, 0.198291225881121], "vdw": [3156.7227131181257, 0.0820207760153984]}}