{"a000": {"total": [-22148.33763862868, 1.0198450819355656], "bond": [35.27882298249216, 0.1330088842696538], "ang": [90.31312009680565, 0.5954333270886217], "dih": [152.9002330549776, 1.7079326097261989], "v14": [46.520324673223726, 0.18511848035212913], "e14": [813.7244028890394, 0.9635593872246946], "ele": [-26444.446198649333, 1.1339729403662788], "vdw": [3157.3716563241223, 0.16756845889606317]}, "p045": {"total": [-22139.33574384508, 0.17500725957021823], "bond": [34.08331032935966, 0.008306646963711632], "ang": [83.33592163653289, 0.048365907307743025], "dih": [168.74414776803295, 0.033177205195522495], "v14": [46.857485075405705, 0.018754319016246596], "e14": [822.5159337011049, 0.23916470123173939], "ele": [-26451.811461913752, 0.40104459027448863], "vdw": [3156.9389195582366, 0.09908031146528677]}}