{"a00": {"total": [-19982.762523190115, 0.3134841851128567], "bond": [31.50919854004682, 0.060401407496263514], "ang": [78.13425599622437, 0.2858660941525985], "dih": [135.86286269520156, 0.6191230174324298], "v14": [30.0609094045073, 0.024596425099196427], "e14": [703.2732022772427, 0.08943181042987387], "ele": [-23799.446242072896, 0.3369905925109181], "vdw": [2837.843289969556, 0.24490412561958166]}, "r00": {"total": [-19983.200489377952, 0.545074322863236], "bond": [32.752553755122015, 0.13472160094218477], "ang": [82.27016193257589, 0.1493907299032561], "dih": [125.48266413387414, 0.6071315774025396], "v14": [30.43375230057936, 0.32165285563181056], "e14": [706.1274713183855, 0.7518441543188096], "ele": [-23801.776091525506, 0.6285174722847748], "vdw": [2841.5089987069946, 0.2755351077274885]}}