{"a00": {"total": [-20020.636516513954, 0.20269532565942566], "bond": [30.420424182731164, 0.01148181247005563], "ang": [79.03934334737, 0.0245771317249267], "dih": [79.9918074706412, 0.045348300859862134], "v14": [31.81560678875515, 0.004154161559305897], "e14": [718.7962522921204, 0.06009156709173075], "ele": [-23808.771331351432, 0.28554401526174295], "vdw": [2848.0713807558477, 0.12013320568418846]}, "r00": {"total": [-20017.761543746106, 0.22677581251714324], "bond": [30.987639163140514, 0.009416941515717472], "ang": [80.82082716947751, 0.029563669682692858], "dih": [76.71523010084583, 0.03369022941317708], "v14": [31.927681611140812, 0.00585031237822934], "e14": [720.5694527209998, 0.04363878428194844], "ele": [-23810.508702708084, 0.3324860367705668], "vdw": [2851.7263281963865, 0.13884675916874198]}}