{"a000": {"total": [-20100.300925859494, 0.15107570022495473], "bond": [29.086892209169335, 0.011449190854948799], "ang": [75.17318622624111, 0.07089459597456282], "dih": [141.4159948914416, 0.12772947268279033], "v14": [39.7463046912937, 0.004589265547447625], "e14": [706.1679633637011, 0.05491582086264376], "ele": [-23960.93434489686, 0.23914994648169313], "vdw": [2869.04307765553, 0.10660023769366632]}, "p045": {"total": [-20093.297783759455, 0.13824707730036184], "bond": [28.8002193600068, 0.0052808776443310605], "ang": [74.51784613045582, 0.017923508191458076], "dih": [143.54737610965083, 0.03189577782225781], "v14": [40.392648737102135, 0.007143095201632236], "e14": [711.963339248552, 0.054512370984803014], "ele": [-23962.643680977988, 0.19462251406586936], "vdw": [2870.1244676327683, 0.08405244344588275]}, "r014": {"total": [-20099.114595785668, 0.3119025926766075], "bond": [30.231064884789372, 0.08227032952048612], "ang": [80.27316457991654, 0.07328184320616485], "dih": [130.1715574322844, 0.4113641861862699], "v14": [39.89338858545666, 0.18893297245152435], "e14": [707.4650518080981, 0.49356056004873744], "ele": [-23960.4148237063, 0.5879923915150419], "vdw": [2873.2660006300953, 0.11605514928995002]}}