{"a00": {"total": [-20020.95184450728, 0.3270996274358577], "bond": [30.662329039203378, 0.007178701548630358], "ang": [79.93059639423257, 0.024214130475823156], "dih": [77.77181836335616, 0.0344257851881447], "v14": [32.14771142942187, 0.004260433352699288], "e14": [720.6247811646286, 0.05513084144707691], "ele": [-23811.503870902383, 0.37420705995125936], "vdw": [2849.4147900042467, 0.10313810420075947]}, "r00": {"total": [-20017.9000006979, 0.20360855453918542], "bond": [31.004467310067298, 0.00854145789219733], "ang": [80.92803040279958, 0.03171408714830004], "dih": [76.60741227091692, 0.03949718109361796], "v14": [31.91346911618657, 0.005133860700282048], "e14": [720.4917480478696, 0.04364537115033885], "ele": [-23810.799823842117, 0.3031669031264644], "vdw": [2851.9546959963905, 0.12362317133486736]}}