{"a00": {"total": [-20063.47647129793, 0.2979147244843499], "bond": [32.59225816243464, 0.16128182309114117], "ang": [80.42350197245396, 0.6090166719690684], "dih": [133.00681224920947, 1.4172350509473057], "v14": [30.44573991195496, 0.08732332217085101], "e14": [695.2237378443529, 0.3736416818511221], "ele": [-23874.04229810422, 0.5138718247391889], "vdw": [2838.873776665884, 0.4458233834198437]}, "r00": {"total": [-20063.406383453534, 0.6182097001060177], "bond": [33.10000652067833, 0.14941626771069205], "ang": [82.02408731707683, 0.14535993436389116], "dih": [128.13568591512455, 0.7065856844974303], "v14": [30.425441381378683, 0.3553814849692408], "e14": [694.6598685084252, 0.8433543356256131], "ele": [-23873.066742924428, 1.0090108433689897], "vdw": [2841.3152698282024, 0.26533668985457]}}