{"a00": {"total": [-20091.178255941828, 0.26050464421763736], "bond": [31.08204539797968, 0.006295695005651628], "ang": [79.6060266354325, 0.014570639129974727], "dih": [84.92516430257874, 0.021962364707948268], "v14": [32.43618499012544, 0.017387860552496005], "e14": [710.3151216852826, 0.050392622110924504], "ele": [-23881.878839761997, 0.3973617984863611], "vdw": [2852.336040808774, 0.1336477773562447]}, "r00": {"total": [-20086.597412166648, 0.28528398649889625], "bond": [31.52217502228991, 0.010762616643174462], "ang": [81.03846981125236, 0.03316652498527187], "dih": [82.55159813661611, 0.04205542753698007], "v14": [32.6680869718524, 0.005778819353895425], "e14": [709.3493706614912, 0.04920411129216263], "ele": [-23879.080705333738, 0.38294290052185437], "vdw": [2855.3535925635724, 0.1384895909375993]}}