{"a000": {"total": [-20188.01128844965, 0.21653840696192783], "bond": [30.41625910037638, 0.08686702829918422], "ang": [78.10063887373445, 0.19311887728292967], "dih": [130.68926835911435, 0.5643832344359285], "v14": [40.30093728787006, 0.09825527885407732], "e14": [699.224917553101, 0.37879428064320225], "ele": [-24038.5052294463, 0.5921191738871167], "vdw": [2871.761919822462, 0.1478822918545095]}, "p045": {"total": [-20180.393591247594, 0.13958932591602355], "bond": [29.09806594295716, 0.0050693722105005804], "ang": [72.51242532095154, 0.0186283400129287], "dih": [142.67561618089317, 0.03438002504387027], "v14": [40.44090736062322, 0.004086108085729545], "e14": [702.2695107846133, 0.05677502910815946], "ele": [-24037.553637818713, 0.1996172014201012], "vdw": [2870.1635209810934, 0.09066866758878529]}, "r014": {"total": [-20187.338983088375, 0.5989152732292777], "bond": [30.710588139593145, 0.19267137789453787], "ang": [78.26605464732529, 0.04863783961281963], "dih": [128.31790348634263, 1.045842933838979], "v14": [40.0655774086045, 0.2565442813740588], "e14": [697.7333821818198, 0.43479369144494395], "ele": [-24035.98636133964, 0.5048539357592695], "vdw": [2873.553872387583, 0.17833877841326537]}}