{"a000": {"total": [-20187.792130036334, 0.16894240532861632], "bond": [29.85238818650392, 0.06250351911359923], "ang": [75.97387738177355, 0.33934946765120516], "dih": [135.30118158612018, 0.7907761132421789], "v14": [39.72574982236104, 0.02368251174751674], "e14": [698.2331096427968, 0.1952990013530622], "ele": [-24037.630834915723, 0.3308914497416889], "vdw": [2870.752398259817, 0.2510272846597788]}, "p045": {"total": [-20180.564745620184, 0.15078574412812487], "bond": [29.10453187714338, 0.007068074213815977], "ang": [72.52172431193422, 0.017586314832363906], "dih": [142.63877259931425, 0.025655155909170554], "v14": [40.445637740404095, 0.0034491881086739944], "e14": [702.231291801167, 0.04125581214841003], "ele": [-24037.80009901922, 0.2045355146074547], "vdw": [2870.2933950690863, 0.09030436547676675]}, "r014": {"total": [-20185.933618249066, 0.17403242964155066], "bond": [30.369272187774328, 0.043440850215506414], "ang": [78.2541824234839, 0.045429655601097726], "dih": [130.1977896304163, 0.18951905380979844], "v14": [39.69902822540565, 0.09899998931745119], "e14": [697.1813728555657, 0.25696275080573594], "ele": [-24035.051550746797, 0.31626109677618935], "vdw": [2873.416287175085, 0.1327586719427808]}}