{"a00": {"total": [-20091.778755623083, 0.3431873035642987], "bond": [31.351899968034324, 0.007774422348861436], "ang": [80.98936274889174, 0.03587731050969765], "dih": [82.41734832673008, 0.028293809713814608], "v14": [32.92638764303699, 0.004696324342091693], "e14": [711.1477225519815, 0.04676458857905029], "ele": [-23884.903691497522, 0.45189207265721454], "vdw": [2854.292214635754, 0.11601282956735404]}, "r00": {"total": [-20086.84739063377, 0.27613153893676967], "bond": [31.526947588016608, 0.009501970997561861], "ang": [81.09537492590438, 0.035981466144864804], "dih": [82.49470625385308, 0.044313110812120506], "v14": [32.65289007586438, 0.006601593974807195], "e14": [709.3505919324356, 0.046245743306943525], "ele": [-23879.411328123068, 0.39735096304537165], "vdw": [2855.4434267132237, 0.14391823666723602]}}