{"a00": {"total": [-20064.181362986612, 0.1557550091615955], "bond": [32.42076625864854, 0.016015924961950843], "ang": [80.25705480762939, 0.07519510000712568], "dih": [134.44497089132, 0.16241394370256199], "v14": [30.37910858349854, 0.006116392749171898], "e14": [695.1040557110268, 0.04667362383791659], "ele": [-23875.82257797145, 0.20718653106847315], "vdw": [2839.0352587327266, 0.09248545301336726]}, "r00": {"total": [-20062.642655221338, 0.24635073624487197], "bond": [32.910543375131084, 0.011489843036111553], "ang": [82.05169310725044, 0.05169822356093524], "dih": [129.34707151905508, 0.15322260837846383], "v14": [30.056691896894506, 0.03686648524894333], "e14": [694.0108942833049, 0.13776108115576247], "ele": [-23872.185979802194, 0.3420290902282829], "vdw": [2841.16643039921, 0.15170861785021833]}}