{"a000": {"total": [-19992.991558670838, 0.16151004104925626], "bond": [970.0888668719709, 0.1242726625640969], "ele": [-23822.955512864024, 0.22293846300316783], "vdw": [2859.8750873212325, 0.10814068528501243]}, "p045": {"total": [-19985.156158097987, 0.13160727351088736], "bond": [976.6073187093373, 0.0670803436965246], "ele": [-23821.407984424135, 0.1905994033959879], "vdw": [2859.644507616794, 0.10722661514527536]}}