{"a00": {"total": [-19876.070440779346, 0.7035468857411102], "bond": [32.64618912002624, 0.19185260988229572], "ang": [79.08233800777414, 0.3176882778860648], "dih": [132.4853687592067, 1.4377368970530782], "v14": [31.052323618257315, 0.2429268578825675], "e14": [679.154761155779, 0.5604840251076569], "ele": [-23660.467909637122, 0.46128588786156566], "vdw": [2829.9764881967376, 0.26704376952159414]}, "r00": {"total": [-19875.090991445, 0.19458159521433377], "bond": [32.6782361967297, 0.04991440972872822], "ang": [79.96586257347654, 0.1014164616480371], "dih": [130.64721774824864, 0.2812649347304552], "v14": [30.436913415432645, 0.1854570762392628], "e14": [676.3851328297471, 0.3734346653806956], "ele": [-23657.091969121357, 0.38811607971964857], "vdw": [2831.887614912719, 0.17168229741961652]}}