{"a00": {"total": [-19909.832169683705, 0.22472432440568307], "bond": [30.991623642964687, 0.007074018978162642], "ang": [78.25120375271796, 0.01738392406723044], "dih": [81.13609742526157, 0.023743574333281503], "v14": [32.82425483382654, 0.0045189697329206585], "e14": [692.7000574264667, 0.047963791408579544], "ele": [-23668.85885656946, 0.3418764607842062], "vdw": [2843.123449804529, 0.14370479263492145]}, "r00": {"total": [-19904.85757874114, 0.21701211076219634], "bond": [31.1645392893804, 0.009618878170026823], "ang": [78.75172044314573, 0.04933533354191906], "dih": [80.86001763759178, 0.04578446759868051], "v14": [32.82192371011659, 0.004863638355273011], "e14": [691.4083704904469, 0.04018117159128816], "ele": [-23665.13225322093, 0.27539993012171404], "vdw": [2845.2681029091195, 0.09966186597943011]}}