{"a00": {"total": [-19909.382416137687, 0.20067732142386485], "bond": [30.9754981227774, 0.008046047450939838], "ang": [77.96639690414048, 0.024781278334306857], "dih": [81.87988040448698, 0.03572107216996349], "v14": [32.81509995988783, 0.00515156981830986], "e14": [692.268715472526, 0.06986214356402179], "ele": [-23667.345646847632, 0.28070734852652446], "vdw": [2842.0576398461108, 0.10196316988162728]}, "r00": {"total": [-19904.91268804771, 0.20380743738417537], "bond": [31.178805558139068, 0.011453648614893081], "ang": [78.78713864587446, 0.04578652404182849], "dih": [80.79763945750379, 0.05210198673062097], "v14": [32.81541362545388, 0.0055462524238148935], "e14": [691.4284178803132, 0.04997599142425454], "ele": [-23665.114685186407, 0.2860511612941266], "vdw": [2845.194581971385, 0.09940983295799377]}}