{"a000": {"total": [-19982.52072108155, 0.20273777217248867], "bond": [986.2057174117224, 0.1945623057682827], "ele": [-23823.331745420302, 0.24104687739139696], "vdw": [2854.6053069270197, 0.0951963165604047]}, "p045": {"total": [-19973.378696401185, 0.13674037944810807], "bond": [992.7481248185208, 0.09661183045578685], "ele": [-23821.382888747492, 0.19005728858067897], "vdw": [2855.256067527779, 0.07802285328682118]}}