{"a00": {"total": [-19892.112248389923, 0.22787873306110895], "bond": [32.363443439927956, 0.020488660783414683], "ang": [84.76776976833678, 0.09019504951705831], "dih": [87.39717100980319, 0.13214321765956605], "v14": [35.07397263609228, 0.009852676106869665], "e14": [694.63971330752, 0.09927441222373208], "ele": [-23665.792834970736, 0.31920185031487913], "vdw": [2839.438516419118, 0.11726424074642147]}, "r00": {"total": [-19892.01940482942, 0.23572674309757868], "bond": [32.60881711699444, 0.008200850026859408], "ang": [85.65707847831196, 0.023702529146764406], "dih": [85.17776831901637, 0.034419915343781096], "v14": [34.81430400830645, 0.008097868094891688], "e14": [694.9904581840703, 0.059945715086550944], "ele": [-23665.895014975184, 0.3117596256674149], "vdw": [2840.6271840390705, 0.12554430886542498]}}