{"a00": {"total": [-19897.169320225436, 0.21296473932651372], "bond": [32.65927546533898, 0.0070292007235551865], "ang": [86.33170098415843, 0.020027088853613782], "dih": [84.08440993895601, 0.043586905207832476], "v14": [34.83496768411059, 0.005862154226267316], "e14": [697.6116727662209, 0.06345759944453494], "ele": [-23670.748148764294, 0.2989429172254563], "vdw": [2838.056801700074, 0.11108304208529272]}, "r00": {"total": [-19891.90023950715, 0.2722165264437044], "bond": [32.615330886427586, 0.009889730518670889], "ang": [85.70198251315712, 0.0335203302827043], "dih": [85.10662625374682, 0.04831674541308431], "v14": [34.813441216362385, 0.006138720416523854], "e14": [695.0546187179267, 0.05367235964988192], "ele": [-23665.781116391285, 0.368597914444313], "vdw": [2840.588877296499, 0.13173137911534188]}}