{"a000": {"total": [-19980.230660834484, 0.19050304197060663], "bond": [981.8557040424856, 0.5045391575348754], "ele": [-23818.800174851916, 0.43705579208715645], "vdw": [2856.7138099749495, 0.09922877273804792]}, "p045": {"total": [-19973.601324575353, 0.1880803557657478], "bond": [992.6264895772968, 0.0505575029099544], "ele": [-23821.42349479127, 0.22802835728857015], "vdw": [2855.195680638623, 0.0987147014852515]}}