{"a000": {"total": [-19975.334258340758, 0.4001243405140982], "bond": [31.692086193863016, 0.05568555648559366], "ang": [90.21523209707033, 0.17155561499211106], "dih": [144.9296558713978, 0.38158750660809265], "v14": [42.7587849857566, 0.07571485161868782], "e14": [683.8607133296347, 0.17407652117068242], "ele": [-23823.411278093645, 0.41571450386229003], "vdw": [2854.620547275169, 0.17855357231132096]}, "p045": {"total": [-19965.854894396343, 0.16776646413817656], "bond": [30.776364840916727, 0.007643964047227517], "ang": [85.7442895707169, 0.045498531312748405], "dih": [153.7675717806035, 0.03737824232416332], "v14": [43.25115518752606, 0.013424213560243784], "e14": [686.3596703674762, 0.08794852138707368], "ele": [-23820.791305167888, 0.2496316937869226], "vdw": [2855.0373590243103, 0.08831866731446768]}, "r014": {"total": [-19971.462960681878, 0.2203574910606254], "bond": [32.1143462836512, 0.048412368712654905], "ang": [91.56402402805637, 0.07437619505076595], "dih": [140.94543478405174, 0.1771894531039515], "v14": [42.59566532711604, 0.08613695488298491], "e14": [681.1772280453519, 0.2140446831928787], "ele": [-23818.16586222325, 0.3152216025763109], "vdw": [2858.3062030731526, 0.10909925202083019]}}