{"a00": {"total": [-19892.36299166095, 0.23890909699128993], "bond": [33.20975645588727, 0.007134297197001566], "ang": [88.8127707276783, 0.01918667452311159], "dih": [88.02554751033946, 0.02860804476749912], "v14": [35.32462777840176, 0.00427065948327381], "e14": [695.8764824529237, 0.05148547313236769], "ele": [-23670.580604880244, 0.3301941350888073], "vdw": [2836.968428294061, 0.11380055476256587]}, "r00": {"total": [-19886.183876274332, 0.21971574271396982], "bond": [33.26363925889113, 0.009303347375586593], "ang": [89.72878802413011, 0.03343875685474148], "dih": [87.07254574082573, 0.04890366612744949], "v14": [34.70878642117777, 0.010284413919690887], "e14": [694.3568446939115, 0.06604307913607356], "ele": [-23665.41059558341, 0.3100064072792232], "vdw": [2840.0961151701395, 0.10946057818069331]}}