{"a000": {"total": [-19975.334258340758, 0.4001243405140982], "bond": [993.4564724777229, 0.2063584556114186], "ele": [-23823.411278093645, 0.41571450386229003], "vdw": [2854.620547275169, 0.17855357231132096]}, "p045": {"total": [-19965.854894396343, 0.16776646413817656], "bond": [999.8990517472398, 0.1257558951158821], "ele": [-23820.791305167888, 0.2496316937869226], "vdw": [2855.0373590243103, 0.08831866731446768]}}