{"a00": {"total": [-19885.779532793924, 0.2393698458593798], "bond": [33.03816713485133, 0.018608277181885687], "ang": [89.05051555125702, 0.09604767892309446], "dih": [89.0513986136131, 0.1284170443798558], "v14": [34.946401886080366, 0.01697644247006626], "e14": [693.6828889599573, 0.10181342778535019], "ele": [-23664.964609672686, 0.36482799618557843], "vdw": [2839.415704733008, 0.12876347114860773]}, "r00": {"total": [-19886.468368823305, 0.22973573610863174], "bond": [33.26503724993022, 0.008625264471259804], "ang": [89.76367716644766, 0.033978933142501326], "dih": [86.990352617565, 0.04746773123032583], "v14": [34.70988867987548, 0.007482141569630167], "e14": [694.3606881847556, 0.08626285076186324], "ele": [-23665.8734407386, 0.30966602466678955], "vdw": [2840.31542801673, 0.11161702261131887]}}