{"a00": {"total": [-19857.828085488472, 0.2811323690496704], "bond": [34.32565409591817, 0.010023272756275656], "ang": [91.06188531958361, 0.032978140832464475], "dih": [141.75088721403526, 0.09217790293948047], "v14": [32.95101826762592, 0.010197110646887369], "e14": [680.6992796396191, 0.12922626429288592], "ele": [-23660.787994727998, 0.40383707178143985], "vdw": [2822.171184702729, 0.11933037335291503]}, "r00": {"total": [-19854.832979314102, 0.15914808471454092], "bond": [34.77998791633306, 0.010958474161713383], "ang": [92.69165559667613, 0.05097779767726297], "dih": [137.0192748377368, 0.14627960886226465], "v14": [32.52795280098225, 0.010247401406313262], "e14": [678.034257809827, 0.113145444102118], "ele": [-23656.821089977013, 0.2077759895947766], "vdw": [2826.934981701389, 0.15208256490127312]}}