{"a00": {"total": [-19855.528152682677, 0.22569219740612823], "bond": [34.58286597923624, 0.06135230533848043], "ang": [91.71053640233289, 0.1753084047636028], "dih": [139.09260181928784, 0.3185391958328827], "v14": [33.050196845723875, 0.09757680809673079], "e14": [678.8699721185841, 0.21365760267855996], "ele": [-23657.727014099168, 0.357477231220456], "vdw": [2824.8926882513124, 0.14667646902614243]}, "r00": {"total": [-19854.731256010782, 0.21929728547495414], "bond": [34.787512228730996, 0.018853487041004535], "ang": [92.71690442063371, 0.06583831125037343], "dih": [136.84077203931204, 0.19615622296477664], "v14": [32.52188288702799, 0.008821363803849253], "e14": [677.8348796448934, 0.13318235637753176], "ele": [-23656.58800577309, 0.22994801534282439], "vdw": [2827.1547985416996, 0.1760415128488879]}}