{"a00": {"total": [-19901.427398910324, 0.20600649591395104], "bond": [31.475605196107356, 0.007419167319092796], "ang": [83.09285104368739, 0.0180380279460134], "dih": [85.94529649410327, 0.02721731742630873], "v14": [32.59263009062857, 0.004340173644464152], "e14": [695.994400235715, 0.04392616071723035], "ele": [-23671.64643630798, 0.29049493523235137], "vdw": [2841.1182543374216, 0.11233425701374931]}, "r00": {"total": [-19896.568173243064, 0.21043442682788882], "bond": [31.535942485166565, 0.017084000394463325], "ang": [83.06697070290032, 0.036012826685211746], "dih": [86.19988487932116, 0.041708823384818725], "v14": [32.63566594078927, 0.0055004841602594255], "e14": [694.2755332799649, 0.04303992230113938], "ele": [-23667.771717378502, 0.2885568785393695], "vdw": [2843.489546847294, 0.1060318261812908]}}