{"a000": {"total": [-19937.57488581669, 0.14136804851188756], "bond": [30.217263376630033, 0.03500745219434242], "ang": [133.79019159205248, 0.10393056871096248], "dih": [141.5690026612383, 0.2704977330305639], "v14": [39.65351031244806, 0.042187822617077604], "e14": [684.4964003492554, 0.08781137789419739], "ele": [-23825.424001056665, 0.18658588954773583], "vdw": [2858.1227469483274, 0.10543317103826895]}, "p045": {"total": [-19930.012505854513, 0.22318720256043373], "bond": [29.37501598729587, 0.004918613297062741], "ang": [129.66133275487744, 0.014877254667958476], "dih": [149.4708553143415, 0.028751295076036597], "v14": [40.32743543390611, 0.003414769254416786], "e14": [687.1657651070788, 0.04024307653575399], "ele": [-23824.098662477427, 0.3298916741090498], "vdw": [2858.0857520254062, 0.11958356389040163]}, "r014": {"total": [-19935.62015328064, 0.27675763146803406], "bond": [30.70783026632592, 0.07112545125183889], "ang": [135.42865004574514, 0.0593527469707916], "dih": [136.64411971703436, 0.40502792212165334], "v14": [39.66015629082568, 0.1133897932396047], "e14": [682.1989547565553, 0.306879310547629], "ele": [-23821.800010862, 0.35851841296471515], "vdw": [2861.5401465048717, 0.12077086031594265]}}