{"a000": {"total": [-19936.59101735862, 0.18817809317135833], "bond": [1025.6628380486309, 0.2142605410558091], "ele": [-23821.956326590367, 0.29322794848236455], "vdw": [2859.702471183115, 0.1645084118094232]}, "p045": {"total": [-19929.47606056676, 0.1624563069041035], "bond": [1035.997531420808, 0.05651947938211005], "ele": [-23823.569593125074, 0.22065784350428344], "vdw": [2858.0960011374978, 0.08354228052059677]}}