{"a00": {"total": [-19900.921162405837, 0.23806669489185206], "bond": [31.443514854665786, 0.008676131941219082], "ang": [82.93989122542654, 0.034387792181705706], "dih": [86.20829408160276, 0.07012600844049935], "v14": [32.63047151631684, 0.006288869233019571], "e14": [695.5715976567465, 0.073246609164988], "ele": [-23670.39824788726, 0.35647227352839067], "vdw": [2840.683316146675, 0.13451534495014536]}, "r00": {"total": [-19897.0447774328, 0.3598007940634775], "bond": [31.535333412184333, 0.00856892400523126], "ang": [83.05829721954215, 0.026467762824215448], "dih": [86.1952510826184, 0.030862273271289025], "v14": [32.63236419986179, 0.006873237582253243], "e14": [694.2493165314448, 0.04299754247459468], "ele": [-23668.404994414283, 0.44638537543889667], "vdw": [2843.6896545358577, 0.10496361137139099]}}