{"a00": {"total": [-20020.072339033683, 0.21250087139037888], "bond": [31.111054370890567, 0.007728120348233118], "ang": [81.93786027005551, 0.014680215519850518], "dih": [80.54157075751515, 0.01836727568080515], "v14": [32.7790968925619, 0.005919249423254371], "e14": [721.0478201561888, 0.08502748287083284], "ele": [-23811.15772650228, 0.30095543614309866], "vdw": [2843.667985021383, 0.11633656071914762]}, "r00": {"total": [-20013.377528181594, 0.20691256368592278], "bond": [31.782464987241198, 0.008271111459667843], "ang": [84.06445776522172, 0.03591611847327678], "dih": [77.50467261542913, 0.05285846937255239], "v14": [32.7132752714355, 0.006766344597906091], "e14": [721.1919556631138, 0.04679344207579865], "ele": [-23809.223244203593, 0.28437524047197327], "vdw": [2848.588889719574, 0.11166441557389133]}}