{"a000": {"total": [-20097.88050777036, 0.19320610930031626], "bond": [999.9861135026754, 0.07175935009124262], "ele": [-23962.190400804324, 0.2062854531987489], "vdw": [2864.323779531294, 0.11321968949930904]}, "p045": {"total": [-20087.403439984533, 0.14396886226882907], "bond": [1006.0556415724543, 0.05849346437766523], "ele": [-23960.391951761085, 0.20601081546199188], "vdw": [2866.932870204092, 0.11264174217841533]}}