{"a000": {"total": [-20097.88050777036, 0.19320610930031626], "bond": [29.62087742258231, 0.008320899196462792], "ang": [77.58429266837678, 0.023473178788689836], "dih": [143.5981273646017, 0.030261885770524948], "v14": [40.96054338972913, 0.004065707146519156], "e14": [708.2222726573857, 0.06324534790711617], "ele": [-23962.190400804324, 0.2062854531987489], "vdw": [2864.323779531294, 0.11321968949930904]}, "p045": {"total": [-20087.403439984533, 0.14396886226882907], "bond": [29.504315290107513, 0.005654151692204082], "ang": [77.65917242324215, 0.016328308770258218], "dih": [144.93520928846365, 0.026403936228947135], "v14": [41.46945282035174, 0.005343614424882196], "e14": [712.487491750289, 0.04701546335421102], "ele": [-23960.391951761085, 0.20601081546199188], "vdw": [2866.932870204092, 0.11264174217841533]}, "r014": {"total": [-20093.182055032597, 0.28295956186428306], "bond": [30.84766109985822, 0.08312831888878203], "ang": [83.35373224918517, 0.08215390133607547], "dih": [132.21044634442728, 0.4265946532144825], "v14": [40.964115896031245, 0.1303138193388439], "e14": [707.9296217072509, 0.25883442921027616], "ele": [-23958.923804898728, 0.3569884670987851], "vdw": [2870.4361725693707, 0.09993852072927706]}}