{"a00": {"total": [-20020.02607987669, 0.21051214790246203], "bond": [31.19998915998193, 0.006327351947682856], "ang": [82.3106932592699, 0.0127048791302894], "dih": [79.72389203178427, 0.028738720304503806], "v14": [33.12695700927983, 0.004494194604991901], "e14": [722.1331348334674, 0.07559578357338166], "ele": [-23813.448770326904, 0.29992864401433844], "vdw": [2844.9280241564256, 0.12115003201946285]}, "r00": {"total": [-20013.100204570965, 0.22551315577583647], "bond": [31.77508004961589, 0.008935099775230017], "ang": [84.00884695599648, 0.031795253894629345], "dih": [77.57276921574918, 0.03355767663925419], "v14": [32.717717870378245, 0.00697759200651384], "e14": [721.1668070509015, 0.05455103700485935], "ele": [-23808.763862964923, 0.30330933686403], "vdw": [2848.422437251315, 0.11282429343106168]}}