{"a000": {"total": [-20096.853234674873, 0.13767045078518578], "bond": [29.660721000352844, 0.006949597153461249], "ang": [78.12477235080243, 0.01730296017394361], "dih": [143.44953803880745, 0.04030261077152197], "v14": [41.09010008211042, 0.004257849871568299], "e14": [708.714681327563, 0.08938798327593321], "ele": [-23963.06347717961, 0.21623919217329712], "vdw": [2865.1704297051056, 0.1015449412408493]}, "p045": {"total": [-20087.557170585904, 0.14215969451769256], "bond": [29.498046018221213, 0.004922829282409537], "ang": [77.62394867684446, 0.017900313583800207], "dih": [145.0191413434905, 0.02974478300635501], "v14": [41.48105288492358, 0.004600340166620126], "e14": [712.6074436023423, 0.047800850831197075], "ele": [-23960.768925362743, 0.20171820624675973], "vdw": [2866.9821222510236, 0.07806728580456873]}, "r014": {"total": [-20093.143591858527, 0.256190511012354], "bond": [30.8037897247755, 0.03273337060724122], "ang": [83.4834249222367, 0.0672956122993639], "dih": [132.2944876424334, 0.17653401597703836], "v14": [40.79392519649236, 0.0660695034360237], "e14": [707.4635241788275, 0.36562205178176804], "ele": [-23958.205019647245, 0.4966707509433269], "vdw": [2870.2222761239427, 0.12861908229974273]}}