{"a00": {"total": [-20058.191401398122, 0.20168663807937695], "bond": [33.11656841654431, 0.007876622489146628], "ang": [82.34767792147099, 0.036479734798746], "dih": [142.33376997027213, 0.06748431799554953], "v14": [32.06344850662039, 0.005293028622736996], "e14": [696.5994492671938, 0.0573703372188729], "ele": [-23876.797347246873, 0.30954898906773487], "vdw": [2832.145031766638, 0.11870439201571895]}, "r00": {"total": [-20054.056868055515, 0.36901843714283067], "bond": [34.30700937619092, 0.09864526359209363], "ang": [86.70552296290428, 0.13584741068905304], "dih": [131.3026415955825, 0.3616816229545642], "v14": [31.991542662041425, 0.2974614507579141], "e14": [696.2185832985432, 0.7422792507249796], "ele": [-23871.117543731893, 0.8395704901544401], "vdw": [2836.5353757811204, 0.18104741764177332]}}