{"a00": {"total": [-20088.61330194898, 0.20875714585088131], "bond": [32.20125321555102, 0.006178937810379991], "ang": [84.44912940218447, 0.012846299787365073], "dih": [85.89201775590733, 0.018927021395595656], "v14": [34.26776392001395, 0.006220144718382423], "e14": [711.7586769133396, 0.07767868859985746], "ele": [-23883.8641999742, 0.2959317051802093], "vdw": [2846.682056818225, 0.10362547922688556]}, "r00": {"total": [-20080.066383208006, 0.22290897096423565], "bond": [32.69134472542391, 0.01023703791379183], "ang": [85.85527056827583, 0.03811640613141707], "dih": [83.78591968028984, 0.04409564590564264], "v14": [33.85164690997226, 0.004878480608608593], "e14": [710.0395708020417, 0.05205065146890634], "ele": [-23876.80489505965, 0.404777327841118], "vdw": [2850.514759165637, 0.17227085514249177]}}