{"a000": {"total": [-20183.14004718675, 0.1830166323685277], "bond": [30.28624289029176, 0.04390579661544425], "ang": [77.66183123483773, 0.2060179253706613], "dih": [143.95812559682332, 0.4965202574562048], "v14": [41.67066359664304, 0.014011151658521136], "e14": [701.4899962758321, 0.1985989397730607], "ele": [-24041.103903218056, 0.4308797602785888], "vdw": [2862.896996436883, 0.28469328051199594]}, "p045": {"total": [-20172.102843200162, 0.15387179500289716], "bond": [30.13372331794433, 0.004959170482178866], "ang": [77.13722780023491, 0.01488817589892777], "dih": [144.86474993451517, 0.03602848768837216], "v14": [42.06356650883243, 0.004030585049749879], "e14": [702.9364081396102, 0.05814829866279823], "ele": [-24034.910086585736, 0.22806724589163052], "vdw": [2865.671567684434, 0.09800761832298316]}, "r014": {"total": [-20178.434340836964, 0.37223060891534065], "bond": [31.597009258904954, 0.11235893802578822], "ang": [82.9015658573232, 0.07626576560872765], "dih": [131.41533712151949, 0.5823026289055925], "v14": [41.60546678876053, 0.17454471405571842], "e14": [698.2522162672093, 0.37176782943422676], "ele": [-24033.04840001366, 0.3876529746291488], "vdw": [2868.8424638829756, 0.0976990321495792]}}