{"a000": {"total": [-20185.593990711535, 0.18316086252369634], "bond": [992.0803204471023, 0.24548625805464394], "ele": [-24041.91015614239, 0.26666757850643497], "vdw": [2864.2358449837284, 0.17142587448058186]}, "p045": {"total": [-20174.848164048486, 0.17028898108165755], "bond": [993.8968541475688, 0.1243280472738399], "ele": [-24035.88618043453, 0.19497230675696123], "vdw": [2867.141162238489, 0.1004908729349537]}}