{"a000": {"total": [-20184.122127352974, 0.1523157664721968], "bond": [30.227513761211146, 0.019689009018661333], "ang": [77.60744011366197, 0.12814948686641442], "dih": [140.75482821177664, 0.26376091390282547], "v14": [40.910565298348146, 0.011241379872685413], "e14": [699.8159923465113, 0.06189310502587842], "ele": [-24039.73176265016, 0.20627537093799508], "vdw": [2866.2932955656825, 0.12629306149352215]}, "p045": {"total": [-20174.94840595771, 0.13503817274259294], "bond": [29.798316388047013, 0.007204079971450033], "ang": [75.62248598422161, 0.015441777592697783], "dih": [144.088686672439, 0.02453351853363229], "v14": [41.52182415914438, 0.006018735072080097], "e14": [702.9258714773498, 0.04347295355224424], "ele": [-24036.065037935015, 0.19396904689714314], "vdw": [2867.1594472961087, 0.11559604387016832]}, "r014": {"total": [-20180.139585074823, 0.24004430515769834], "bond": [31.07583156636049, 0.027049922791987452], "ang": [81.4763525966039, 0.04694323947802035], "dih": [131.539972780076, 0.12225085001128348], "v14": [40.81334180762035, 0.08356639524345892], "e14": [697.8157500399846, 0.2592678395026574], "ele": [-24033.148748533516, 0.32504170215580724], "vdw": [2870.2879146680557, 0.1075085566586221]}}