{"a000": {"total": [-20184.122127352974, 0.1523157664721968], "bond": [989.3163397315086, 0.09613300912332444], "ele": [-24039.73176265016, 0.20627537093799508], "vdw": [2866.2932955656825, 0.12629306149352215]}, "p045": {"total": [-20174.94840595771, 0.13503817274259294], "bond": [993.9571846812017, 0.05761598853802698], "ele": [-24036.065037935015, 0.19396904689714314], "vdw": [2867.1594472961087, 0.11559604387016832]}}