{"a000": {"total": [-20182.960784126943, 0.15297490416351356], "bond": [30.467799543966255, 0.006865225222208959], "ang": [78.51377496321813, 0.03962196726531181], "dih": [142.73134427390468, 0.062398041702279965], "v14": [41.507061964702054, 0.006912723346307693], "e14": [699.4140067291835, 0.05827190775806516], "ele": [-24039.882567774683, 0.20497689725915375], "vdw": [2864.2877961727722, 0.08849053997381967]}, "p045": {"total": [-20172.3860992977, 0.15380669673675518], "bond": [30.133368534738384, 0.005390979415509904], "ang": [77.18143474211341, 0.017927007583518447], "dih": [144.7815250727487, 0.028061372914153428], "v14": [42.063457802378245, 0.004276016217655758], "e14": [702.7862945876484, 0.044484811137550574], "ele": [-24034.8733687789, 0.24872795593181632], "vdw": [2865.541188741602, 0.11879183366749577]}, "r014": {"total": [-20178.239057405357, 0.3719969911186585], "bond": [31.51504478434971, 0.0842643096317013], "ang": [82.94457555809232, 0.068106028030727], "dih": [131.82841967520181, 0.4745330897009268], "v14": [41.447188573942576, 0.11549572428494667], "e14": [697.907036852795, 0.26292049314718596], "ele": [-24032.785407460888, 0.4071792525011275], "vdw": [2868.9040846111516, 0.1094830273529305]}}