{"a00": {"total": [-20088.983887752274, 0.21242658322857041], "bond": [32.171830257098115, 0.007497875430588344], "ang": [84.10121477150115, 0.012102183585937372], "dih": [86.07222783426018, 0.021176928136696686], "v14": [34.0745557183311, 0.009754269696088643], "e14": [711.6419089394382, 0.08338511964025201], "ele": [-23883.091714873695, 0.30857519869208033], "vdw": [2846.0460896008053, 0.10473337430490623]}, "r00": {"total": [-20080.08032991558, 0.24372271867334325], "bond": [32.68596655207983, 0.009273083910493432], "ang": [85.84392950592373, 0.029755258200375747], "dih": [83.78059195233809, 0.03744267891484692], "v14": [33.84708825221165, 0.006903446642856571], "e14": [709.9537423675058, 0.04548669604406772], "ele": [-23876.532756587192, 0.3313021592459589], "vdw": [2850.3411080415576, 0.1154781225603382]}}