{"a000": {"total": [-20182.960784126943, 0.15297490416351356], "bond": [992.6339874749744, 0.07358120755395912], "ele": [-24039.882567774683, 0.20497689725915375], "vdw": [2864.2877961727722, 0.08849053997381967]}, "p045": {"total": [-20172.3860992977, 0.15380669673675518], "bond": [996.946080739627, 0.056053302138359226], "ele": [-24034.8733687789, 0.24872795593181632], "vdw": [2865.541188741602, 0.11879183366749577]}}