{"a00": {"total": [-20090.64217692487, 0.30105456494335164], "bond": [31.758982474709693, 0.00963693414507876], "ang": [82.48280544333748, 0.015095179326155853], "dih": [85.67657627022162, 0.016927899225193336], "v14": [33.44900189935296, 0.012134683673721254], "e14": [711.5918758375204, 0.06849069670000833], "ele": [-23883.359778580536, 0.4122125611310649], "vdw": [2847.7583597305247, 0.11682820493986004]}, "r00": {"total": [-20082.155433595, 0.30932484914951014], "bond": [32.29597098657673, 0.012419727015498686], "ang": [84.22206602948053, 0.04227346027418608], "dih": [83.40171475367445, 0.051822018611586466], "v14": [33.46280739009465, 0.006276189065753444], "e14": [710.1450197269219, 0.03953312222750063], "ele": [-23877.716438515796, 0.34320832888296005], "vdw": [2852.033426034039, 0.11429392826598779]}}