{"a00": {"total": [-20089.60574128061, 0.19914434165407474], "bond": [31.853926232506097, 0.0063840939165242805], "ang": [83.04503396113466, 0.015387893161508775], "dih": [84.9746803865177, 0.01730267499589094], "v14": [33.87054810008245, 0.006691513805196984], "e14": [711.9601430293716, 0.07574272211495257], "ele": [-23884.20886190223, 0.28281758895501996], "vdw": [2848.8987889120062, 0.09934401229326095]}, "r00": {"total": [-20082.353603172935, 0.269106050445424], "bond": [32.30083048570653, 0.017795469810399974], "ang": [84.28327631922305, 0.04731246209458346], "dih": [83.32410790637925, 0.06002458464778596], "v14": [33.459175570644845, 0.009765533973831812], "e14": [710.108475425616, 0.07078447943560517], "ele": [-23877.97638266029, 0.35920382204686346], "vdw": [2852.146913779777, 0.11370379147526549]}}