{"a00": {"total": [-20019.156414664496, 0.199704528616293], "bond": [31.479326861866497, 0.0076165069423325404], "ang": [83.48051038643314, 0.011579358339002524], "dih": [80.80812312390565, 0.015036983192201328], "v14": [33.31100024855304, 0.00620717203386672], "e14": [721.8573895936571, 0.07227576864908257], "ele": [-23811.74119183972, 0.29926121922817], "vdw": [2841.6484269607963, 0.11767161762545068]}, "r00": {"total": [-20011.593701895494, 0.24920869724207684], "bond": [32.14998513336784, 0.010343893107021149], "ang": [85.6240859732961, 0.030008933242003443], "dih": [77.98286819271675, 0.04078121486557464], "v14": [33.123981310159735, 0.005065680182183653], "e14": [721.0702419878332, 0.05042984110554958], "ele": [-23808.652822736087, 0.36458657010024625], "vdw": [2847.1079582432185, 0.12811288466363652]}}