{"a000": {"total": [-20183.894235733278, 0.2314411461992452], "bond": [30.456434712530832, 0.0104978179623504], "ang": [76.90941853131764, 0.04735736364240606], "dih": [141.6120034780628, 0.0908378068655738], "v14": [41.13071842726294, 0.008047469569000253], "e14": [700.5046449061367, 0.04568889382402566], "ele": [-24039.467433836013, 0.3053001259984867], "vdw": [2864.9599780474387, 0.08290805130076756]}, "p045": {"total": [-20173.451508242964, 0.14046155720239423], "bond": [30.104416560670515, 0.008138317072491725], "ang": [75.30894336931988, 0.016262950008879864], "dih": [144.2511925650661, 0.02871797986463149], "v14": [41.68818300328251, 0.004660945038041465], "e14": [703.7973347707109, 0.04742893098400964], "ele": [-24034.925158817197, 0.19388129810376936], "vdw": [2866.323580305179, 0.09611475617561979]}, "r014": {"total": [-20179.147649410796, 0.30882089493311343], "bond": [31.415255671273783, 0.05808867417867835], "ang": [81.05854042468819, 0.04850351089594428], "dih": [131.5725254499019, 0.3468044064205912], "v14": [40.95101411713334, 0.10217345912411784], "e14": [698.5867153595427, 0.23977192046421478], "ele": [-24032.358721377746, 0.37945261809411196], "vdw": [2869.6270209444347, 0.11676623999517477]}}