{"a000": {"total": [-20184.265749049835, 0.3289405771897661], "bond": [30.317056076467935, 0.10962492452998936], "ang": [76.08714054179958, 0.5459141013035466], "dih": [142.50581797076816, 1.1437871213238473], "v14": [41.26028164266191, 0.025695744423918768], "e14": [702.1513765203018, 0.34295063409526383], "ele": [-24040.33520753125, 0.5863183369411967], "vdw": [2863.747785729404, 0.5665258296055053]}, "p045": {"total": [-20173.568763019957, 0.15082305336643448], "bond": [30.111660261913258, 0.008079544128894178], "ang": [75.28377860254469, 0.01538532675655901], "dih": [144.29687769892595, 0.025663931485861456], "v14": [41.68157596825146, 0.0033709897651724623], "e14": [703.8494556700963, 0.04316359230562019], "ele": [-24035.26636300355, 0.24237712985114784], "vdw": [2866.474251781865, 0.11497035191154091]}, "r014": {"total": [-20179.180236508797, 0.23418749183367504], "bond": [31.47024677012296, 0.06415572742856501], "ang": [81.0444863549404, 0.04753167659019444], "dih": [131.42825374640984, 0.3974062248246651], "v14": [41.09473225273111, 0.1204157999566356], "e14": [698.797234384791, 0.29499893446134384], "ele": [-24032.577956898127, 0.48964644938336493], "vdw": [2869.5627668803354, 0.09996210645025091]}}