{"a00": {"total": [-19976.03136085786, 0.2459867193526324], "bond": [32.47206720618068, 0.010319544206313992], "ang": [82.12787314272482, 0.025741453822017382], "dih": [140.42010594760754, 0.04359179105505891], "v14": [31.889730673465646, 0.004648398900630499], "e14": [706.35226911078, 0.05704834238686532], "ele": [-23800.710217943597, 0.33050110093504653], "vdw": [2831.416811004971, 0.12550695673071238]}, "r00": {"total": [-19973.853997154136, 0.4208063846305655], "bond": [33.92347897138991, 0.10064545801491846], "ang": [87.05801751476385, 0.048508873727997524], "dih": [128.54991874874415, 0.5707964205829804], "v14": [31.812459453328998, 0.20781679344851386], "e14": [706.7572079526784, 0.5778612139511793], "ele": [-23798.761100034582, 0.9561854991831806], "vdw": [2836.8060202395495, 0.18278596940596592]}}