{"a00": {"total": [-20086.376435333375, 0.211334849014749], "bond": [32.21414793019684, 0.008050798040925065], "ang": [82.36232574358701, 0.018705756716785486], "dih": [89.49489147757508, 0.017348619135725777], "v14": [33.434953297885414, 0.012274890888119875], "e14": [712.7536891545864, 0.06273119052035464], "ele": [-23883.403889607136, 0.3051707163475606], "vdw": [2846.7674466699227, 0.1331795138824655]}, "r00": {"total": [-20077.266828116946, 0.20726763409732593], "bond": [32.7384548595364, 0.007761783256464518], "ang": [84.15445000458408, 0.026925488644479457], "dih": [86.83481726540892, 0.03479310408499316], "v14": [33.518137079410195, 0.005981941430676602], "e14": [711.4811875777768, 0.04434624839485105], "ele": [-23877.655017277157, 0.28919986677437315], "vdw": [2851.6611423734885, 0.12953431854481215]}}