{"a000": {"total": [-20183.894235733278, 0.2314411461992452], "bond": [990.6132200553116, 0.0705940920515205], "ele": [-24039.467433836013, 0.3053001259984867], "vdw": [2864.9599780474387, 0.08290805130076756]}, "p045": {"total": [-20173.451508242964, 0.14046155720239423], "bond": [995.1500702690498, 0.05908643891572293], "ele": [-24034.925158817197, 0.19388129810376936], "vdw": [2866.323580305179, 0.09611475617561979]}}