{"a00": {"total": [-20085.09230383005, 0.2951290387426657], "bond": [32.367876082020025, 0.010851156756927632], "ang": [83.13485911064798, 0.017045778680235303], "dih": [88.66151214534649, 0.02859088158238405], "v14": [33.86395510272934, 0.005861013057087974], "e14": [713.3006938221671, 0.059479826675599], "ele": [-23884.40398000474, 0.3887627772229242], "vdw": [2847.982779911793, 0.11261411187738957]}, "r00": {"total": [-20077.262903293205, 0.22224254308957914], "bond": [32.7298000000495, 0.011332262440230136], "ang": [84.12489019397285, 0.034619510162624816], "dih": [86.8532773315557, 0.040606477219106936], "v14": [33.519382075038294, 0.0060952373495892454], "e14": [711.5412256981136, 0.05728751498550194], "ele": [-23877.63033929897, 0.33345489122409616], "vdw": [2851.5988607070485, 0.1354232432810748]}}