{"a00": {"total": [-20018.982604219425, 0.2119283870277312], "bond": [31.58128654754992, 0.007351586329900359], "ang": [83.8754760800075, 0.019527890742745774], "dih": [80.5182438104524, 0.019020338185337417], "v14": [33.5053332516686, 0.0048423688074385384], "e14": [721.8877290969951, 0.07157601191227869], "ele": [-23813.11918915939, 0.3108333808117526], "vdw": [2842.768516153295, 0.11496919526068407]}, "r00": {"total": [-20011.62960630588, 0.20442835794255376], "bond": [32.1545016277035, 0.010746598147077058], "ang": [85.59328621298809, 0.035485858139601145], "dih": [78.00349275458841, 0.04495622700249202], "v14": [33.12012066359325, 0.005658271503200524], "e14": [721.0258977618042, 0.059402921379477454], "ele": [-23808.570675270443, 0.3088721264229939], "vdw": [2847.0437699438953, 0.12065581834522875]}}