{"a00": {"total": [-20056.379946077814, 0.1534209104571133], "bond": [32.92010915337816, 0.008832212977053642], "ang": [79.55145224574255, 0.02417542176005615], "dih": [146.1054205742826, 0.05586175053936829], "v14": [31.834256557395122, 0.004281081352442155], "e14": [699.867944635651, 0.07349009531729762], "ele": [-23877.08456845195, 0.22352739818322945], "vdw": [2830.425439207694, 0.1054610280143284]}, "r00": {"total": [-20052.407517297288, 0.17088597983169057], "bond": [34.269442172954356, 0.032873616123292135], "ang": [85.11157770710442, 0.11784234015734137], "dih": [133.80871041059146, 0.18523733192207192], "v14": [31.26367017939881, 0.16376988244238017], "e14": [696.3413146024873, 0.4718536128549002], "ele": [-23870.989326265964, 0.6420079895254475], "vdw": [2837.787093896159, 0.11051699384287964]}}