{"a000": {"total": [-20181.133403631302, 0.2664163535194651], "bond": [30.045820802977545, 0.0978362998266734], "ang": [75.38984703725862, 0.4578543335969058], "dih": [144.03997841090953, 1.0248091338351077], "v14": [40.527057998556586, 0.03592019894020498], "e14": [686.7925939584208, 0.4037150001088677], "ele": [-24023.659297554674, 0.7843952429707339], "vdw": [2865.7305957152516, 0.352847159765663]}, "p045": {"total": [-20172.70628073333, 0.18474388484059243], "bond": [29.710367515684727, 0.005710872646341371], "ang": [73.62461825744315, 0.015439846644808353], "dih": [147.3949761597309, 0.027831679746238805], "v14": [40.92339184526014, 0.0038268031485229575], "e14": [688.5329343315574, 0.041085313548073134], "ele": [-24020.261590129667, 0.23247050645337336], "vdw": [2867.369021286666, 0.0870201350543725]}, "r014": {"total": [-20178.019928993144, 0.15342098215409372], "bond": [31.01470377043768, 0.03220423998822327], "ang": [79.47650970542857, 0.0725162473533549], "dih": [134.87398938482065, 0.1171657072470417], "v14": [40.23925227308249, 0.09295058086164792], "e14": [683.4631378924216, 0.32024754608735384], "ele": [-24017.483000546275, 0.3598381206575666], "vdw": [2870.3954785269398, 0.09958182148873221]}}