{"a000": {"total": [-20177.41035223032, 0.17893538033646314], "bond": [1009.822400710022, 0.13365618797348822], "ele": [-24054.275776190854, 0.3031645499728251], "vdw": [2867.043023250496, 0.08097435284870991]}, "p045": {"total": [-20168.699487046728, 0.14917752678244584], "bond": [1014.515176773334, 0.04603618707117406], "ele": [-24050.953858077883, 0.21626290912240725], "vdw": [2867.739194257827, 0.09309510957261137]}}