{"a00": {"total": [-20051.261844300014, 0.1538682057793831], "bond": [33.028488936437306, 0.012407324586975674], "ang": [80.2355468987988, 0.05203075726646669], "dih": [147.62439643815173, 0.11221302677262368], "v14": [30.775485427062254, 0.008839732466834487], "e14": [678.9614857134972, 0.06856237420192872], "ele": [-23857.390335430344, 0.24705201273838384], "vdw": [2835.503087716365, 0.11997660546876474]}, "r00": {"total": [-20048.243260321597, 0.33121497752459655], "bond": [33.93336948446031, 0.022617799306509298], "ang": [83.21826179019696, 0.11191249095724552], "dih": [139.57437269935548, 0.22046782254811906], "v14": [30.993004181056264, 0.10925114768798386], "e14": [679.5046473324918, 0.49718866760105646], "ele": [-23853.72261506814, 0.8504769038103072], "vdw": [2838.2556992590025, 0.21320385822540672]}}