{"a00": {"total": [-20085.44056140412, 0.25030671139694294], "bond": [31.925818804322493, 0.0067383579010182075], "ang": [81.13919041613275, 0.011778164761186727], "dih": [89.35644516494334, 0.016041641961373462], "v14": [32.78193962485591, 0.009357818067014535], "e14": [694.6125302157193, 0.05554589745038963], "ele": [-23864.234440312255, 0.3380977495419839], "vdw": [2848.977954682169, 0.115557515731745]}, "r00": {"total": [-20079.463034067212, 0.2297928488788477], "bond": [32.333829885477456, 0.008375954716675321], "ang": [82.60706054362308, 0.03292151468125648], "dih": [86.55338342216174, 0.038510590358796316], "v14": [32.83957583669993, 0.0055955250845904055], "e14": [692.8392805333677, 0.04197922092250879], "ele": [-23859.364546707075, 0.2973313801333837], "vdw": [2852.728382418513, 0.10784365946761111]}}