{"a000": {"total": [-20181.240924938247, 0.240387835860032], "bond": [30.531435887405618, 0.14660372812152594], "ang": [77.34954374938671, 0.5890039818358318], "dih": [140.09559400913918, 1.3698289696282493], "v14": [40.47672652142151, 0.14355375167238468], "e14": [685.5620628757874, 0.34216729592100803], "ele": [-24022.65637235244, 0.24455803987821334], "vdw": [2867.400084371057, 0.2265773108234676]}, "p045": {"total": [-20172.71341220969, 0.13961672977308065], "bond": [29.713544502229887, 0.0061911157627667635], "ang": [73.63535211779862, 0.018214201168734644], "dih": [147.39813033852434, 0.04725513372075794], "v14": [40.91866460863581, 0.00368325667047125], "e14": [688.5591853853965, 0.06501701279707069], "ele": [-24020.10197539534, 0.19104053012136465], "vdw": [2867.1636862330565, 0.08166953455689864]}, "r014": {"total": [-20179.074451569148, 0.5562682607965759], "bond": [31.31444766157406, 0.18762842819386563], "ang": [79.30418512980107, 0.06309654491615693], "dih": [133.33626849420773, 1.004106295229995], "v14": [40.69502599287136, 0.2499674819189156], "e14": [684.7244808784534, 0.47793338394471463], "ele": [-24018.901840348237, 0.47769253459062166], "vdw": [2870.452980622178, 0.10786672543645165]}}