{"a00": {"total": [-20088.520931645016, 0.21301618070413797], "bond": [31.981029157599057, 0.009919736025952391], "ang": [81.52607432164777, 0.017421414484054102], "dih": [78.66180776178557, 0.043820493455777175], "v14": [33.41125466292032, 0.005441556793851882], "e14": [734.0032262690335, 0.05955499913057001], "ele": [-23898.29444936999, 0.28983263509665386], "vdw": [2850.190125551986, 0.09997794291597266]}, "r00": {"total": [-20082.393411429002, 0.25581033861355845], "bond": [32.3544265752504, 0.016129386447227067], "ang": [82.49584190895324, 0.03368641188909143], "dih": [77.21194243170652, 0.03847793336855414], "v14": [33.07141099479808, 0.0058809629869458245], "e14": [732.5121969927525, 0.041340733734111845], "ele": [-23892.887914937266, 0.3765145657896283], "vdw": [2852.8486846048013, 0.13745492357892214]}}