{"a000": {"total": [-20179.006867081258, 0.14881844472705147], "bond": [30.030324729284168, 0.02695776889417015], "ang": [75.03413119311014, 0.13066000280574233], "dih": [142.0929343954298, 0.31703135279149736], "v14": [40.63435925426928, 0.00725810150011204], "e14": [722.8863116083708, 0.13705114925045814], "ele": [-24054.829954032182, 0.2754919437827407], "vdw": [2865.1450257704614, 0.16666622755610222]}, "p045": {"total": [-20168.777697253514, 0.1513188213027535], "bond": [29.792314344061285, 0.007793070263093339], "ang": [73.98579032010805, 0.020569862152173542], "dih": [144.03281113501717, 0.027196784628656056], "v14": [41.17625103860326, 0.005310850418004368], "e14": [725.3893895473434, 0.04658163172061223], "ele": [-24050.83720310279, 0.20610575208441248], "vdw": [2867.6829494641183, 0.0862332727993336]}, "r014": {"total": [-20174.01226616625, 0.1863127660613367], "bond": [31.219939287650405, 0.04056155715146635], "ang": [79.81097680409778, 0.05031010842762902], "dih": [130.67162570615068, 0.20680368422013426], "v14": [40.68673823279467, 0.06761186142886956], "e14": [720.6167237640434, 0.23494305178101857], "ele": [-24047.921436497134, 0.3657581121067592], "vdw": [2870.903166536133, 0.09849349612118373]}}