{"a00": {"total": [-20084.966992759084, 0.21801680978172142], "bond": [32.05741294806123, 0.010856163917865582], "ang": [81.97955528971237, 0.023602705198915813], "dih": [87.23182395360247, 0.019543715693020096], "v14": [33.0514414967496, 0.004406228111884029], "e14": [694.2560622428558, 0.0749091028743793], "ele": [-23864.19348877652, 0.3042920857125079], "vdw": [2850.6502000864684, 0.10713581862179293]}, "r00": {"total": [-20079.541655328598, 0.23346349522480164], "bond": [32.35085375751504, 0.010530973454094776], "ang": [82.61954333452331, 0.034088247381281835], "dih": [86.51303749912888, 0.03954832698314515], "v14": [32.84145514408093, 0.007940951546034197], "e14": [692.919818273246, 0.06124040835791403], "ele": [-23859.405830199983, 0.35131533022360256], "vdw": [2852.619466862899, 0.17187242301982014]}}