{"a00": {"total": [-20089.85904320055, 0.29069114092308873], "bond": [31.943215073856305, 0.010817676326142564], "ang": [81.22060347534655, 0.01105453855341109], "dih": [79.0144002959448, 0.017007592902543767], "v14": [33.20313105342706, 0.012724192043070555], "e14": [733.3591444496103, 0.05756885522352119], "ele": [-23897.48781966114, 0.39638535590096935], "vdw": [2848.8882821124107, 0.11646252802360288]}, "r00": {"total": [-20082.393997868036, 0.20599525020720344], "bond": [32.353400482395664, 0.009966568645474015], "ang": [82.45188225679556, 0.03064967484940255], "dih": [77.28619109711653, 0.03254961487272404], "v14": [33.07402467725777, 0.008450625759233766], "e14": [732.45015515879, 0.06745662576065846], "ele": [-23892.693710327778, 0.29646961327065585], "vdw": [2852.6840587874017, 0.10808396848884287]}}