{"a000": {"total": [-20116.656288675615, 0.1371823942292753], "bond": [932.3213643873545, 0.5161352100631069], "ele": [-23918.338988408967, 0.3611978928419759], "vdw": [2869.3613353460173, 0.24606789646397803]}, "p045": {"total": [-20110.658276803482, 0.17349721287691913], "bond": [940.7704996185078, 0.07223799308012221], "ele": [-23920.130231605403, 0.18953946243717712], "vdw": [2868.701455183406, 0.08135037190197222]}}