{"a000": {"total": [-20117.512954949307, 0.16569253908553785], "bond": [29.731754343319523, 0.11380216518222849], "ang": [79.12099041938862, 0.5955722950404392], "dih": [138.0067645569161, 1.3709807410385157], "v14": [40.75044558917149, 0.07311127085500883], "e14": [645.9244549335458, 0.34052359760437045], "ele": [-23920.21473282738, 0.6193446214010071], "vdw": [2869.1673680357335, 0.4878702673035415]}, "p045": {"total": [-20110.366778996686, 0.13906153212047753], "bond": [29.130944982102115, 0.005347688571822739], "ang": [76.12796641167516, 0.02390496861756358], "dih": [144.19773012046485, 0.03541478372811101], "v14": [41.293429825649326, 0.005190306925864669], "e14": [650.0195476737556, 0.10958117846455508], "ele": [-23919.8832455093, 0.19346485653364967], "vdw": [2868.746847498964, 0.07703511772460095]}, "r014": {"total": [-20116.52166367227, 0.38975037239768023], "bond": [30.524015854013044, 0.12864057468757065], "ang": [81.77149239143486, 0.06219256439182159], "dih": [131.2234030138378, 0.6838028908286856], "v14": [40.79859196783374, 0.20732656801295601], "e14": [645.7459732794109, 0.49987164704655557], "ele": [-23918.564221876582, 0.6441314431311446], "vdw": [2871.9790816977797, 0.11867128292560478]}}