{"a00": {"total": [-20038.850212371286, 0.20037619182081776], "bond": [30.971726269393034, 0.007071776541353285], "ang": [81.96326016715841, 0.027514765572997313], "dih": [78.26759704621307, 0.0358764998161615], "v14": [32.626638277042545, 0.005348856392021191], "e14": [660.8431215967775, 0.06519825173957174], "ele": [-23771.502189671195, 0.2868885628553624], "vdw": [2847.979633943304, 0.11350308839326978]}, "r00": {"total": [-20035.731591886346, 0.2975741614678068], "bond": [31.340504864643204, 0.008675042347056846], "ang": [82.84718652944548, 0.027375781166505114], "dih": [77.01773863982235, 0.04316687733918716], "v14": [32.32547672541328, 0.00667517043998377], "e14": [660.1756333747433, 0.05889543148143571], "ele": [-23770.13166049951, 0.40469216739755726], "vdw": [2850.6935284791007, 0.1403808060275535]}}