{"a00": {"total": [-20036.353947079773, 0.24926162666626753], "bond": [30.820813618327993, 0.009890406880705178], "ang": [81.20218080537977, 0.029410584060257153], "dih": [80.23781931499451, 0.06024968657433239], "v14": [32.44908832447201, 0.005605753577694277], "e14": [660.3915577367346, 0.09802329179014148], "ele": [-23769.104647615775, 0.3277358461074148], "vdw": [2847.649240736098, 0.133817418829552]}, "r00": {"total": [-20035.208617754073, 0.2176692047214578], "bond": [31.346211464437424, 0.011169237688674914], "ang": [82.89321138926213, 0.032950409941209576], "dih": [76.98455005845516, 0.0340747937137321], "v14": [32.32313086838673, 0.005262681719364575], "e14": [660.2369026537187, 0.05370756864685269], "ele": [-23769.42467854333, 0.28289216818713303], "vdw": [2850.4320543549934, 0.10249766103514954]}}