{"a000": {"total": [-20112.174419781437, 0.3720548545573341], "bond": [30.111221290397957, 0.11276722650733072], "ang": [80.43913654425351, 0.5261401342183218], "dih": [143.19634650305846, 1.0540934435949392], "v14": [42.03097995376318, 0.018406087845014612], "e14": [652.9344717539853, 0.16610751553787526], "ele": [-23925.03681861716, 0.2728736458220107], "vdw": [2864.150242790257, 0.3399719036298621]}, "p045": {"total": [-20103.660217751898, 0.3125840099739111], "bond": [29.824856393755187, 0.006438631979222359], "ang": [79.21285727119874, 0.016235643043392447], "dih": [145.69121316188853, 0.021955301648033287], "v14": [42.374203841282466, 0.004619308261662386], "e14": [656.2810158743395, 0.04577196841522773], "ele": [-23922.85242289763, 0.4536035294460168], "vdw": [2865.808058603271, 0.18242037762069882]}, "r014": {"total": [-20108.95895187405, 0.39943998460148195], "bond": [31.12268776948688, 0.057928562452449574], "ang": [85.0952878062675, 0.06891486858891409], "dih": [132.96883402422063, 0.2509092342348958], "v14": [41.603839820240246, 0.11224360821464943], "e14": [650.5574092951439, 0.371834542177222], "ele": [-23919.51234935527, 0.7836672578004413], "vdw": [2869.2053387658666, 0.19206072670312968]}}