{"a00": {"total": [-19993.314407869853, 0.15513721296590988], "bond": [32.478006717296715, 0.011019107032456767], "ang": [82.71297527487154, 0.037360020679957286], "dih": [140.1895060973005, 0.07297357190853582], "v14": [32.21228108992247, 0.007252356172075318], "e14": [651.521950668034, 0.0698488104917705], "ele": [-23764.257024565683, 0.21809754740174708], "vdw": [2831.8278968484196, 0.0867906766657453]}, "r00": {"total": [-19991.340449211086, 0.26753605068710296], "bond": [33.67807982398473, 0.02231488030649035], "ang": [87.71618651833035, 0.08206185146961324], "dih": [129.21422332365907, 0.16563952058475914], "v14": [31.522257587163033, 0.11268685864559068], "e14": [650.1898882381583, 0.42556971451801273], "ele": [-23761.039840924397, 0.46524215188994655], "vdw": [2837.3787562220145, 0.13786016908079385]}}