{"a000": {"total": [-20111.36999550221, 0.14286980670835506], "bond": [952.3274172020714, 0.08853194510487192], "ele": [-23925.21039851374, 0.20439225571807768], "vdw": [2861.51298580945, 0.0977579998380835]}, "p045": {"total": [-20100.828149969962, 0.13385730023536244], "bond": [956.4785135968879, 0.07352709322637119], "ele": [-23921.64380298876, 0.2142861557165432], "vdw": [2864.3371394219125, 0.10049047304199947]}}