{"a00": {"total": [-20035.136543277447, 0.20915861064574542], "bond": [31.813879973651204, 0.006452624865110306], "ang": [85.47786614146956, 0.01451587959972949], "dih": [81.18230030736609, 0.020434731862532432], "v14": [33.721428583881206, 0.004501439918278254], "e14": [667.5528197017748, 0.08466632035488685], "ele": [-23774.828695378365, 0.277879103041694], "vdw": [2839.9438573927737, 0.09829585398157496]}, "r00": {"total": [-20027.1033820354, 0.2960523050980717], "bond": [32.517867555355046, 0.010543901462886847], "ang": [87.69439650344799, 0.03355120482059263], "dih": [78.28234191526181, 0.04810837412548402], "v14": [33.51720754183871, 0.005922569332007543], "e14": [666.0913885246085, 0.044814366890020725], "ele": [-23770.975391311793, 0.4113601643491137], "vdw": [2845.7688072358856, 0.13307064972413477]}}