{"a000": {"total": [-20111.000156826187, 0.18754950604305626], "bond": [951.8339278694641, 0.08675975606504328], "ele": [-23924.6181440963, 0.3190575533449281], "vdw": [2861.7840594006375, 0.14772334822917865]}, "p045": {"total": [-20100.596744564104, 0.16859975178337575], "bond": [956.4002091593433, 0.061609673092199536], "ele": [-23921.306050591185, 0.29236617513328633], "vdw": [2864.3090968677384, 0.13013993343825095]}}