{"a000": {"total": [-20111.36999550221, 0.14286980670835506], "bond": [30.302067415553687, 0.00861823700703702], "ang": [80.7901633093849, 0.028530006532661207], "dih": [145.56411118032557, 0.040269671950704716], "v14": [42.52357284401072, 0.005340218146932297], "e14": [653.1475024527962, 0.07791860329625355], "ele": [-23925.21039851374, 0.20439225571807768], "vdw": [2861.51298580945, 0.0977579998380835]}, "p045": {"total": [-20100.828149969962, 0.13385730023536244], "bond": [30.1786993864418, 0.006185578663028601], "ang": [80.766269489396, 0.029223023207778788], "dih": [146.45593850865674, 0.035828719406925766], "v14": [42.9104622291386, 0.004449290672736435], "e14": [656.1671439832546, 0.056225284513999794], "ele": [-23921.64380298876, 0.2142861557165432], "vdw": [2864.3371394219125, 0.10049047304199947]}, "r014": {"total": [-20106.387055949766, 0.3658212503712193], "bond": [31.61056477447979, 0.10805560979209425], "ang": [86.62285804941413, 0.09084568305707075], "dih": [133.2177380846396, 0.4637255387701796], "v14": [42.43273755707424, 0.21128696362687904], "e14": [651.5431609502723, 0.528792056157645], "ele": [-23919.368512725574, 0.6895974871060598], "vdw": [2867.554397359926, 0.13189574577680552]}}