{"a00": {"total": [-20035.145390927417, 0.19816312817353499], "bond": [31.937784563862067, 0.00618498406763408], "ang": [85.96259011217401, 0.014737507338340772], "dih": [81.13156802021766, 0.017918796721348298], "v14": [33.9216362476389, 0.005721707639773673], "e14": [667.3080055976138, 0.08233607310716472], "ele": [-23776.82273772127, 0.292753668360912], "vdw": [2841.4157622523558, 0.12167731014659408]}, "r00": {"total": [-20027.007030726712, 0.25283082889946157], "bond": [32.513899805880015, 0.012826329989689383], "ang": [87.66682285274527, 0.035320313789905744], "dih": [78.30845381394415, 0.040368333404280754], "v14": [33.519977883295574, 0.005678989025228012], "e14": [666.0770868609372, 0.05238327803494521], "ele": [-23770.807370788305, 0.3551789127904491], "vdw": [2845.7140988447986, 0.1133779333605504]}}