{"a00": {"total": [-19991.78863699153, 0.14997483606149842], "bond": [32.764275855952796, 0.007535097597821814], "ang": [83.7261176295707, 0.023613924938732374], "dih": [141.66780408074396, 0.02754023727463365], "v14": [32.60918094393902, 0.0040794926844611445], "e14": [652.1334737460985, 0.06432365297497965], "ele": [-23763.974288406283, 0.21875692155186027], "vdw": [2829.2847991584517, 0.09453894764156874]}, "r00": {"total": [-19987.917277108925, 0.2655618370814356], "bond": [34.21476005717275, 0.019079368423230714], "ang": [88.96928345094759, 0.044506932786336564], "dih": [130.48676687423216, 0.07663895445244835], "v14": [32.67860863376497, 0.05754622220341527], "e14": [652.273934265484, 0.2060805848199512], "ele": [-23762.09915451187, 0.3217759732067897], "vdw": [2835.5585241213516, 0.10660823998469131]}}