{"a00": {"total": [-20035.805267591768, 0.24797939084791168], "bond": [31.4775873462556, 0.009537492688587763], "ang": [83.97839757402453, 0.013846480332232552], "dih": [80.9524589825097, 0.01661658222667922], "v14": [33.22499968351132, 0.004657158075000792], "e14": [667.1393301194471, 0.0951897416430359], "ele": [-23774.696208990008, 0.3895355421527879], "vdw": [2842.1181676924994, 0.1281045174942933]}, "r00": {"total": [-20029.12896452196, 0.2338553864405392], "bond": [32.10427868471307, 0.011353193310561166], "ang": [86.01043015529766, 0.033369056469310626], "dih": [77.9880666890635, 0.037974934132411424], "v14": [33.121874463117905, 0.007589152608000962], "e14": [666.1379334064579, 0.05275091193668589], "ele": [-23771.67383491315, 0.3679170398727406], "vdw": [2847.1822869925495, 0.1303394021095977]}}