{"a000": {"total": [-20113.347894862374, 0.17096674312580232], "bond": [30.028792236838274, 0.006209200533525239], "ang": [79.433825500898, 0.02813413347809341], "dih": [144.5440337075598, 0.0318438333338647], "v14": [41.850898317123054, 0.005274012296532977], "e14": [652.7071752586384, 0.06963053032936595], "ele": [-23925.652551203402, 0.2534074824432319], "vdw": [2863.739931319984, 0.0813734184944512]}, "p045": {"total": [-20103.8645233731, 0.14462765945399716], "bond": [29.823789223047616, 0.0057673116523495205], "ang": [79.23145507994, 0.01517753644697775], "dih": [145.67581891895426, 0.025049670722866242], "v14": [42.373018572908585, 0.0049116943258923], "e14": [656.2183411921542, 0.07225059803606652], "ele": [-23923.174953326692, 0.22693757964066053], "vdw": [2865.9880069665846, 0.0800875019887888]}, "r014": {"total": [-20109.058258488647, 0.19151639768950993], "bond": [31.05948217479468, 0.023488372120707198], "ang": [84.92866605018226, 0.047682856345985736], "dih": [133.39356730784235, 0.11704016678391156], "v14": [41.57047404617495, 0.05985837245792118], "e14": [651.1550957346021, 0.1536186777121309], "ele": [-23920.11362799984, 0.29657659898597194], "vdw": [2868.948084197599, 0.11381721117198433]}}