{"a00": {"total": [-20035.407654920848, 0.2603207230325973], "bond": [31.53873157185778, 0.006988737283613348], "ang": [84.38765743580569, 0.01277292039056625], "dih": [80.27590038150187, 0.022884051848910347], "v14": [33.55958600457969, 0.005185492846809831], "e14": [667.5205415489517, 0.08993511770833966], "ele": [-23775.905701513064, 0.33720459306389305], "vdw": [2843.215629649525, 0.11037449340210403]}, "r00": {"total": [-20029.037457579787, 0.259023109887341], "bond": [32.13674669266593, 0.01169439783691908], "ang": [86.11725429619779, 0.036261429218692215], "dih": [77.88018864166469, 0.04675818143006292], "v14": [33.11516400892948, 0.006780488687142768], "e14": [666.2947691703664, 0.04647368354279537], "ele": [-23771.91191902, 0.3395307981993062], "vdw": [2847.330338630378, 0.1102118541797399]}}