{"a000": {"total": [-20112.174419781437, 0.3720548545573341], "bond": [948.7121560454585, 0.2392071405822438], "ele": [-23925.03681861716, 0.2728736458220107], "vdw": [2864.150242790257, 0.3399719036298621]}, "p045": {"total": [-20103.660217751898, 0.3125840099739111], "bond": [953.3841465424645, 0.05757075972516643], "ele": [-23922.85242289763, 0.4536035294460168], "vdw": [2865.808058603271, 0.18242037762069882]}}