{"a00": {"total": [-19938.25915338632, 0.15009669145171972], "bond": [32.4377287046887, 0.009476065272723289], "ang": [81.32243080068814, 0.03885645068009888], "dih": [140.22136287144613, 0.0674920651515864], "v14": [31.26248240990854, 0.0059017892309453125], "e14": [734.7156805861073, 0.07785309567636756], "ele": [-23787.60884996714, 0.22197294755133076], "vdw": [2829.3900112079887, 0.09652742586959762]}, "r00": {"total": [-19935.31149701819, 0.21030169861254788], "bond": [33.76210042623548, 0.011046109320895853], "ang": [87.23332730305049, 0.057169128848276476], "dih": [128.4248088716829, 0.17204502077635545], "v14": [30.625302350789784, 0.021565751786872256], "e14": [733.942112644803, 0.10727194104760474], "ele": [-23785.565839558887, 0.24728616795075567], "vdw": [2836.266690944132, 0.1980855110469665]}}