{"a000": {"total": [-20058.06676698433, 0.18219786973783716], "bond": [1031.2059270716638, 0.08702531831561983], "ele": [-23950.167090670533, 0.27162321393037986], "vdw": [2860.8943966145275, 0.1369901606502273]}, "p045": {"total": [-20046.870408298335, 0.13773595418221835], "bond": [1037.169361825867, 0.0602320006424297], "ele": [-23948.437579174915, 0.20176157717207116], "vdw": [2864.3978090507035, 0.10327980623174537]}}