{"a000": {"total": [-20056.225554156947, 0.22403868101699848], "bond": [30.050156440866076, 0.006588753525008113], "ang": [79.39974849459459, 0.02649643011298675], "dih": [143.9830692993922, 0.04125948694762511], "v14": [41.065677819296646, 0.004834028545251304], "e14": [737.559335222629, 0.054742940640068766], "ele": [-23950.43638658151, 0.33887961662380717], "vdw": [2862.1528451477852, 0.12638611636497757]}, "p045": {"total": [-20046.596813808963, 0.13057232344920272], "bond": [29.881399462035333, 0.006029938024996926], "ang": [78.87351449720059, 0.0240123220218473], "dih": [145.4182704590901, 0.03927687473506365], "v14": [41.45931172716464, 0.006262992779160568], "e14": [741.5021594255085, 0.0519091042133866], "ele": [-23948.141270773875, 0.18939438208498385], "vdw": [2864.4098013939215, 0.07951721434986633]}, "r014": {"total": [-20052.49457291234, 0.13514603807752343], "bond": [31.145364556691312, 0.0380424736477565], "ang": [84.61202217198155, 0.06409295827253635], "dih": [133.03257206711993, 0.16013098951476842], "v14": [40.679370193180034, 0.11790270898733195], "e14": [736.4437361287908, 0.1937908493278717], "ele": [-23946.16019774482, 0.42313737642184335], "vdw": [2867.752559714723, 0.10240720781595823]}}