{"a000": {"total": [-20059.26190628681, 0.1654771047435387], "bond": [1018.3330297976644, 0.5177499975127741], "ele": [-23945.892986966286, 0.6515689881946143], "vdw": [2868.298050881819, 0.12920520892205126]}, "p045": {"total": [-20052.416794018172, 0.17339444950261873], "bond": [1030.2828371072815, 0.07932515684758257], "ele": [-23950.133517525523, 0.2406416389293616], "vdw": [2867.4338864000715, 0.08520723037740975]}}