{"a00": {"total": [-19980.467815639564, 0.20637446006611687], "bond": [31.11455577931403, 0.0071799063511386345], "ang": [81.22325965572163, 0.02002804073681036], "dih": [78.30611254024072, 0.0261877323597723], "v14": [32.1075310758162, 0.005466877457950687], "e14": [749.754476512287, 0.06993524233842627], "ele": [-23799.194443791566, 0.29045069605120677], "vdw": [2846.220692588629, 0.11382574683711219]}, "r00": {"total": [-19977.157488067383, 0.2046023067106839], "bond": [31.482566720205956, 0.010565490599011323], "ang": [82.27722579668465, 0.030045955254239903], "dih": [77.0582674307672, 0.0376253758949212], "v14": [31.828178101627586, 0.005429830990849969], "e14": [749.3985839341204, 0.051949582514099174], "ele": [-23798.36206583366, 0.2944022608062172], "vdw": [2849.159755782897, 0.10339822066760627]}}