{"a00": {"total": [-19937.155763758936, 0.18172356253912617], "bond": [32.56268073236574, 0.007657113634909845], "ang": [81.93552457439777, 0.02129076592267393], "dih": [139.77930603831388, 0.03984805336482093], "v14": [31.412451587877076, 0.006380709093151464], "e14": [734.9007331454335, 0.05200431362891856], "ele": [-23788.063485615967, 0.3024771628582224], "vdw": [2830.317025778662, 0.12343794364308042]}, "r00": {"total": [-19935.243226374398, 0.18147361597436018], "bond": [33.7821203267174, 0.02308272510096134], "ang": [87.19350168138948, 0.060413706282116154], "dih": [128.60227220275183, 0.17541217194304423], "v14": [30.700933111168975, 0.0929426483618281], "e14": [734.3123894652153, 0.28053287582906916], "ele": [-23785.7870529763, 0.3057404751700174], "vdw": [2835.95260981467, 0.19320134749926884]}}