{"a000": {"total": [-20058.06676698433, 0.18219786973783716], "bond": [29.932237636121815, 0.0059710269515369195], "ang": [78.60047712121874, 0.026020796413279836], "dih": [144.19935261159966, 0.03947455902170025], "v14": [40.99149726521296, 0.005037670879202962], "e14": [737.4823624375103, 0.06886548943099517], "ele": [-23950.167090670533, 0.27162321393037986], "vdw": [2860.8943966145275, 0.1369901606502273]}, "p045": {"total": [-20046.870408298335, 0.13773595418221835], "bond": [29.892558717301412, 0.0051671254288265], "ang": [78.87882863083743, 0.01949960953978365], "dih": [145.42956990807636, 0.029273566217349143], "v14": [41.451347165177154, 0.004326369485333382], "e14": [741.517057404475, 0.044956055093886775], "ele": [-23948.437579174915, 0.20176157717207116], "vdw": [2864.3978090507035, 0.10327980623174537]}, "r014": {"total": [-20052.415327225364, 0.27523493832111234], "bond": [31.21766370196735, 0.042936461216288524], "ang": [84.74275569373022, 0.09712467058884251], "dih": [132.65374032137964, 0.1818778164320927], "v14": [40.85373668497345, 0.0982015843313423], "e14": [736.4066869834263, 0.31710676917111874], "ele": [-23945.97084119194, 0.4799937787784209], "vdw": [2867.6809305810957, 0.10538553383259153]}}