{"a00": {"total": [-19980.26336840312, 0.26084338585160616], "bond": [31.55061511974474, 0.006995124605702103], "ang": [83.20646932438517, 0.011165650669310901], "dih": [80.93048713819091, 0.012215016443328033], "v14": [32.71942512444517, 0.004216419788695736], "e14": [749.8722185732901, 0.06216031416943923], "ele": [-23798.879087184785, 0.3790072256277953], "vdw": [2840.3365035016177, 0.12317420532652805]}, "r00": {"total": [-19972.210674759932, 0.3824390924616676], "bond": [32.2587381493066, 0.010092794537999359], "ang": [85.46828957574664, 0.02822063815480171], "dih": [77.94809695414385, 0.03825016667820879], "v14": [32.63414406946485, 0.005249514503484309], "e14": [749.7435466387144, 0.060583986646020396], "ele": [-23795.974077562852, 0.5788808875995188], "vdw": [2845.710587415534, 0.20018166595186573]}}