{"a00": {"total": [-19981.034777998717, 0.2290882951087698], "bond": [30.832292974558445, 0.00950647974590348], "ang": [80.22346190013556, 0.02185754282969203], "dih": [80.32242515938327, 0.03378466146385499], "v14": [31.731720238737317, 0.0066211418630128015], "e14": [748.105389800095, 0.09442223244199507], "ele": [-23796.662276151805, 0.30945462394791484], "vdw": [2844.4122080801967, 0.11221959045714067]}, "r00": {"total": [-19977.254673153027, 0.2862000728593221], "bond": [31.47082814754711, 0.008308963882666463], "ang": [82.22657776625486, 0.027097651556622266], "dih": [77.11504368593808, 0.03236685414657933], "v14": [31.84780562500683, 0.006714470116490254], "e14": [749.3964129951495, 0.05696089987616784], "ele": [-23798.518350229082, 0.3255597254460253], "vdw": [2849.2070088561595, 0.10988702588947187]}}