{"a00": {"total": [-19978.849201448676, 0.22350881703219314], "bond": [31.683331713221495, 0.006639477103661947], "ang": [83.75982449811727, 0.015349970692966806], "dih": [80.28230978759136, 0.01943988021055836], "v14": [33.06351121471731, 0.007893131738049463], "e14": [750.7842127193477, 0.07869386813158936], "ele": [-23800.10681361627, 0.30618591174646703], "vdw": [2841.6844222346103, 0.10497939560403403]}, "r00": {"total": [-19972.437976248108, 0.21047663315965248], "bond": [32.268398961534004, 0.010984657794243284], "ang": [85.49909480699384, 0.03825802072789512], "dih": [77.87400756063798, 0.05063911363974902], "v14": [32.62744844150326, 0.006507493527418094], "e14": [749.7432235924601, 0.04277488029137987], "ele": [-23796.26441201063, 0.289212248435313], "vdw": [2845.8142623993904, 0.10415212577109238]}}