{"a000": {"total": [-20092.789574137638, 0.20796098318486866], "bond": [1007.6613644327141, 0.12810763026457503], "ele": [-23961.995065978823, 0.2864981364790673], "vdw": [2861.5441274084574, 0.0879295109751004]}, "p045": {"total": [-20082.50482896777, 0.14387566625688375], "bond": [1012.309840100335, 0.08255596851125774], "ele": [-23958.85494294862, 0.2074544389548523], "vdw": [2864.040273880523, 0.08879989879663155]}}