{"a000": {"total": [-20093.593074395285, 0.17790005981501283], "bond": [30.243830447489717, 0.0053049113403321625], "ang": [80.58734313899119, 0.015278881197277557], "dih": [145.5419680501231, 0.023766845936557025], "v14": [42.21550645129836, 0.006252823114280971], "e14": [709.1261998757407, 0.05631874559489573], "ele": [-23962.308443873862, 0.22909381391443873], "vdw": [2861.000521514927, 0.08550552547531759]}, "p045": {"total": [-20082.309849783993, 0.1745213083048667], "bond": [30.19001553114939, 0.008206878691187068], "ang": [80.75869761666088, 0.0213282988414525], "dih": [146.46669149799672, 0.04215998134792159], "v14": [42.550994465853904, 0.005341521982953033], "e14": [712.353953412394, 0.06886779009182774], "ele": [-23958.713167657505, 0.2714062619570656], "vdw": [2864.082965349475, 0.11638394713924598]}, "r014": {"total": [-20088.080461076755, 0.3764082636177803], "bond": [31.57878134358594, 0.13235155220299155], "ang": [86.5426077441047, 0.05551186625844731], "dih": [133.3573956461616, 0.695082999007154], "v14": [41.976666339226234, 0.2208628805939196], "e14": [707.2822394691161, 0.6095605018781479], "ele": [-23956.06116431948, 0.7000499677661371], "vdw": [2867.243012700519, 0.11080292486049961]}}