{"a00": {"total": [-20017.073844623446, 0.2290754601208206], "bond": [31.95659724046676, 0.0071801163004428905], "ang": [85.40651826816939, 0.011590949750517497], "dih": [81.0479634743385, 0.024433089249616215], "v14": [33.949149953782864, 0.008056777367610068], "e14": [722.0096822885023, 0.07699580435995439], "ele": [-23812.15183303896, 0.3814252148926878], "vdw": [2840.708077190265, 0.10754875778157684]}, "r00": {"total": [-20009.300424679022, 0.19675054984689172], "bond": [32.548413116135315, 0.00888676379856157], "ang": [87.26267329537234, 0.030495128336496664], "dih": [78.3504945089224, 0.04042922001014516], "v14": [33.50261502876407, 0.005267506007207396], "e14": [720.8800473085005, 0.043767874220454375], "ele": [-23807.37805258383, 0.27404698647989806], "vdw": [2845.533384647113, 0.11349151195565794]}}