{"a00": {"total": [-20017.996543531524, 0.25619793722931244], "bond": [31.855706526036126, 0.008624673720879342], "ang": [85.05884522496396, 0.011078208146344191], "dih": [81.18635428149472, 0.014256256003270646], "v14": [33.845007750520956, 0.005147757472678977], "e14": [722.4561959599287, 0.08098977616967465], "ele": [-23812.255409641934, 0.331507604795732], "vdw": [2839.8567563674674, 0.13150483440309854]}, "r00": {"total": [-20008.80858024952, 0.22946646022700792], "bond": [32.53913207225988, 0.010250639460955148], "ang": [87.21278547578319, 0.031426689226293186], "dih": [78.4209499487721, 0.04167885837300492], "v14": [33.52408765246959, 0.006760044354523781], "e14": [720.917968071104, 0.07312591546150315], "ele": [-23806.685281355647, 0.3598190410353795], "vdw": [2845.2617778857334, 0.13822684093775978]}}