{"a000": {"total": [-20092.789574137638, 0.20796098318486866], "bond": [30.324151924146896, 0.005252129977403661], "ang": [81.1278664790554, 0.019187096779551147], "dih": [145.3087140549333, 0.0497515078967796], "v14": [42.23280580940978, 0.004459273831643298], "e14": [708.6678261651689, 0.09113901858823249], "ele": [-23961.995065978823, 0.2864981364790673], "vdw": [2861.5441274084574, 0.0879295109751004]}, "p045": {"total": [-20082.50482896777, 0.14387566625688375], "bond": [30.18373877251147, 0.0067187311487289965], "ang": [80.74784005132284, 0.03411912060475956], "dih": [146.47485648960895, 0.0446805144292511], "v14": [42.55103749422219, 0.006282799404903478], "e14": [712.3523672926697, 0.07126038501363793], "ele": [-23958.85494294862, 0.2074544389548523], "vdw": [2864.040273880523, 0.08879989879663155]}, "r014": {"total": [-20087.99164965026, 0.19787654864544668], "bond": [31.406390695784204, 0.018607452631499332], "ang": [86.61833997147377, 0.06589530118172955], "dih": [134.0087013514722, 0.1264834870288976], "v14": [41.58980503432724, 0.025850275828729848], "e14": [706.7379173673908, 0.1701176996263768], "ele": [-23955.619200312318, 0.4593873321358451], "vdw": [2867.2663962416145, 0.14514671119404687]}}