{"a00": {"total": [-20088.075325824557, 0.2547690325275089], "bond": [32.58108646814324, 0.007319272211791287], "ang": [85.94901046918558, 0.013596418901794256], "dih": [86.51379680708555, 0.01961955923788549], "v14": [34.64276532044652, 0.007395324244494259], "e14": [711.0851433020918, 0.11077803884306499], "ele": [-23883.48033079612, 0.3858379412976553], "vdw": [2844.633202604597, 0.1424169564824427]}, "r00": {"total": [-20078.35336496686, 0.25851209051105195], "bond": [33.06292890322519, 0.009753659019900482], "ang": [87.42239343291818, 0.02887364520534529], "dih": [84.22051007387937, 0.04255589044578137], "v14": [34.25789953767764, 0.006863000915452911], "e14": [709.6968310879296, 0.0818893846527739], "ele": [-23875.721646061687, 0.34613438386238093], "vdw": [2848.707718059217, 0.11359261316879754]}}