{"a000": {"total": [-20181.923828699324, 0.1389179956695483], "bond": [995.763740080315, 0.13579048457085335], "ele": [-24040.148042034143, 0.19327970806106828], "vdw": [2862.4604732545076, 0.11477895267823182]}, "p045": {"total": [-20170.417016443393, 0.18087864015867794], "bond": [999.8477785269333, 0.05363681510967322], "ele": [-24034.487904225676, 0.2904187130402871], "vdw": [2864.223109255352, 0.1521477731039973]}}