{"a00": {"total": [-20056.071616833116, 0.1630244753693236], "bond": [33.30217406162459, 0.00740837584635149], "ang": [83.23232171826562, 0.029518945625765538], "dih": [144.34263349538605, 0.07186494089217403], "v14": [32.72961700991313, 0.00868596732349203], "e14": [698.1146462082036, 0.09270879715403318], "ele": [-23876.48422373905, 0.2757145054215412], "vdw": [2828.6912144125604, 0.17828939105255992]}, "r00": {"total": [-20052.244959228898, 0.35887482109908314], "bond": [34.609376572353185, 0.020892840202723674], "ang": [88.71023932589814, 0.06023536510850194], "dih": [132.0698110468996, 0.18930001229959956], "v14": [31.99185611908792, 0.09940937351110878], "e14": [694.5033567867795, 0.3540861365803677], "ele": [-23869.647112030616, 0.35081432052964306], "vdw": [2835.517512950695, 0.26009453132337457]}}