{"a000": {"total": [-20181.923828699324, 0.1389179956695483], "bond": [30.785349725777042, 0.0078811967910252], "ang": [79.94704852393187, 0.046364653854474254], "dih": [143.780414120518, 0.08748962253989608], "v14": [42.07032126376774, 0.004878262441764574], "e14": [699.1806064463208, 0.09812199079394812], "ele": [-24040.148042034143, 0.19327970806106828], "vdw": [2862.4604732545076, 0.11477895267823182]}, "p045": {"total": [-20170.417016443393, 0.18087864015867794], "bond": [30.490446390156148, 0.004934886500317699], "ang": [78.75836966078475, 0.02282177380491967], "dih": [145.54792249592313, 0.02349217086342486], "v14": [42.60081778713091, 0.004576598736229369], "e14": [702.4502221929381, 0.04680995022710314], "ele": [-24034.487904225676, 0.2904187130402871], "vdw": [2864.223109255352, 0.1521477731039973]}, "r014": {"total": [-20175.758702134495, 0.18869132421251142], "bond": [31.74991310567349, 0.03677567582934354], "ang": [84.43902621660676, 0.05059230603876964], "dih": [133.083305020212, 0.17634144961550063], "v14": [41.85388347087457, 0.10500544343652415], "e14": [697.410810208328, 0.18005117775692314], "ele": [-24031.649283590323, 0.2589716426636899], "vdw": [2867.3536434341368, 0.14042648536983363]}}