{"a00": {"total": [-20088.084299938724, 0.31633056535975546], "bond": [32.518410961812975, 0.006910808964372823], "ang": [85.71381904573569, 0.013889359301267681], "dih": [86.42091584724264, 0.021505139825315992], "v14": [34.61765114826557, 0.009587194623808214], "e14": [711.270921747744, 0.10457351565299701], "ele": [-23883.080367629256, 0.4502553399603556], "vdw": [2844.4543489397383, 0.10399522964026069]}, "r00": {"total": [-20079.103816474926, 0.2211357787473924], "bond": [33.05656316079955, 0.009446990289946635], "ang": [87.38219373970894, 0.02486827653717228], "dih": [84.2501183449787, 0.03210723248974093], "v14": [34.25818409392453, 0.00512647651200873], "e14": [709.6976327224784, 0.04223693170677473], "ele": [-23876.696121364017, 0.3131265626614401], "vdw": [2848.947612827214, 0.11474669729258855]}}