{"a000": {"total": [-20099.479181953953, 0.1514068941751386], "bond": [29.331352606739372, 0.005356148641346962], "ang": [76.21332668466127, 0.023065805889414957], "dih": [142.55214068925557, 0.03620942513609645], "v14": [40.362447633895144, 0.005761930454954419], "e14": [707.657703235078, 0.06767139300825058], "ele": [-23962.35732644637, 0.22946193635403175], "vdw": [2866.7611736428194, 0.08946738702667317]}, "p045": {"total": [-20090.346473990307, 0.15249627498079127], "bond": [29.144351277919792, 0.005490981211351022], "ang": [76.07967276776682, 0.01637202330940589], "dih": [144.28460147772654, 0.02624299729870471], "v14": [40.928888202920845, 0.007455193951371056], "e14": [712.9526800657943, 0.051308073983805554], "ele": [-23962.356456087742, 0.18887402670431055], "vdw": [2868.6197883053087, 0.07983670054868416]}, "r014": {"total": [-20096.015802274844, 0.2151531085320184], "bond": [30.41825482563672, 0.06724524733365647], "ang": [81.87162445630402, 0.05318347445105448], "dih": [131.66872966723184, 0.1986940553951479], "v14": [40.13634468543617, 0.14682455757986884], "e14": [707.5992930301863, 0.25814611831661394], "ele": [-23959.463836237075, 0.3076577417777794], "vdw": [2871.7537872974262, 0.1194440983145607]}}