{"a000": {"total": [-20097.958850016657, 0.16019966280210685], "bond": [997.2824805984832, 0.062273853773831225], "ele": [-23962.54980649911, 0.191224130685439], "vdw": [2867.3084758839773, 0.07824986306448521]}, "p045": {"total": [-20090.42598366927, 0.25169322291122265], "bond": [1003.4249265114914, 0.0798693771293071], "ele": [-23962.4328643454, 0.2947644160573317], "vdw": [2868.581954164655, 0.1159399472615132]}}