{"a000": {"total": [-20099.479181953953, 0.1514068941751386], "bond": [996.1169708496296, 0.08269509352306427], "ele": [-23962.35732644637, 0.22946193635403175], "vdw": [2866.7611736428194, 0.08946738702667317]}, "p045": {"total": [-20090.346473990307, 0.15249627498079127], "bond": [1003.3901937921287, 0.06362795941666435], "ele": [-23962.356456087742, 0.18887402670431055], "vdw": [2868.6197883053087, 0.07983670054868416]}}