{"a00": {"total": [-20021.026496945935, 0.24174457358289628], "bond": [30.73163046754149, 0.009141720750208141], "ang": [80.39114184452343, 0.014312955418987246], "dih": [80.3035493321023, 0.014949475146388155], "v14": [32.28944950986379, 0.003997928338600746], "e14": [720.0984123314835, 0.06269038576638995], "ele": [-23810.58058284363, 0.341131606898385], "vdw": [2845.739902412198, 0.11636562300374957]}, "r00": {"total": [-20016.04385115034, 0.22037240455896367], "bond": [31.382577952053182, 0.009593061454002745], "ang": [82.43203742553426, 0.031952278301905356], "dih": [77.12553956213922, 0.03567866630193977], "v14": [32.318697783530546, 0.005054883864243401], "e14": [721.5321024475039, 0.0436695608822999], "ele": [-23811.07511178611, 0.3189907758158001], "vdw": [2850.240305465012, 0.14539280529287588]}}