{"a00": {"total": [-20020.439622379647, 0.25279775637619345], "bond": [30.907892026985355, 0.006626891965744934], "ang": [81.0250289018657, 0.019625409660342066], "dih": [78.92833975337365, 0.02194878706506352], "v14": [32.64782825160288, 0.004020443896831285], "e14": [721.6548527636284, 0.07929868407350446], "ele": [-23812.819626860175, 0.37436151569650916], "vdw": [2847.2160627830585, 0.1499404654990811]}, "r00": {"total": [-20016.017721242857, 0.23065795871420453], "bond": [31.370907380241402, 0.008273629474622457], "ang": [82.40331002565952, 0.03395444549264967], "dih": [77.15259850923162, 0.03826561132518511], "v14": [32.3186557189973, 0.007870095948192737], "e14": [721.5304816492487, 0.05895867342157001], "ele": [-23811.13650929942, 0.33037977360149245], "vdw": [2850.3428347731756, 0.11727951795282161]}}