{"a00": {"total": [-20089.998351327995, 0.20289588949318388], "bond": [31.624259989996258, 0.008212493705839518], "ang": [82.09081692142614, 0.02053770765948219], "dih": [83.76447569459583, 0.025844481200445937], "v14": [33.32370359454302, 0.005416791568165914], "e14": [711.8468825164986, 0.05059442434287412], "ele": [-23884.47688266459, 0.2820392416215707], "vdw": [2851.828392619532, 0.10487673786343239]}, "r00": {"total": [-20084.42027926875, 0.1996745495557993], "bond": [31.914975617891326, 0.01089658922947316], "ang": [82.65106765138479, 0.03584626070220928], "dih": [82.93676900048366, 0.060846883422826535], "v14": [33.06094859393721, 0.005885608727665989], "e14": [710.1395031056965, 0.04383575378966414], "ele": [-23878.815064287697, 0.28026448994551606], "vdw": [2853.6915210495577, 0.1015234389831247]}}