{"a00": {"total": [-20091.64237616058, 0.4116275737474112], "bond": [31.40965467813773, 0.006805343864527416], "ang": [81.00088583484495, 0.016105767899985704], "dih": [85.24398769180061, 0.01767934124528343], "v14": [32.90672687492684, 0.00921156443714343], "e14": [711.2203911902214, 0.05956577314799013], "ele": [-23883.321091003894, 0.615144620231731], "vdw": [2849.8970685733793, 0.21164651628358894]}, "r00": {"total": [-20084.355160117488, 0.30076341914559407], "bond": [31.906453790235396, 0.009282821729488909], "ang": [82.64675411648076, 0.02903076567058863], "dih": [82.96199114382436, 0.03736498915467813], "v14": [33.056839412872165, 0.008047362187254407], "e14": [710.1193128788125, 0.060707445331566204], "ele": [-23878.739694492666, 0.4088051415160153], "vdw": [2853.6931830329486, 0.13089556547179165]}}