{"a000": {"total": [-20186.262593102227, 0.16674369158057684], "bond": [986.2223784259573, 1.0797523625305347], "ele": [-24039.812355729435, 0.7139441139375391], "vdw": [2867.3273842012727, 0.4985457720870056]}, "p045": {"total": [-20177.66318178042, 0.15391827554469745], "bond": [990.7026307672985, 0.17702252966729157], "ele": [-24037.13491468929, 0.3046677401328169], "vdw": [2868.769102141564, 0.08811642560156879]}}