{"a00": {"total": [-21993.197274881146, 0.5665389567996392], "bond": [40.10637658249486, 0.13392166591222016], "ang": [91.41587304188798, 0.6367467592718641], "dih": [148.00768968466082, 1.4538236407935237], "v14": [38.13264526306226, 0.08772627389108531], "e14": [838.8180711858994, 0.38337674308116654], "ele": [-26270.820334088483, 0.6049476759391327], "vdw": [3121.1424034493225, 0.2632918803787352]}, "r00": {"total": [-21992.78442617106, 0.4314560312122729], "bond": [40.399810856426456, 0.03966282121185055], "ang": [92.44733115005367, 0.22163434122975065], "dih": [145.46995820653098, 0.4919488020193486], "v14": [38.00361864689451, 0.07623219909557336], "e14": [838.5433758889468, 0.3493412181789418], "ele": [-26271.209789238037, 0.3993917758248762], "vdw": [3123.5612683181444, 0.09050496583196134]}}