{"a00": {"total": [-21992.421879968046, 0.5837469121968016], "bond": [39.87821766822994, 0.1352072478051069], "ang": [90.58394734704552, 0.5446370762582705], "dih": [151.06956009557666, 1.6169408881718765], "v14": [38.31667647729478, 0.12130080321748413], "e14": [840.6028226352503, 0.48053134399809594], "ele": [-26273.24325551181, 0.7964452530679077], "vdw": [3120.370151320374, 0.2871082068587356]}, "r00": {"total": [-21991.513578013135, 0.9230252809556213], "bond": [40.47667691070661, 0.051522054865302265], "ang": [92.39064067668674, 0.4341086206685366], "dih": [145.70913611102443, 1.1292583426955503], "v14": [38.46772476957774, 0.3203397465080288], "e14": [839.6427650684576, 0.9922498371227744], "ele": [-26271.6440482359, 1.0978707980945364], "vdw": [3123.4435266863097, 0.11493795178780285]}}