{"a00": {"total": [-22026.764666290495, 0.2091385824989675], "bond": [37.86617697066284, 0.012284485701807658], "ang": [88.37834108398663, 0.042784842598505145], "dih": [91.41488192287954, 0.06706681500951649], "v14": [40.49651831607206, 0.008673352820654812], "e14": [860.211175545569, 0.07945834047060063], "ele": [-26283.674633943094, 0.29662756624037734], "vdw": [3138.542873813413, 0.10746005478214093]}, "r00": {"total": [-22025.55426822529, 0.2286168396379334], "bond": [37.9490895077449, 0.009780306085093251], "ang": [87.92016763480319, 0.03536732408221616], "dih": [91.87572445538665, 0.05300711389463239], "v14": [40.10079345679442, 0.004879033271850504], "e14": [860.1137536164028, 0.0544865085433218], "ele": [-26283.68064334904, 0.32745406383882303], "vdw": [3140.1668464526124, 0.1206549603972794]}}