{"a000": {"total": [-22125.2965817336, 0.25601890271534294], "bond": [1172.9925043756502, 0.5631671519518604], "ele": [-26453.669986476056, 0.45177715992695466], "vdw": [3155.3809003668052, 0.16555912201538953]}, "p045": {"total": [-22115.971808409748, 0.176486865077823], "bond": [1187.6707726626983, 0.07676372819531363], "ele": [-26459.595552897386, 0.31401624866759337], "vdw": [3155.9529718249423, 0.102638364187059]}}