{"a00": {"total": [-22027.321592987315, 0.23927999868557923], "bond": [37.77195424911455, 0.006888859353331208], "ang": [87.67138010075143, 0.017978052983679233], "dih": [91.84380564903007, 0.032029646104913635], "v14": [40.315019461762944, 0.010283125994236548], "e14": [860.5043317227793, 0.058417807233098036], "ele": [-26283.5514118072, 0.36770282284164996], "vdw": [3138.123327636447, 0.1476138651220542]}, "r00": {"total": [-22025.714564501708, 0.2552219837528611], "bond": [37.96990987561261, 0.013048699204957088], "ang": [87.9779923362252, 0.05927656819955643], "dih": [91.81815251467725, 0.07500439188906823], "v14": [40.093448095868965, 0.005544808856184031], "e14": [860.1160451284959, 0.06014022144080988], "ele": [-26283.91947866201, 0.36263454729484057], "vdw": [3140.229366209436, 0.12566482449704106]}}