{"a000": {"total": [-22125.2965817336, 0.25601890271534294], "bond": [36.241347974688104, 0.053574258415732726], "ang": [86.38381818214019, 0.16703068571529456], "dih": [156.95907180220016, 0.469620798958861], "v14": [48.94738338543881, 0.1900805747234004], "e14": [844.4608830311827, 0.3548496516258211], "ele": [-26453.669986476056, 0.45177715992695466], "vdw": [3155.3809003668052, 0.16555912201538953]}, "p045": {"total": [-22115.971808409748, 0.176486865077823], "bond": [35.209148908207275, 0.0053570269941091144], "ang": [80.13524491112784, 0.01626723144796937], "dih": [170.77139320251828, 0.02882825420765109], "v14": [49.46560364462244, 0.0052891840557093076], "e14": [852.0893819962233, 0.057045533942886306], "ele": [-26459.595552897386, 0.31401624866759337], "vdw": [3155.9529718249423, 0.102638364187059]}, "r014": {"total": [-22124.40500816841, 0.5669352887145129], "bond": [36.82073584199805, 0.09511340307085571], "ang": [88.48419106207598, 0.46851599145060097], "dih": [150.74456714792953, 1.15556506129732], "v14": [48.770670713453846, 0.2916726959531131], "e14": [841.7514011221297, 0.8817629643899261], "ele": [-26449.56507653059, 1.2173137309137727], "vdw": [3158.58850247459, 0.11702472133142021]}}