{"a000": {"total": [-22125.152475976516, 0.6564713350877529], "bond": [1170.0423212684752, 1.962178945398011], "ele": [-26450.872938639328, 1.10376162545404], "vdw": [3155.6781413943295, 0.34410344161395584]}, "p045": {"total": [-22116.021574619983, 0.17488649989792027], "bond": [1187.7265529376493, 0.08884358490053221], "ele": [-26459.70714209867, 0.2962554058928564], "vdw": [3155.9590145410352, 0.16624720440105262]}}