{"a000": {"total": [-22125.152475976516, 0.6564713350877529], "bond": [36.37900071209303, 0.20777430139781233], "ang": [86.48058880987924, 1.0075019626422554], "dih": [155.30762938821906, 2.256494061469747], "v14": [49.04633069404925, 0.1982507274591874], "e14": [842.8287716642341, 0.8598852431798969], "ele": [-26450.872938639328, 1.10376162545404], "vdw": [3155.6781413943295, 0.34410344161395584]}, "p045": {"total": [-22116.021574619983, 0.17488649989792027], "bond": [35.2059588162727, 0.005741532106423348], "ang": [80.10024413273774, 0.02348860728687945], "dih": [170.80930118020342, 0.041297095219644996], "v14": [49.462591167967645, 0.004471052309473095], "e14": [852.1484576404683, 0.07304395259689545], "ele": [-26459.70714209867, 0.2962554058928564], "vdw": [3155.9590145410352, 0.16624720440105262]}, "r014": {"total": [-22125.844397807872, 0.4018698403571899], "bond": [36.95601398076994, 0.047029880595040964], "ang": [89.12402194239358, 0.2385354233319375], "dih": [148.95499724988045, 0.6251938101474913], "v14": [48.46386559259776, 0.078856793270577], "e14": [840.5673836642612, 0.3584013819610817], "ele": [-26448.50524360764, 0.516322567505519], "vdw": [3158.5945633698725, 0.08580938870341273]}}