{"a00": {"total": [-21860.956736754586, 0.26930175919921207], "bond": [35.47901807594104, 0.01720726979629667], "ang": [87.58015043822668, 0.027003471597997923], "dih": [94.0558481155523, 0.032724235606717215], "v14": [38.45229833000628, 0.007138635928625787], "e14": [813.1922762584649, 0.06305507491734226], "ele": [-26061.509434690473, 0.3857356196074747], "vdw": [3131.7931067177014, 0.13956774763187352]}, "r00": {"total": [-21861.918712945248, 0.2828950770740882], "bond": [35.781029813763745, 0.019583230485010695], "ang": [87.97448615560099, 0.08504388640430956], "dih": [93.62271317312208, 0.11251084117308945], "v14": [37.897083984293246, 0.009597660660378824], "e14": [811.7713756695745, 0.06054414739856472], "ele": [-26061.25482484901, 0.36134983286556965], "vdw": [3132.289423107396, 0.10664666776785084]}}