{"a000": {"total": [-21954.620840700427, 0.932494943784195], "bond": [1124.4502202800647, 1.92988893600245], "ele": [-26227.384197081603, 1.0187499831613904], "vdw": [3148.3131361011256, 0.14219110018500444]}, "p045": {"total": [-21946.64988517444, 0.15152250038941412], "bond": [1141.5711668794409, 0.08736664316569273], "ele": [-26235.993946365124, 0.24430269052183512], "vdw": [3147.7728943112484, 0.12613670628930648]}}