{"a000": {"total": [-21954.620840700427, 0.932494943784195], "bond": [34.69959698021264, 0.1773008167521523], "ang": [88.41880366558594, 0.7532322434305013], "dih": [160.2305517267863, 1.9072118928802864], "v14": [46.12205893627398, 0.1474008696685335], "e14": [794.9792089712056, 0.8098048061166657], "ele": [-26227.384197081603, 1.0187499831613904], "vdw": [3148.3131361011256, 0.14219110018500444]}, "p045": {"total": [-21946.64988517444, 0.15152250038941412], "bond": [33.58822675855064, 0.005300329712860819], "ang": [82.1600491400388, 0.018313759737596455], "dih": [175.01493351918114, 0.041114799932095505], "v14": [46.62397906670635, 0.005492970037892283], "e14": [804.1839783949639, 0.06614508116152679], "ele": [-26235.993946365124, 0.24430269052183512], "vdw": [3147.7728943112484, 0.12613670628930648]}, "r014": {"total": [-21954.816332840423, 0.9970835608055733], "bond": [35.22066734005262, 0.04054349163729932], "ang": [90.635392598903, 0.26643706274320395], "dih": [155.0969100892021, 0.588451822615757], "v14": [46.28291309890658, 0.4346702344231166], "e14": [794.3458389960031, 0.8763416308469687], "ele": [-26226.695574426012, 0.7454929951915924], "vdw": [3150.2975194625296, 0.11265849718022788]}}