{"a00": {"total": [-21861.21519892701, 0.2768099821512263], "bond": [35.48271134255516, 0.00957462543627925], "ang": [87.42174103488361, 0.018590412658705858], "dih": [94.28447359785041, 0.026817484177238626], "v14": [38.395316743655144, 0.006186426554932086], "e14": [812.9469228662774, 0.06993743807137191], "ele": [-26061.155579787814, 0.4254271968807861], "vdw": [3131.409215275572, 0.17274162716895064]}, "r00": {"total": [-21861.92521618845, 0.2572965598787665], "bond": [35.7656697525442, 0.01048990721130402], "ang": [87.86824234159093, 0.03904741309056759], "dih": [93.74287409613018, 0.05403788021623436], "v14": [37.91038011025578, 0.0057127712242275325], "e14": [811.8629881980755, 0.07395118175478571], "ele": [-26061.31977152728, 0.3517552055271855], "vdw": [3132.244400840247, 0.12618686404080542]}}