{"a000": {"total": [-21955.330823696077, 0.5047678738253715], "bond": [1124.5069282356785, 1.3943552635267498], "ele": [-26227.742817167655, 0.9113987110536501], "vdw": [3147.9050652359006, 0.19401671205272464]}, "p045": {"total": [-21946.643383546685, 0.15527695659687663], "bond": [1141.510491671182, 0.06616559088148437], "ele": [-26235.82768086925, 0.22296002104028917], "vdw": [3147.673805651383, 0.09416369310054991]}}