{"a000": {"total": [-21955.330823696077, 0.5047678738253715], "bond": [34.82451141292488, 0.1486345860584774], "ang": [89.02155444109776, 0.686790753732927], "dih": [159.07466176960102, 1.4290126529639335], "v14": [46.19130325889917, 0.20296847124894343], "e14": [795.3948973531558, 0.8030030829168102], "ele": [-26227.742817167655, 0.9113987110536501], "vdw": [3147.9050652359006, 0.19401671205272464]}, "p045": {"total": [-21946.643383546685, 0.15527695659687663], "bond": [33.577766999968084, 0.005890822212726596], "ang": [82.14865922834119, 0.016737757736522092], "dih": [174.98576589035181, 0.03509462838168415], "v14": [46.63016978774255, 0.005430639609073158], "e14": [804.1681297647784, 0.05389887939448418], "ele": [-26235.82768086925, 0.22296002104028917], "vdw": [3147.673805651383, 0.09416369310054991]}, "r014": {"total": [-21955.26044960219, 0.7262987408147715], "bond": [35.24338256037977, 0.05850302828682913], "ang": [90.57377815744272, 0.3990435004440436], "dih": [154.75426436409003, 0.9760165286226854], "v14": [46.06038853810302, 0.27639093063012615], "e14": [793.9983323658, 0.9750604845497532], "ele": [-26226.164202230255, 1.0247270178296457], "vdw": [3150.2736066422653, 0.09028295953089047]}}