{"a000": {"total": [-21942.167779189876, 0.17129809555839123], "bond": [1148.7637491707608, 0.29020420784335804], "ele": [-26232.75587668389, 0.47298828567836904], "vdw": [3141.8243483232595, 0.0937441685212751]}, "p045": {"total": [-21934.57517818859, 0.14515864296661998], "bond": [1157.5687884755657, 0.121985792905723], "ele": [-26235.45348940884, 0.29316473283319927], "vdw": [3143.3095227446925, 0.11915452418985852]}}