{"a00": {"total": [-21853.4686530818, 0.3101726326252299], "bond": [36.83846479464536, 0.0076815788883967395], "ang": [94.18520183810897, 0.022456750323961536], "dih": [98.54966470203564, 0.02304079656128397], "v14": [40.25538620502354, 0.007659289044706405], "e14": [817.6203083630281, 0.09420660860796884], "ele": [-26065.69701018061, 0.4092304217953923], "vdw": [3124.779331195968, 0.12288426862611065]}, "r00": {"total": [-21849.075806581797, 0.24456144765874374], "bond": [37.21131731500834, 0.010157725693448744], "ang": [94.85269817946329, 0.040647970669449834], "dih": [98.01437332152474, 0.05566238851952187], "v14": [39.901525747310856, 0.006030172614345489], "e14": [815.4488131367068, 0.06275521674982545], "ele": [-26062.31047626106, 0.35629415581804696], "vdw": [3127.8059419792494, 0.11583312232398224]}}