{"a00": {"total": [-21812.720159265613, 0.2245453177187061], "bond": [38.09393711341486, 0.027807648965198516], "ang": [93.36250844767845, 0.13353448661026893], "dih": [166.92729649557904, 0.2892282176695961], "v14": [37.709673499190885, 0.014230589826971023], "e14": [798.6256342932137, 0.10838452683718441], "ele": [-26054.49520467139, 0.2738350417107212], "vdw": [3107.0559955566932, 0.10506831862863288]}, "r00": {"total": [-21814.63044904084, 0.5962586386051834], "bond": [39.36477201218434, 0.05605862608194713], "ang": [99.27962846718381, 0.24537857124002507], "dih": [153.30964006457774, 0.6424051532900614], "v14": [37.12227294857887, 0.19237301893140937], "e14": [793.3996990085435, 0.5072630113401986], "ele": [-26048.55413660545, 0.4206903637597026], "vdw": [3111.447675063522, 0.09530040981479944]}}