{"a00": {"total": [-21853.57219758204, 0.2930488029852836], "bond": [36.82715124174018, 0.008545200901951341], "ang": [94.12568940234493, 0.016434423420613894], "dih": [98.73227932836676, 0.02684296981422063], "v14": [40.22102053379432, 0.007524149132530442], "e14": [817.348938359673, 0.09061447333703036], "ele": [-26065.654275574736, 0.4804023003080185], "vdw": [3124.826999126789, 0.14180367071661784]}, "r00": {"total": [-21849.178294464033, 0.3221713263615658], "bond": [37.1958307378824, 0.009574879496996036], "ang": [94.79739737359755, 0.047276474343729114], "dih": [98.04197738586868, 0.07619237135112075], "v14": [39.90783457523686, 0.008774288585518002], "e14": [815.5136853237308, 0.0574741166344416], "ele": [-26062.346520831572, 0.44164790533922266], "vdw": [3127.7115009712165, 0.14796430895485221]}}