{"a00": {"total": [-21813.15971564421, 0.6141726521495515], "bond": [38.23665594086909, 0.192829986294015], "ang": [93.92847761300881, 0.9566612152605153], "dih": [165.19220473607322, 2.156072255946992], "v14": [37.63194628055659, 0.11075631178405829], "e14": [797.6386841612114, 0.8910901956200138], "ele": [-26053.316831777254, 1.2543971669514968], "vdw": [3107.529147401317, 0.3081482145017602]}, "r00": {"total": [-21814.89715281064, 0.69711895940694], "bond": [39.39273015833141, 0.07439521411925687], "ang": [99.40686760599341, 0.36681762591606776], "dih": [153.0058145670815, 0.9914415769006436], "v14": [37.17942941718706, 0.2302454132907027], "e14": [793.6490352895574, 0.6947621552097413], "ele": [-26048.919625480048, 0.7551413989442879], "vdw": [3111.3885956312433, 0.11017496041657196]}}