{"a000": {"total": [-21942.62053253696, 0.16132309673862086], "bond": [1148.5889796917963, 0.43536950225959764], "ele": [-26233.059740727702, 0.3900944497173839], "vdw": [3141.8502284989677, 0.11110057718972416]}, "p045": {"total": [-21934.678877503367, 0.13776523885798905], "bond": [1157.443237829321, 0.15663074884919495], "ele": [-26235.49548050525, 0.23345141075045794], "vdw": [3143.37336517257, 0.08190810420816418]}}