{"a00": {"total": [-21805.639269622425, 0.170165983152808], "bond": [38.71900977584453, 0.009016654309224844], "ang": [97.89757936561365, 0.05261110327311044], "dih": [169.94404071063732, 0.09370013438328448], "v14": [37.49939803561357, 0.01050421116231915], "e14": [798.9110555110319, 0.09622746846336064], "ele": [-26054.903782920217, 0.24985129314405521], "vdw": [3106.2934298990376, 0.09788458651929453]}, "r00": {"total": [-21809.07213233032, 0.2463561402437238], "bond": [40.243872645658826, 0.04108863995555416], "ang": [105.2039206417176, 0.265981042769099], "dih": [152.53529815134408, 0.5592771714740924], "v14": [36.689734358653354, 0.0677300866221686], "e14": [791.7381258219671, 0.17796062495281348], "ele": [-26046.7902009556, 0.47204444784247057], "vdw": [3111.307117005929, 0.09936251811222256]}}