{"a00": {"total": [-21848.806895550613, 0.30630886097951143], "bond": [37.511531110816314, 0.008151510363681762], "ang": [98.32543027822456, 0.02340203928494839], "dih": [100.49649473791592, 0.044225369910944175], "v14": [40.078321445904834, 0.0113171794953278], "e14": [817.0996437246891, 0.10045582969818034], "ele": [-26066.426333853273, 0.3545271639113262], "vdw": [3124.1080170051055, 0.1280557294173165]}, "r00": {"total": [-21843.062840458726, 0.3878441924737938], "bond": [37.83097817910404, 0.014412944772420729], "ang": [98.79447898649708, 0.06276313849570232], "dih": [100.05538466604555, 0.061392895060839836], "v14": [39.82672058570043, 0.009648162173961895], "e14": [814.6250058779167, 0.07702370606056608], "ele": [-26061.30709533014, 0.5409171860548718], "vdw": [3127.1116865761537, 0.12176384052217577]}}