{"a000": {"total": [-21935.532648095825, 0.2032584776382919], "bond": [1156.5858313333706, 0.22360317054527398], "ele": [-26233.619624042316, 0.30325018867282383], "vdw": [3141.501144613108, 0.11934950287344614]}, "p045": {"total": [-21927.69925001271, 0.14770245495364331], "bond": [1164.670448651796, 0.12457291652097893], "ele": [-26235.63253997925, 0.21325564591117951], "vdw": [3143.262841314742, 0.08668620029613693]}}