{"a00": {"total": [-21848.26462350394, 0.22309574115632624], "bond": [37.50580315420825, 0.006760171215365168], "ang": [98.14933460547788, 0.02244608377713095], "dih": [101.02948758644375, 0.042673373020409015], "v14": [40.07989222873666, 0.009969953843363228], "e14": [816.4625216837456, 0.09317555402341995], "ele": [-26065.13967023244, 0.3444481586492413], "vdw": [3123.6480074698766, 0.10750580932105512]}, "r00": {"total": [-21843.79194210931, 0.2662217065283921], "bond": [37.849096616856635, 0.010582068543308282], "ang": [98.80857608304427, 0.03364430758027998], "dih": [99.97369400150953, 0.048617345838598953], "v14": [39.79902245101331, 0.00930631891743002], "e14": [814.830341080834, 0.11796599205235157], "ele": [-26062.312226434715, 0.37932638900467736], "vdw": [3127.2595540921266, 0.11584124914333628]}}