{"a000": {"total": [-21935.532648095825, 0.2032584776382919], "bond": [35.9494989294433, 0.13977601840220713], "ang": [98.06035321154451, 0.8546352684492126], "dih": [171.8414224865145, 1.5647139092806552], "v14": [48.96423658391514, 0.2376096199011297], "e14": [801.7703201219541, 0.13548236392156232], "ele": [-26233.619624042316, 0.30325018867282383], "vdw": [3141.501144613108, 0.11934950287344614]}, "p045": {"total": [-21927.69925001271, 0.14770245495364331], "bond": [35.392765034255675, 0.0074497307149540325], "ang": [94.92422485402085, 0.028153064608448925], "dih": [179.13085848659196, 0.043435736425529455], "v14": [49.15328272542361, 0.008605017875539822], "e14": [806.0693175515039, 0.07743090769085026], "ele": [-26235.63253997925, 0.21325564591117951], "vdw": [3143.262841314742, 0.08668620029613693]}, "r014": {"total": [-21936.806719555734, 0.36655265421167627], "bond": [37.001169315337414, 0.05173647600994316], "ang": [103.63758204848865, 0.15318124663386187], "dih": [158.3098922853235, 0.5117686548093452], "v14": [47.67839187444868, 0.2673612053136625], "e14": [792.3156237754273, 1.53228032628949], "ele": [-26221.555521096532, 1.7485714291956924], "vdw": [3145.806142241765, 0.09124302843674845]}}