{"a000": {"total": [-21936.079923539248, 0.39838295133984075], "bond": [35.90682278908745, 0.11388979741627903], "ang": [97.54533964283912, 0.6334076867144415], "dih": [172.45963454581496, 1.4349962698937289], "v14": [48.60567525644838, 0.03642490162569751], "e14": [800.835478648038, 0.6233940720461368], "ele": [-26232.974300446796, 0.8353116598663792], "vdw": [3141.5414260253106, 0.24979107882561014]}, "p045": {"total": [-21927.755129705398, 0.15326372550747686], "bond": [35.4012199345395, 0.006842941067273394], "ang": [94.96215944346946, 0.03266071825284195], "dih": [179.11038541892992, 0.03814540701300207], "v14": [49.15905148989491, 0.011992977694779663], "e14": [805.9849496658024, 0.0809414727121086], "ele": [-26235.75655960831, 0.2044050196222029], "vdw": [3143.3836639502765, 0.08382953882432846]}, "r014": {"total": [-21936.672886993518, 0.4657003825245828], "bond": [37.019646620099344, 0.05660165572511498], "ang": [103.45311460131775, 0.3055269912499748], "dih": [158.79254815924963, 0.7821367559005425], "v14": [48.3389893450455, 0.20583736437622988], "e14": [795.1818466833345, 0.593042237801726], "ele": [-26225.59587631519, 0.8221472342729116], "vdw": [3146.136843912629, 0.11457674068490015]}}