{"a000": {"total": [-21898.06501763309, 0.2621652443038176], "bond": [1188.8544920977736, 0.46325430409178264], "ele": [-26232.651371961747, 0.27505104077639886], "vdw": [3145.731862230889, 0.09157344342390769]}, "p045": {"total": [-21891.351597411765, 0.14055024035174396], "bond": [1201.0077533348565, 0.08192192463895699], "ele": [-26238.66042820178, 0.2687678797674905], "vdw": [3146.301077455172, 0.08892804091620261]}}