{"a00": {"total": [-21855.27832650767, 0.29749234326346796], "bond": [35.767615963349364, 0.008733182125054634], "ang": [91.33824316193167, 0.016380989316443273], "dih": [99.78684571761492, 0.020583975625232995], "v14": [38.25681740070356, 0.0058498474443799894], "e14": [816.2235236212116, 0.06459574080170188], "ele": [-26065.594310417342, 0.4534215757108172], "vdw": [3128.94293804487, 0.12787761292025596]}, "r00": {"total": [-21854.206665038855, 0.2612627564226846], "bond": [36.13507147481997, 0.011012469402090264], "ang": [92.16919795007871, 0.03726359943738636], "dih": [99.07968088910351, 0.04882651565959993], "v14": [37.730257025395744, 0.00468271970784297], "e14": [814.674094613043, 0.0619879657534987], "ele": [-26064.619519623702, 0.44284635477568735], "vdw": [3130.6245526323987, 0.19259264419764777]}}