{"a00": {"total": [-21819.177923014962, 0.3717477217726366], "bond": [37.313764410792864, 0.09182899211007217], "ang": [90.90313039191031, 0.43919838038714026], "dih": [164.06432568382579, 1.0056537073597185], "v14": [35.085553624939486, 0.10872023570906042], "e14": [796.8405983342441, 0.3346045909805864], "ele": [-26054.494168932604, 0.44418624640760535], "vdw": [3111.108873471926, 0.1276040821481184]}, "r00": {"total": [-21823.11381511296, 0.3138479143282724], "bond": [38.419005151781796, 0.054326807676184294], "ang": [96.15214918745866, 0.2974218988870224], "dih": [151.88702431495446, 0.6841790934026654], "v14": [34.24653174587021, 0.03346228705766743], "e14": [792.2733477459253, 0.27055915424639154], "ele": [-26050.490891504265, 0.43238390232844875], "vdw": [3114.3990182453085, 0.12510026930552237]}}