{"a00": {"total": [-21855.438026950338, 0.31664953911301746], "bond": [35.74081085685288, 0.008013133514826668], "ang": [91.4208738631389, 0.03365218000150295], "dih": [99.56578537874191, 0.0313002307101952], "v14": [38.31670238520918, 0.005533031963770369], "e14": [816.2887285179627, 0.06828918212845451], "ele": [-26065.93735256505, 0.49046035802128957], "vdw": [3129.166424612829, 0.1870263688068956]}, "r00": {"total": [-21853.955770958637, 0.2591573457960811], "bond": [36.13926344119288, 0.012426643936393972], "ang": [92.27036697866666, 0.0477656143938118], "dih": [98.96087027732253, 0.06497357079206145], "v14": [37.72049580012174, 0.0072005976785106075], "e14": [814.692159494375, 0.06547236125094527], "ele": [-26064.45484654765, 0.42791110972805885], "vdw": [3130.715919597335, 0.17865385979818094]}}