{"a000": {"total": [-21898.014456600267, 0.23544121851712407], "bond": [34.53985434154733, 0.041436454820215234], "ang": [142.05895356660332, 0.22587826506287537], "dih": [166.51612056104463, 0.40897496434879127], "v14": [45.8454111903618, 0.06955760120867116], "e14": [799.8138195870943, 0.32695634136378476], "ele": [-26232.667776336246, 0.39690176110058284], "vdw": [3145.8791604893327, 0.10636462856813976]}, "p045": {"total": [-21890.96704666801, 0.1434622804161496], "bond": [34.004255910078825, 0.005338454274583102], "ang": [138.90201756694745, 0.021236678527861846], "dih": [174.88364919444373, 0.03035949594932624], "v14": [46.207450337696066, 0.004266415015848105], "e14": [807.0038994050113, 0.053727573667951646], "ele": [-26238.136862174902, 0.2038055586426643], "vdw": [3146.168543092714, 0.10146119732990536]}, "r014": {"total": [-21899.43033509207, 0.4169723716273231], "bond": [35.63918743694193, 0.031808283681591915], "ang": [147.3038238117192, 0.1811060733187526], "dih": [154.9444878911605, 0.41294029277475697], "v14": [45.64764164239285, 0.2188669236628633], "e14": [796.9695938158808, 0.5256418611131611], "ele": [-26228.898616829887, 0.5930432776507236], "vdw": [3148.963547139708, 0.09887246856816086]}}