{"a00": {"total": [-21970.203887599593, 0.2562640154907651], "bond": [36.018623249655214, 0.008369154664633451], "ang": [92.75148333449069, 0.02202017727924617], "dih": [91.16613932180104, 0.024238412533908068], "v14": [38.406338630306784, 0.005596371160528148], "e14": [842.8472857997256, 0.09303479810070496], "ele": [-26206.199208190905, 0.37939874499382364], "vdw": [3134.8054502553346, 0.12240170274400129]}, "r00": {"total": [-21970.585839575884, 0.28702854203027894], "bond": [36.353523830770655, 0.011074614627330037], "ang": [93.17451122789, 0.050024533707460433], "dih": [90.41703466695988, 0.06738256742091331], "v14": [37.808544201196135, 0.00632562112300469], "e14": [841.6182694537792, 0.07446575926367467], "ele": [-26205.470306615876, 0.43934554837858736], "vdw": [3135.5125836593857, 0.14141688926324453]}}