{"a000": {"total": [-22056.242530499618, 0.2653834510998019], "bond": [1156.5469767223804, 0.5072352381063258], "ele": [-26368.038181313597, 0.3577193907316766], "vdw": [3155.2486740915974, 0.10595928319085002]}, "p045": {"total": [-22048.949682051436, 0.1520233196738061], "bond": [1171.0829479170475, 0.07181811488049052], "ele": [-26375.202036213996, 0.22350036361512918], "vdw": [3155.1694062454985, 0.1060846209199813]}}