{"a000": {"total": [-22057.444462288087, 0.44555366247446676], "bond": [35.21546171144915, 0.1306563298398464], "ang": [93.06547793607636, 0.6782766105632441], "dih": [155.47109680658977, 1.35414377264082], "v14": [46.83268101772674, 0.09460047447596016], "e14": [823.0076376301661, 0.5294164426829625], "ele": [-26366.791126870467, 0.6967704534456672], "vdw": [3155.7543094803777, 0.25076719956590093]}, "p045": {"total": [-22048.959875951725, 0.13422358581204893], "bond": [34.12055677856496, 0.00796507358512569], "ang": [86.83968491505821, 0.03181160876297976], "dih": [170.39720080777934, 0.03151089493824689], "v14": [47.36475798039045, 0.005832596455290974], "e14": [832.4246046463641, 0.05146900724566352], "ele": [-26375.23334032546, 0.1907750150402118], "vdw": [3155.126659245576, 0.1289157028014219]}, "r014": {"total": [-22058.64927635097, 0.5865693330739806], "bond": [35.74411543940346, 0.04953888462836125], "ang": [95.49624234207695, 0.2557116845972114], "dih": [149.4836620902656, 0.7066496749134551], "v14": [46.20643030082942, 0.26956272205893195], "e14": [819.6687565204867, 1.2651744769004079], "ele": [-26363.156005463534, 1.3249350540286942], "vdw": [3157.907522419483, 0.09301694011325774]}}