{"a000": {"total": [-22057.444462288087, 0.44555366247446676], "bond": [1153.5923551020078, 1.237666035399359], "ele": [-26366.791126870467, 0.6967704534456672], "vdw": [3155.7543094803777, 0.25076719956590093]}, "p045": {"total": [-22048.959875951725, 0.13422358581204893], "bond": [1171.1468051281581, 0.06109486502524074], "ele": [-26375.23334032546, 0.1907750150402118], "vdw": [3155.126659245576, 0.1289157028014219]}}