{"a00": {"total": [-21928.844440809647, 0.9390024724919457], "bond": [38.129959841419115, 0.22545052620272443], "ang": [95.64371254717781, 1.0623046574033217], "dih": [150.0400148396267, 2.3953406147132275], "v14": [35.14247879673064, 0.14690816886219105], "e14": [820.187743552336, 0.7465063354023833], "ele": [-26189.162255628555, 0.8630458622539263], "vdw": [3121.1739052416383, 0.2811110640730284]}, "r00": {"total": [-21928.621169055135, 0.9876158412591087], "bond": [38.52164264927829, 0.0721954218341416], "ang": [97.25882259944271, 0.4562828811887579], "dih": [146.55605281199615, 1.1353586879236346], "v14": [35.026489184970295, 0.35558685931015355], "e14": [818.2265678656283, 1.5082314032656767], "ele": [-26187.400706418666, 1.4460067366048446], "vdw": [3123.1899622522046, 0.1593400982919521]}}