{"a00": {"total": [-21970.067826298917, 0.24673858115350755], "bond": [35.91615382883676, 0.007879144681575289], "ang": [92.30931102728377, 0.023087411950010732], "dih": [91.62785864231773, 0.02579651914688469], "v14": [38.299901734570966, 0.014350564984100802], "e14": [842.8647431177546, 0.09851610651045328], "ele": [-26205.379573362618, 0.3631803958907329], "vdw": [3134.293778712951, 0.1330229549842232]}, "r00": {"total": [-21970.694321388604, 0.27162880117421123], "bond": [36.37034046444423, 0.011486663524778394], "ang": [93.17025657615322, 0.046342578412714594], "dih": [90.3878428137569, 0.07750735973893066], "v14": [37.80653273218651, 0.005426434912184779], "e14": [841.5347999251888, 0.06258863541123011], "ele": [-26205.60167382732, 0.446141274245406], "vdw": [3135.637579927, 0.19602256527531195]}}