{"a00": {"total": [-22008.633312942173, 0.21534001475097433], "bond": [38.09851003017582, 0.0366895533981046], "ang": [93.40289757279712, 0.12301978672871614], "dih": [157.85005248795412, 0.28241410642081033], "v14": [35.936658358858125, 0.0335329228971855], "e14": [811.4149062093106, 0.06599615801270539], "ele": [-26266.20533485896, 0.22759672426728292], "vdw": [3120.8689972576876, 0.10647644150075863]}, "r00": {"total": [-22010.768303980316, 0.2916625695021143], "bond": [39.08674703881225, 0.05223402563443982], "ang": [97.29193408468204, 0.2240399126978381], "dih": [147.50012663134382, 0.5526856445934178], "v14": [35.16206184391771, 0.03522429825075001], "e14": [808.6414204918492, 0.18598086482950216], "ele": [-26261.265516598847, 0.3285505449883795], "vdw": [3122.814922527933, 0.10404583083505226]}}