{"a000": {"total": [-22145.672444681346, 0.7693643462689669], "bond": [35.43229292914477, 0.21789386371015224], "ang": [90.53195042614286, 1.0474340694091469], "dih": [155.74160219356838, 2.426999503428655], "v14": [46.82203628505354, 0.14784600058897387], "e14": [813.6761352603165, 1.0464875255108586], "ele": [-26443.49852383941, 1.4417690668856311], "vdw": [3155.62206206386, 0.20317350277548646]}, "p045": {"total": [-22136.015429798692, 0.14128300494638485], "bond": [34.42693382379134, 0.01582288757708189], "ang": [84.9110339275277, 0.06170258055887239], "dih": [169.48949116243222, 0.03891066874975539], "v14": [47.37488899531036, 0.03671583401915005], "e14": [822.3230123255732, 0.4530469496914234], "ele": [-26449.691144252833, 0.46481921208909577], "vdw": [3155.150354219503, 0.09919201638438907]}, "r014": {"total": [-22144.572432699006, 1.2098327557624726], "bond": [35.88377366211959, 0.0789917485852109], "ang": [92.95714962601456, 0.28412022753560046], "dih": [150.43552181682767, 1.1518915181168692], "v14": [46.398013104542905, 0.3876350805107009], "e14": [809.724778625582, 1.531591345907642], "ele": [-26438.07184084055, 1.7786087858347666], "vdw": [3158.10017130644, 0.11435541316180943]}}