{"a00": {"total": [-22006.576029341042, 0.1856426614930226], "bond": [38.38720811922372, 0.052012887420072304], "ang": [94.19073306101322, 0.19821740814600639], "dih": [159.776236629714, 0.5455280654358674], "v14": [36.500744274117864, 0.04506464294458268], "e14": [812.5519978430477, 0.3331823973189988], "ele": [-26266.21005146963, 0.5293820729709456], "vdw": [3118.2271022014725, 0.18841732840854672]}, "r00": {"total": [-22008.317079343007, 0.2117745083696751], "bond": [39.61204929389899, 0.04820093514726388], "ang": [99.48395801722691, 0.23160832175080465], "dih": [147.03177780597096, 0.5064876036834706], "v14": [35.62071585623275, 0.05110057653494043], "e14": [808.2329060239631, 0.26217088964215424], "ele": [-26259.534619360187, 0.5077595997240799], "vdw": [3121.2361330198787, 0.09858841815233899]}}