{"a00": {"total": [-22038.582066058854, 0.21905029866867115], "bond": [36.92828321429123, 0.006710686287799868], "ang": [94.46962094564327, 0.012975462428919938], "dih": [97.27856118696397, 0.026367777239792806], "v14": [39.64147753168094, 0.009634035603350565], "e14": [832.365220200094, 0.0603479847099962], "ele": [-26276.39688771438, 0.30498536676754223], "vdw": [3137.1316585768604, 0.1180024734500717]}, "r00": {"total": [-22037.554403118073, 0.25508986348364154], "bond": [37.27160646775442, 0.010734588059378884], "ang": [94.97047304539056, 0.06455468009654122], "dih": [96.67362055957295, 0.09676006122806095], "v14": [38.947605626238044, 0.006395680292956257], "e14": [830.4323188680066, 0.1154101876463463], "ele": [-26273.401681111056, 0.4444399991769314], "vdw": [3137.551653426011, 0.11316141369664505]}}