{"a000": {"total": [-22143.13975138224, 0.16330691178496617], "bond": [1148.3879288716334, 0.19830266726513548], "ele": [-26445.305323477627, 0.2190056334525368], "vdw": [3153.777643223774, 0.1176925181657748]}, "p045": {"total": [-22133.711128032362, 0.16289376391295252], "bond": [1162.0128872926362, 0.09709894295539097], "ele": [-26449.54114554714, 0.2366914708770741], "vdw": [3153.8171302221585, 0.14759300408964493]}}