{"a00": {"total": [-22039.176104383103, 0.22022111973781136], "bond": [36.64882539067363, 0.00724108600844725], "ang": [93.54884232972206, 0.023735843428171106], "dih": [96.26748386671842, 0.026983580744223776], "v14": [39.227162337273406, 0.009136525489292679], "e14": [832.2025679881191, 0.07460622767843789], "ele": [-26275.98502981102, 0.307664160251135], "vdw": [3138.9140435154095, 0.10545255543137502]}, "r00": {"total": [-22039.28021297488, 0.28638804688927205], "bond": [36.90536121154671, 0.01411601392542758], "ang": [93.50402015186675, 0.06177291540800744], "dih": [96.09176673800579, 0.0848859267321341], "v14": [38.54362876522325, 0.0062466845186379474], "e14": [830.4466633534496, 0.06313344461234478], "ele": [-26273.874385952335, 0.4280202455507847], "vdw": [3139.102732757349, 0.13808820714402645]}}