{"a000": {"total": [-22144.890190884667, 0.2872129170834736], "bond": [35.16676237061527, 0.047134906042166365], "ang": [89.93346025342203, 0.20662719665089557], "dih": [158.10298303567382, 0.39547180544420635], "v14": [47.039175352226934, 0.04284153104643028], "e14": [814.4864259529413, 0.12594967277225574], "ele": [-26445.239585583582, 0.3717697335183567], "vdw": [3155.620587734047, 0.11070200300503191]}, "p045": {"total": [-22136.46627826815, 0.14888586372439838], "bond": [34.42592969064395, 0.005478923440173064], "ang": [84.83394956448812, 0.03795095619254446], "dih": [169.52657960698014, 0.03938336769436937], "v14": [47.40137113211634, 0.00591331385292258], "e14": [822.7650471803441, 0.09775873107069595], "ele": [-26450.694894843873, 0.22307649362873017], "vdw": [3155.2757394011583, 0.09373533979348424]}, "r014": {"total": [-22145.57411052344, 0.6149811538935007], "bond": [36.08769463151644, 0.06138248207843143], "ang": [93.43479801287741, 0.299503876206321], "dih": [148.76835668175954, 0.8353039656026301], "v14": [46.51476704570409, 0.11158654075090903], "e14": [811.6801273205173, 0.4728105382538882], "ele": [-26439.962250765417, 0.4985266408585999], "vdw": [3157.9023965495894, 0.09697444805479898]}}