{"a000": {"total": [-22142.63914263694, 0.17302328421858018], "bond": [1150.144283482384, 0.6384269556320832], "ele": [-26446.205827943897, 0.5719730117403771], "vdw": [3153.4224018245673, 0.11615299862205317]}, "p045": {"total": [-22133.74908463144, 0.1599862232416119], "bond": [1161.8405512402894, 0.12194350990862746], "ele": [-26449.206877725825, 0.2503583241274957], "vdw": [3153.617241854096, 0.11270709281503312]}}