{"a00": {"total": [-22039.832081599307, 0.25488807240635986], "bond": [36.5900397636465, 0.007265944801934582], "ang": [92.88570536142849, 0.02009424537147401], "dih": [96.84949734708326, 0.027045387493990106], "v14": [39.09096229641297, 0.012257356076793268], "e14": [832.2864847083256, 0.059907451898913194], "ele": [-26276.145586328686, 0.3431548477673684], "vdw": [3138.6108152524807, 0.15377420151504256]}, "r00": {"total": [-22039.3530853903, 0.2461397117647549], "bond": [36.883007070046, 0.009952196653533309], "ang": [93.32789332984864, 0.040836274750429544], "dih": [96.2701631077771, 0.05701991130256163], "v14": [38.556869986947476, 0.006255463955419553], "e14": [830.4980711485949, 0.055047452446643934], "ele": [-26273.921649987104, 0.34526968943669367], "vdw": [3139.032559953565, 0.1104312594632206]}}