{"a00": {"total": [-22038.477515630257, 0.2740565424727035], "bond": [36.97704792873406, 0.006965985056897589], "ang": [94.85574646684985, 0.0240147021503485], "dih": [96.97804039126588, 0.032245505627689144], "v14": [39.72144967949718, 0.005941437760902245], "e14": [832.4190642865761, 0.06422928367280305], "ele": [-26276.69476071996, 0.3930805209180118], "vdw": [3137.265896336769, 0.15568441301855176]}, "r00": {"total": [-22037.63398685468, 0.24289913768206095], "bond": [37.312457421834836, 0.015374607258393748], "ang": [95.14456002878038, 0.06864736079687157], "dih": [96.42710418558448, 0.0929335936510397], "v14": [38.931096580854614, 0.007042408108020479], "e14": [830.2761724606734, 0.06892164381391581], "ele": [-26273.319314017863, 0.37854539555814315], "vdw": [3137.5939364854735, 0.11450528776696767]}}