{"a000": {"total": [-22145.672444681346, 0.7693643462689669], "bond": [1142.2040170942257, 2.35440180689986], "ele": [-26443.49852383941, 1.4417690668856311], "vdw": [3155.62206206386, 0.20317350277548646]}, "p045": {"total": [-22136.015429798692, 0.14128300494638485], "bond": [1158.5253602346347, 0.45097359313202207], "ele": [-26449.691144252833, 0.46481921208909577], "vdw": [3155.150354219503, 0.09919201638438907]}}