{"a00": {"total": [-21859.59436286759, 0.31972088515523706], "bond": [36.64831051537932, 0.00999524744076375], "ang": [91.20973838290729, 0.015677751580966202], "dih": [96.68007042296206, 0.018285037700719823], "v14": [40.72172579630488, 0.008679878210364058], "e14": [814.3496557683364, 0.09428269212275175], "ele": [-26064.331148601967, 0.46506114896542605], "vdw": [3125.1272848484864, 0.16199018438420792]}, "r00": {"total": [-21856.72067299808, 0.2877235562095276], "bond": [37.09356284422105, 0.013033186657975761], "ang": [92.2721133868829, 0.050631355736639946], "dih": [95.43091714192116, 0.07028539222487232], "v14": [40.11608515974462, 0.00647918142476673], "e14": [812.2222460661708, 0.06009013837077707], "ele": [-26061.192987532893, 0.4223885495991336], "vdw": [3127.33738993586, 0.13676777675775145]}}