{"a000": {"total": [-21951.017022444892, 0.16858044043697698], "bond": [35.204302474932064, 0.11072554808207025], "ang": [88.31697349755676, 0.558495857879031], "dih": [166.5975208663816, 1.1074869903583722], "v14": [49.568386107970966, 0.07827616371957874], "e14": [803.1439550534546, 0.23111535528271054], "ele": [-26235.54255306187, 0.3338022117175841], "vdw": [3141.694392616692, 0.08646148020112933]}, "p045": {"total": [-21943.560764666006, 0.14866373327428314], "bond": [34.80493632667741, 0.005555471372016035], "ang": [86.01650412031697, 0.018689095327639477], "dih": [173.16771903392285, 0.04211745353143741], "v14": [49.73284223824199, 0.006068439355248912], "e14": [808.3653627571001, 0.06231111816226739], "ele": [-26238.715534144354, 0.25454221256936305], "vdw": [3143.067405002093, 0.08432155272572815]}, "r014": {"total": [-21952.617015875385, 0.64949248233418], "bond": [36.47244049425561, 0.10322005507056846], "ang": [94.6662148932296, 0.39474146657807124], "dih": [152.4504430634906, 1.2087249348250593], "v14": [48.84644216165831, 0.14284797820156941], "e14": [797.2300712642686, 0.6691615193505629], "ele": [-26228.057514441378, 0.9888995802950146], "vdw": [3145.774886689088, 0.16321060828613473]}}