{"a00": {"total": [-21859.58901818919, 0.21911133924041945], "bond": [36.60622926394045, 0.007675436558922306], "ang": [91.32559340760501, 0.015615667263227937], "dih": [96.42359152014504, 0.01919936801895308], "v14": [40.88790251802931, 0.005436991158089319], "e14": [814.3071218017486, 0.0707746556050844], "ele": [-26064.615724020063, 0.3090501999416829], "vdw": [3125.4762673193873, 0.10634350895933745]}, "r00": {"total": [-21856.32236952278, 0.28017280669370676], "bond": [37.10106549854048, 0.014006717114396341], "ang": [92.2646715081066, 0.04883361761529262], "dih": [95.44447141031843, 0.06770740927775568], "v14": [40.12585631474028, 0.00657629563828773], "e14": [812.366154544726, 0.06926603811151907], "ele": [-26060.98527132676, 0.446034166030679], "vdw": [3127.3606825275538, 0.15221280774309032]}}