{"a000": {"total": [-21951.809578025626, 0.30437436393119965], "bond": [35.15019644816607, 0.09777084832842468], "ang": [87.94507676361894, 0.522169037167734], "dih": [166.79474635285564, 1.0403596191774271], "v14": [49.55994063034053, 0.04686594565071041], "e14": [798.9713921287681, 0.375233163318666], "ele": [-26232.22884381439, 0.7899241757835079], "vdw": [3141.9979134650202, 0.1269356497138859]}, "p045": {"total": [-21943.885003680698, 0.15926235564056881], "bond": [34.776217615553534, 0.007108940882700791], "ang": [85.64855243218695, 0.027911522639216646], "dih": [173.75525309792127, 0.037357031097405576], "v14": [49.69776569391238, 0.006741542846590924], "e14": [804.3705537364176, 0.11356083588416942], "ele": [-26235.10392809863, 0.23911242514617867], "vdw": [3142.9705818419247, 0.09847458105488587]}, "r014": {"total": [-21952.324443728943, 0.46117092531821113], "bond": [36.38775535518919, 0.07746982000898388], "ang": [94.40123233903833, 0.35774827030935913], "dih": [153.59316152075732, 0.9471657827865497], "v14": [48.98589686135168, 0.13862838484860684], "e14": [793.7830924364282, 0.531064775381257], "ele": [-26225.316011193867, 0.7890614342870496], "vdw": [3145.8404289521627, 0.09418525124662985]}}