{"a00": {"total": [-21860.041564231597, 0.2570488739667802], "bond": [36.73445915089685, 0.00867301622309746], "ang": [91.52396837586015, 0.013700663255156028], "dih": [95.04678695676579, 0.018520701365847547], "v14": [40.78611337382933, 0.0053682704583817515], "e14": [817.9609905680861, 0.06790487406088312], "ele": [-26067.31121467664, 0.3602027848516481], "vdw": [3125.217332019591, 0.12551564859847622]}, "r00": {"total": [-21857.120439550526, 0.39218146905717327], "bond": [37.1175986401047, 0.009923812048184367], "ang": [92.29535108495256, 0.04601966956680201], "dih": [94.25121609437633, 0.05898868859800603], "v14": [40.227238825509325, 0.00720786405965259], "e14": [816.2777051360657, 0.06034141837413543], "ele": [-26064.690627379878, 0.5042861122380469], "vdw": [3127.401078048348, 0.14225693881384402]}}