{"a00": {"total": [-21860.229511928002, 0.260596353314371], "bond": [36.74191101206516, 0.007354410600503028], "ang": [91.41557930533024, 0.012772140980356157], "dih": [95.10881078141982, 0.016909086700427695], "v14": [40.666190361218064, 0.007788460624402832], "e14": [817.8874463589382, 0.07316838695564398], "ele": [-26066.80398177631, 0.3941871787157237], "vdw": [3124.7545320293502, 0.1560236073826454]}, "r00": {"total": [-21856.933916579124, 0.24178644284252626], "bond": [37.135335515789876, 0.012332944058408617], "ang": [92.33811193245613, 0.04724699042659241], "dih": [94.18046720609009, 0.05707872429453227], "v14": [40.21208027027039, 0.005307886525297829], "e14": [816.2544191678836, 0.05626215324355857], "ele": [-26064.39013052102, 0.3247998797306863], "vdw": [3127.3357998494184, 0.11353075591454438]}}