{"a00": {"total": [-21822.243273805037, 0.7012493093650396], "bond": [38.238712326604535, 0.258756393878562], "ang": [91.33709911255751, 1.2041513048762031], "dih": [159.84596624737878, 2.66352633208314], "v14": [37.87895655694066, 0.1898054283044598], "e14": [794.6128737209947, 1.0793998392621678], "ele": [-26052.337040401235, 1.4729824323361846], "vdw": [3108.180158631706, 0.4187182779192926]}, "r00": {"total": [-21825.008035303985, 0.2927319564165097], "bond": [39.474904748810225, 0.03430295971792278], "ang": [96.94275228697695, 0.20669508132759914], "dih": [147.1170605507195, 0.5004178639342358], "v14": [37.074803144550714, 0.11101830011979327], "e14": [790.2237147914166, 0.40646053504067936], "ele": [-26046.9814864781, 0.5548937687987279], "vdw": [3111.1402156516497, 0.10291707327478206]}}