{"a00": {"total": [-21868.470950743183, 0.2250624651175935], "bond": [36.72272812996527, 0.008739212281465231], "ang": [91.40975892414845, 0.018889049488392692], "dih": [96.53193995242894, 0.020929898806141767], "v14": [41.070475073285756, 0.007032957573331315], "e14": [800.5810323476184, 0.08546975277565308], "ele": [-26059.777530095376, 0.31445004967009826], "vdw": [3124.9906449247505, 0.11777106715167188]}, "r00": {"total": [-21864.680077640307, 0.26996346521778236], "bond": [37.117023299687595, 0.013662699072298022], "ang": [92.2952593956276, 0.03872710109276977], "dih": [95.62579122426934, 0.049799277087417604], "v14": [40.61662211606459, 0.006377973620822828], "e14": [799.1713294500858, 0.05438026896604873], "ele": [-26056.829998601534, 0.4075054942959789], "vdw": [3127.323895475492, 0.159512503507466]}}