{"a00": {"total": [-21831.02179658372, 1.469501471582916], "bond": [38.54891045531209, 0.37476671126715405], "ang": [92.62963703531575, 1.8053125949872584], "dih": [157.51080364601356, 4.0467434637226605], "v14": [38.07105836152021, 0.24332763743075325], "e14": [780.2100577294955, 1.5691110286712886], "ele": [-26046.390891251795, 1.4700996994945374], "vdw": [3108.3986274404037, 0.7501298310878373]}, "r00": {"total": [-21833.08278623642, 0.20254945783441397], "bond": [39.52578800018939, 0.05161947570261716], "ang": [97.08155316126694, 0.20716537266666674], "dih": [147.33725377491342, 0.509205612144931], "v14": [37.38057551983926, 0.0299173418415762], "e14": [776.6973356324684, 0.15890263554859077], "ele": [-26042.228228144402, 0.3433762186530442], "vdw": [3111.122935819304, 0.1116498556105953]}}