{"a00": {"total": [-21868.11152450395, 0.3267955931254259], "bond": [36.76105070212409, 0.007238382844480117], "ang": [91.61790434551703, 0.018853871666435637], "dih": [96.2359661797898, 0.017613439468256758], "v14": [41.11894650434666, 0.005859707682022102], "e14": [800.8960554256769, 0.06523993125037686], "ele": [-26059.818453617296, 0.3871292641000209], "vdw": [3125.077005955895, 0.10382805356601842]}, "r00": {"total": [-21864.82236717297, 0.23432029937315976], "bond": [37.13115778727426, 0.01345660644368187], "ang": [92.37864469806502, 0.0643177968375247], "dih": [95.5338498240493, 0.08540338593023981], "v14": [40.59571773477674, 0.006053002469374484], "e14": [799.1032750476795, 0.055566815529576145], "ele": [-26056.813110947503, 0.33124468913633887], "vdw": [3127.248098682676, 0.11322950269452643]}}