{"a000": {"total": [-21962.152419395927, 0.6614540211271628], "bond": [36.44226928818258, 0.1393222191992724], "ang": [94.34794669654136, 0.7737243824623243], "dih": [154.16061044194305, 1.5542706532493582], "v14": [49.65701017960576, 0.2605872074328025], "e14": [781.0387976324666, 1.0135610064681548], "ele": [-26221.821469606286, 1.0851503610781126], "vdw": [3144.022415971612, 0.28815184912078623]}, "p045": {"total": [-21952.29896237211, 0.1349114315603782], "bond": [34.847443990040595, 0.005277716525451397], "ang": [85.92123368450957, 0.021769042334799864], "dih": [174.04391197115402, 0.03123323093514083], "v14": [50.17506598077602, 0.004529133523438711], "e14": [791.0245975677612, 0.07090178081483212], "ele": [-26231.61024785743, 0.22431161935389368], "vdw": [3143.299032291074, 0.12575380798222294]}, "r014": {"total": [-21959.049134467798, 0.48709451989322133], "bond": [36.484469295159904, 0.04177866555417122], "ang": [94.4212762656535, 0.2352039391277009], "dih": [155.2074652289881, 0.6407938330570061], "v14": [49.37442049236289, 0.2729981760256697], "e14": [777.6655582490059, 0.9886361044708615], "ele": [-26218.64065980562, 1.1578244396601334], "vdw": [3146.438335806653, 0.15490490778747273]}}