{"a00": {"total": [-21829.33449033003, 0.2376233667923381], "bond": [37.97362293723236, 0.021762730157710897], "ang": [90.029825240132, 0.10691948125570833], "dih": [163.67818674045105, 0.2026994315164174], "v14": [38.434593289168404, 0.017035388308077284], "e14": [782.7309129175902, 0.10362247971926665], "ele": [-26049.18754299374, 0.2574655277023479], "vdw": [3107.005911539135, 0.09116876601689179]}, "r00": {"total": [-21831.66330384195, 0.7498324558788761], "bond": [39.32421197943337, 0.05663349846416267], "ang": [96.09331380503697, 0.3408382737389221], "dih": [149.91806613870767, 0.8977071774448769], "v14": [37.52380110091714, 0.05033085791030868], "e14": [776.2978820363496, 0.5874750689606206], "ele": [-26042.162708212643, 0.7335372977962726], "vdw": [3111.3421293102397, 0.1500119933037221]}}