{"a000": {"total": [-21962.152419395927, 0.6614540211271628], "bond": [1115.646634238738, 1.7048561574703218], "ele": [-26221.821469606286, 1.0851503610781126], "vdw": [3144.022415971612, 0.28815184912078623]}, "p045": {"total": [-21952.29896237211, 0.1349114315603782], "bond": [1136.0122531942413, 0.07897310875541828], "ele": [-26231.61024785743, 0.22431161935389368], "vdw": [3143.299032291074, 0.12575380798222294]}}