{"a00": {"total": [-21942.095109439957, 0.3850661538177226], "bond": [37.924901757366186, 0.07722890647327267], "ang": [95.30396231414278, 0.36985844152440966], "dih": [156.8437366204346, 0.7738329160970235], "v14": [36.57932187265689, 0.05096843904792621], "e14": [766.5689752555231, 0.17629179525105276], "ele": [-26154.465452393826, 0.34443925912388795], "vdw": [3119.1494451337503, 0.10090123497224236]}, "r00": {"total": [-21945.37010071173, 0.2952964177199671], "bond": [38.987517180586, 0.04807499259340987], "ang": [99.69480834708561, 0.2493531846977643], "dih": [145.986961152665, 0.5445443552651774], "v14": [35.61923571041379, 0.029830347881968103], "e14": [764.1512593985315, 0.1970237692465097], "ele": [-26151.80015191258, 0.6236831631663623], "vdw": [3121.9902694115817, 0.15276004653710487]}}