{"a000": {"total": [-22073.220861170757, 0.7380100749930787], "bond": [35.456152580604645, 0.21727307036710602], "ang": [93.89902995092073, 1.1100377838444602], "dih": [157.2975381922489, 2.297938168618167], "v14": [47.99126932816309, 0.12871201222273546], "e14": [767.5913128361187, 0.796979159144782], "ele": [-26330.049759357014, 1.1491336879258582], "vdw": [3154.593595298206, 0.2037842551972804]}, "p045": {"total": [-22064.766653880884, 0.1693260596810317], "bond": [34.44541819871261, 0.010046536912739833], "ang": [88.48146352057084, 0.03675802301658758], "dih": [171.0802241256126, 0.035914671150170926], "v14": [48.24591365056525, 0.013510637848878484], "e14": [775.9173296299671, 0.19395619810752313], "ele": [-26336.902683625874, 0.30589038044562167], "vdw": [3153.9656806195535, 0.11174006002278514]}, "r014": {"total": [-22074.181747597697, 0.3046690943098855], "bond": [36.157289862061305, 0.052519477111487314], "ang": [97.35591650380495, 0.19771125328534933], "dih": [149.96822068481742, 0.5892427104759925], "v14": [47.255463728384825, 0.05107901845232852], "e14": [764.4497737943733, 0.3104135783150335], "ele": [-26325.900283184947, 0.49411931547889204], "vdw": [3156.531871013816, 0.13847900320425072]}}