{"a00": {"total": [-21985.94640318982, 0.21462206018606597], "bond": [36.35047081708329, 0.00845282478906465], "ang": [94.74610704099763, 0.018655739135005976], "dih": [91.60252311413355, 0.025034207604867877], "v14": [38.872455280829044, 0.005939219482748737], "e14": [788.386414727879, 0.07110006575161178], "ele": [-26169.040399655456, 0.30449640205240847], "vdw": [3133.136025484706, 0.1110505590690477]}, "r00": {"total": [-21986.251240660895, 0.216479197215448], "bond": [36.705443614831765, 0.012063905827671086], "ang": [95.15398557146824, 0.03227762413264149], "dih": [90.85353051544115, 0.04792558968282499], "v14": [38.20658052248006, 0.0062212874776873175], "e14": [786.7371963846285, 0.06956206106438059], "ele": [-26168.10318076186, 0.3066586051349443], "vdw": [3134.195203492123, 0.1110708536199659]}}