{"a00": {"total": [-21986.187336483716, 0.23983326840489594], "bond": [36.26266258041495, 0.008212652420336516], "ang": [94.30763748865563, 0.019470116119991072], "dih": [92.27254848547294, 0.03048470931870358], "v14": [38.72539779463596, 0.009552364061225045], "e14": [788.1650622185996, 0.13320590021449547], "ele": [-26168.906408639672, 0.36078943267596464], "vdw": [3132.9857635881694, 0.11153221781529862]}, "r00": {"total": [-21986.095976704994, 0.23709150193963457], "bond": [36.71206766642422, 0.01260187293579694], "ang": [95.17309011553056, 0.04863681461752152], "dih": [90.78655924253992, 0.0700246266968619], "v14": [38.2176099702612, 0.005817108002498043], "e14": [786.6403711779584, 0.08417517728248047], "ele": [-26167.788486107536, 0.29879708529055743], "vdw": [3134.162811229825, 0.1049237655809797]}}