{"a000": {"total": [-22072.068896341414, 0.22177773309088017], "bond": [34.93973767077222, 0.036500161973920725], "ang": [91.78387991132155, 0.15681347568642], "dih": [162.27349462716845, 0.2745199569952502], "v14": [48.18179412353409, 0.016566358594283147], "e14": [768.2199466455985, 0.09435466678453945], "ele": [-26331.099802428096, 0.2661201524150321], "vdw": [3153.6320531083193, 0.08898703241012276]}, "p045": {"total": [-22064.930117322896, 0.22115717466406093], "bond": [34.45759283778999, 0.0089702900541176], "ang": [88.49505911671596, 0.033531902292618536], "dih": [171.066724186162, 0.029963810890206354], "v14": [48.25010639056699, 0.015879161471560595], "e14": [775.8872571951864, 0.15720125256121487], "ele": [-26337.10447626609, 0.3953118822308768], "vdw": [3154.0176192167933, 0.09403714114192517]}, "r014": {"total": [-22072.42175010592, 0.6302450642129034], "bond": [36.00300617290211, 0.04999079279483749], "ang": [96.39771979306481, 0.25997890424898856], "dih": [152.25738812861562, 0.6644858358759593], "v14": [48.08040024401191, 0.2217750413409149], "e14": [766.6404199422069, 0.7267525210121569], "ele": [-26328.351072267134, 0.848507102957767], "vdw": [3156.550387880418, 0.12080006614128623]}}