{"a00": {"total": [-22021.525626676244, 0.24261001443259414], "bond": [40.55721241397043, 0.21161383856905147], "ang": [92.84567955776761, 0.8887766732236103], "dih": [157.50685225316982, 2.109325088383621], "v14": [39.24679738422837, 0.14236302350797464], "e14": [776.4952734416531, 0.571323746684445], "ele": [-26243.546474920462, 1.2120113322044652], "vdw": [3115.3690331934386, 0.3765142224530833]}, "r00": {"total": [-22020.354884022563, 0.4221324028681707], "bond": [41.384241606231434, 0.061476712723802486], "ang": [96.19603761407582, 0.27848970652651683], "dih": [149.59565693708674, 0.7416814032535354], "v14": [38.81869202787941, 0.13930949112834926], "e14": [774.6823380973872, 0.465135460485416], "ele": [-26240.452202015585, 0.6435925885212201], "vdw": [3119.4203517103533, 0.15337732677893734]}}