{"a000": {"total": [-22157.89541323458, 0.3267321033457059], "bond": [1116.2761625128599, 0.4347830951071872], "ele": [-26423.645244222782, 0.48561107873097226], "vdw": [3149.473668475345, 0.18796081163916184]}, "p045": {"total": [-22146.058558262703, 0.14312040877994778], "bond": [1130.7899102297458, 0.37291462009851534], "ele": [-26428.78312589651, 0.34020361620067774], "vdw": [3151.9346574040674, 0.09717482422488292]}}