{"a00": {"total": [-22055.736259350248, 0.26789360300578585], "bond": [38.676089922815336, 0.007515278708188462], "ang": [92.29381549124587, 0.017616716554260416], "dih": [95.61170585056614, 0.023508977675491205], "v14": [41.292600230973996, 0.008721180162035049], "e14": [796.9176154271768, 0.07305159178567769], "ele": [-26254.589097471955, 0.43435215022756196], "vdw": [3134.0610111989195, 0.17030461834224433]}, "r00": {"total": [-22052.591210108072, 0.23307433454082832], "bond": [38.89864717751019, 0.007568997093515037], "ang": [92.35509181470789, 0.020414339149508152], "dih": [95.39432114642668, 0.03663183967406792], "v14": [40.98329279447167, 0.0046398143868661736], "e14": [796.4850153912475, 0.05738085309703343], "ele": [-26253.077867991826, 0.32550998605042175], "vdw": [3136.3702895594074, 0.14521239541649933]}}