{"a000": {"total": [-22157.89541323458, 0.3267321033457059], "bond": [36.86977753852832, 0.11977367161929979], "ang": [89.57065839368569, 0.397052398554811], "dih": [159.47592319414505, 0.97660062316826], "v14": [50.3371394428969, 0.10790060972086236], "e14": [780.0226639436047, 0.25334320349158185], "ele": [-26423.645244222782, 0.48561107873097226], "vdw": [3149.473668475345, 0.18796081163916184]}, "p045": {"total": [-22146.058558262703, 0.14312040877994778], "bond": [36.060835895325205, 0.012092448476030897], "ang": [84.30060909434364, 0.07441143156678952], "dih": [171.968115181849, 0.030215966118229187], "v14": [50.60297158305033, 0.03215517311486847], "e14": [787.8573784751783, 0.4059452123650616], "ele": [-26428.78312589651, 0.34020361620067774], "vdw": [3151.9346574040674, 0.09717482422488292]}, "r014": {"total": [-22155.098639824548, 0.5167005505872657], "bond": [37.73342389544487, 0.06682084468729352], "ang": [92.783639159968, 0.3485135494818908], "dih": [151.56420113277164, 0.8860142943883302], "v14": [49.95222501679325, 0.2843847736377699], "e14": [777.4814043668692, 0.7587632757153947], "ele": [-26419.237182230536, 1.0223005855383946], "vdw": [3154.623648834121, 0.08622425410593278]}}