{"a000": {"total": [-22157.11912342817, 0.199920875561829], "bond": [36.62353808934167, 0.08687041429153129], "ang": [87.86685630320092, 0.3506881521596869], "dih": [162.4981997804273, 0.7173045999533708], "v14": [50.283667930522896, 0.04424688196796487], "e14": [780.7358740817386, 0.43976045920320583], "ele": [-26424.941612911185, 0.7021089830008861], "vdw": [3149.814353297803, 0.16834786691752063]}, "p045": {"total": [-22146.140611114835, 0.14569166704235692], "bond": [36.063117653404, 0.006161247193533974], "ang": [84.28639476807444, 0.021582779086435723], "dih": [171.92321868504564, 0.043341378131296196], "v14": [50.64412453953295, 0.006324580869223921], "e14": [788.1789449246886, 0.06198737542075922], "ele": [-26429.115943529392, 0.1914306101384863], "vdw": [3151.8795318438324, 0.0961660662041956]}, "r014": {"total": [-22155.906140132094, 0.48030072051836176], "bond": [37.66091179262613, 0.03790495854302732], "ang": [92.95738078650305, 0.17785229390314847], "dih": [151.10224625262842, 0.590679577170671], "v14": [49.377678762481814, 0.3369223662841687], "e14": [775.0758154311806, 1.769508927585718], "ele": [-26416.878667307887, 2.091577188513365], "vdw": [3154.7984941503814, 0.113006267821451]}}