{"a00": {"total": [-22056.25313884268, 0.24982189498350085], "bond": [38.68677579140688, 0.0074827696587885665], "ang": [92.39141524673882, 0.018269806022540625], "dih": [95.63425803155074, 0.020730785720613994], "v14": [41.4387196827621, 0.006871936252079825], "e14": [797.3340334238586, 0.07082578981026592], "ele": [-26255.407873770775, 0.3279831556633951], "vdw": [3133.6695327517887, 0.1053137135714568]}, "r00": {"total": [-22053.22074599686, 0.2165663712732151], "bond": [38.92497045882771, 0.016076861406924867], "ang": [92.4822668202479, 0.05325574347486986], "dih": [95.2463881906446, 0.0786603426079286], "v14": [40.96908150200578, 0.00618590317587415], "e14": [796.4300099310923, 0.07507457605179534], "ele": [-26253.92461765312, 0.29509908512014943], "vdw": [3136.6511547534274, 0.11883251580956242]}}