{"a00": {"total": [-22021.86357102986, 0.23500021141124572], "bond": [40.38235267053901, 0.0652786830453592], "ang": [92.1232605688376, 0.2780396606031849], "dih": [159.6232621249593, 0.5990254295003584], "v14": [39.46225240768115, 0.04596852449784324], "e14": [776.9108482426655, 0.1828532538023728], "ele": [-26245.320389590182, 0.2799950910967989], "vdw": [3114.954842545642, 0.11829888403599453]}, "r00": {"total": [-22021.013718329606, 0.30169211777672683], "bond": [41.46687882569261, 0.036684455475545254], "ang": [96.629272487714, 0.18434151828556783], "dih": [148.41336416456787, 0.4525031733684098], "v14": [38.639635927429325, 0.023211433165499902], "e14": [774.0247853345262, 0.1701571556612966], "ele": [-26239.636703761462, 0.28726612938743284], "vdw": [3119.4490486919276, 0.09642857126670036]}}