{"a00": {"total": [-22065.325624403424, 0.27571314803289565], "bond": [38.70058720886691, 0.012827590335751827], "ang": [92.82963665046276, 0.031660573316925546], "dih": [95.47479251436734, 0.04426579346437424], "v14": [41.51859111150137, 0.012815590699796462], "e14": [753.287855365901, 0.07511844278854829], "ele": [-26220.436228426883, 0.4158738358642556], "vdw": [3133.2991411723533, 0.12851338297942036]}, "r00": {"total": [-22062.93133574418, 0.20674494563135878], "bond": [38.876620805218344, 0.011254129582917207], "ang": [92.51182108455588, 0.04772638970777918], "dih": [95.25335280564794, 0.06792169861663248], "v14": [41.026904935107346, 0.006961947464278882], "e14": [752.3190690939181, 0.06593996376475994], "ele": [-26219.3857336571, 0.2969202788947066], "vdw": [3136.466629188475, 0.10742054466802319]}}