{"a00": {"total": [-22065.50205123298, 0.26738927793118844], "bond": [38.680430631994504, 0.010105401954032799], "ang": [92.42857882674699, 0.025430851276468283], "dih": [95.84282695398923, 0.041671098811364084], "v14": [41.27648132187754, 0.012728721638282505], "e14": [752.6650028852769, 0.07779536286388043], "ele": [-26220.09465278621, 0.39429833819608523], "vdw": [3133.6992809333447, 0.14253854579828112]}, "r00": {"total": [-22062.775983277883, 0.333131304481154], "bond": [38.877041363511665, 0.010177463930689301], "ang": [92.45449353976319, 0.044122330369376635], "dih": [95.3294235988733, 0.06450734587576694], "v14": [41.032668258092286, 0.006661147660045171], "e14": [752.2720726797761, 0.06249415820104742], "ele": [-26219.07309833931, 0.40829511279400826], "vdw": [3136.3314156214265, 0.1457869677201809]}}