{"a000": {"total": [-22167.56696108592, 0.2274811707317043], "bond": [1072.6557871681691, 0.43912151815520756], "ele": [-26389.58900825698, 0.31570993212130094], "vdw": [3149.366260002885, 0.12683803052797765]}, "p045": {"total": [-22156.30696710508, 0.1644110113498137], "bond": [1086.785797546763, 0.11612028378572689], "ele": [-26394.781080835714, 0.2499867867844083], "vdw": [3151.688316183887, 0.0873582710830499]}}