{"a000": {"total": [-22167.56696108592, 0.2274811707317043], "bond": [36.76595016694141, 0.04968631198518738], "ang": [89.55045435655894, 0.22674890768658318], "dih": [160.12850300614022, 0.5534008144608816], "v14": [50.248624767885104, 0.06243805665073027], "e14": [735.9622548706429, 0.1403733337736428], "ele": [-26389.58900825698, 0.31570993212130094], "vdw": [3149.366260002885, 0.12683803052797765]}, "p045": {"total": [-22156.30696710508, 0.1644110113498137], "bond": [36.01590808064138, 0.0064699383160367685], "ang": [84.19007579341792, 0.03257832887269787], "dih": [172.15681415450894, 0.030924646604006064], "v14": [50.6811658937197, 0.008261366877215239], "e14": [743.741833624475, 0.12153897554171003], "ele": [-26394.781080835714, 0.2499867867844083], "vdw": [3151.688316183887, 0.0873582710830499]}, "r014": {"total": [-22165.039890511915, 0.3263336502379041], "bond": [37.57663979699891, 0.05396943738689542], "ang": [92.33616888416742, 0.2680066080216428], "dih": [152.64710935284785, 0.7125156630529711], "v14": [49.80875551861622, 0.1669931838807793], "e14": [733.4154194607457, 0.5232613560747266], "ele": [-26385.32060680327, 0.8666888029597861], "vdw": [3154.4966232779952, 0.13732341348609664]}}