{"a00": {"total": [-22031.71579618143, 0.1772660099005324], "bond": [40.110664761255016, 0.01602423707048172], "ang": [91.08264010591765, 0.09735186335624285], "dih": [161.6752491309611, 0.2138947184195819], "v14": [39.622076678075516, 0.010401869643587702], "e14": [732.9270701459914, 0.18491033698506418], "ele": [-26211.62000972575, 0.28948276319499683], "vdw": [3114.486512722117, 0.13123671217867622]}, "r00": {"total": [-22030.583674309353, 0.25010030883055356], "bond": [41.29539621066451, 0.03635910327463233], "ang": [95.91032381739817, 0.1725190620835805], "dih": [150.20299408447113, 0.4362991986889129], "v14": [38.78522094352381, 0.03826858446151317], "e14": [730.1896548804123, 0.15118100848924443], "ele": [-26206.173094959384, 0.3582449972681577], "vdw": [3119.205830713566, 0.12538141073610642]}}