{"a000": {"total": [-22157.11912342817, 0.199920875561829], "bond": [1118.008136185231, 0.7328000457163732], "ele": [-26424.941612911185, 0.7021089830008861], "vdw": [3149.814353297803, 0.16834786691752063]}, "p045": {"total": [-22146.140611114835, 0.14569166704235692], "bond": [1131.0958005707455, 0.08748285746321173], "ele": [-26429.115943529392, 0.1914306101384863], "vdw": [3151.8795318438324, 0.0961660662041956]}}