{"a00": {"total": [-22054.249658125853, 0.2649413430729461], "bond": [38.30026323614401, 0.008538965872957023], "ang": [91.69133890531751, 0.02073075542629836], "dih": [94.55495275586914, 0.028944979004266753], "v14": [40.97456153019986, 0.005558767575725665], "e14": [782.7524597483563, 0.08325699320466697], "ele": [-26236.91403339417, 0.3854829008481563], "vdw": [3134.390799092449, 0.12600690844374113]}, "r00": {"total": [-22051.58992253487, 0.24137496899670866], "bond": [38.45508691507024, 0.015203704081604819], "ang": [91.53019797184834, 0.052862933213072734], "dih": [94.31556879515453, 0.0647955912056166], "v14": [40.67360687113917, 0.006448079751996704], "e14": [781.7582100927496, 0.06773614576977183], "ele": [-26234.864810295945, 0.33688011284530867], "vdw": [3136.542217115108, 0.12172040370931596]}}