{"a000": {"total": [-22152.81610571565, 0.32032472491123515], "bond": [36.343797221271124, 0.0502768813989044], "ang": [87.73776978511633, 0.2883584864742484], "dih": [159.04833883896785, 0.6349733003726584], "v14": [49.50319090725629, 0.050162190288719745], "e14": [770.5966863015307, 0.11821349697227337], "ele": [-26406.419824721695, 0.3255075367978312], "vdw": [3150.3739359519177, 0.10198654348341317]}, "p045": {"total": [-22142.19545900919, 0.15433753342597162], "bond": [35.65683402268259, 0.0061233720799852695], "ang": [82.85887794405504, 0.018948429780478768], "dih": [170.0911603868441, 0.03219463000030722], "v14": [50.03615024776253, 0.005310595505557234], "e14": [778.5488742582717, 0.051279167876733193], "ele": [-26411.632269797545, 0.20149726618251343], "vdw": [3152.2449139287373, 0.08057504114484126]}, "r014": {"total": [-22149.770485096997, 0.7820102073816385], "bond": [37.21646970818541, 0.04426451251745228], "ang": [91.40214716517045, 0.6983931437094469], "dih": [150.94661311818444, 0.6730898943887973], "v14": [49.78817166378631, 0.3126111928614351], "e14": [768.6048756374884, 0.9234751754891855], "ele": [-26402.504898629144, 1.3603834913738089], "vdw": [3154.776136239345, 0.46916929465958673]}}