{"a00": {"total": [-22053.92305372455, 0.26624864311377666], "bond": [38.250908411633304, 0.008767892913319324], "ang": [91.17777713209657, 0.027197879206524684], "dih": [95.30559317505364, 0.020993701188810835], "v14": [40.789429791374104, 0.008826194592543553], "e14": [782.0666220483367, 0.07866020532743906], "ele": [-26235.514551964472, 0.343383963457005], "vdw": [3134.0011676814197, 0.10425658642956268]}, "r00": {"total": [-22051.360792670574, 0.315028002382038], "bond": [38.457644727253154, 0.01641569879022687], "ang": [91.49976032377944, 0.06798954487127758], "dih": [94.37287536776128, 0.07663130343281588], "v14": [40.66044804924584, 0.006014652135053989], "e14": [781.6868788194536, 0.06905792727760632], "ele": [-26234.554460211737, 0.3996722705434625], "vdw": [3136.516060253687, 0.12163398384168618]}}