{"a000": {"total": [-22155.0474033574, 0.3533680095175583], "bond": [1098.02698395817, 1.2769856038143224], "ele": [-26403.996575368106, 1.4297217111868], "vdw": [3150.922188052525, 0.2858498522266169]}, "p045": {"total": [-22145.568598651105, 0.14142403798010672], "bond": [1112.2498740644548, 0.11750615397009823], "ele": [-26410.463588955114, 0.2527730653798606], "vdw": [3152.6451162395515, 0.08393093587208651]}}