{"a000": {"total": [-22152.628916551763, 0.22821674845904363], "bond": [1103.9679632616007, 1.0943237786933981], "ele": [-26406.808565544423, 0.796219306731153], "vdw": [3150.211685731056, 0.2530081917832951]}, "p045": {"total": [-22142.123702215293, 0.1537861393725552], "bond": [1117.080191811788, 0.17514353869578736], "ele": [-26411.434499395895, 0.25335030390930086], "vdw": [3152.2306053688076, 0.10231386726632057]}}