{"a00": {"total": [-22050.588574426463, 0.2614365396636452], "bond": [38.217703078038944, 0.007791848955407891], "ang": [91.18462634338204, 0.02572744120131537], "dih": [94.87701085078062, 0.03011593461993026], "v14": [40.93264218899044, 0.009976415383539078], "e14": [787.3852877424735, 0.08808160761180613], "ele": [-26236.682328181967, 0.4046445799036053], "vdw": [3133.4964835518326, 0.11391620125026636]}, "r00": {"total": [-22048.565654200258, 0.23419190967518935], "bond": [38.46164906377222, 0.010638420419043212], "ang": [91.42564079235154, 0.05284502722085827], "dih": [94.406181955666, 0.0611227440119781], "v14": [40.666007768941405, 0.004839223737034476], "e14": [786.6527638870524, 0.05094745708803218], "ele": [-26236.602292570697, 0.32972403606216316], "vdw": [3136.4243949026463, 0.13986144229407288]}}