{"a00": {"total": [-22050.641545173785, 0.22892573649584788], "bond": [38.2408976434223, 0.007369573260737511], "ang": [91.49837639993339, 0.01983153417867007], "dih": [94.58179450256979, 0.024441464470848103], "v14": [41.155084424006795, 0.005582456056038003], "e14": [787.9623183866217, 0.07255022874577091], "ele": [-26238.10136705699, 0.3616076730370253], "vdw": [3134.021350526648, 0.1335823223333091]}, "r00": {"total": [-22048.16756113079, 0.264459502160424], "bond": [38.49708919228681, 0.015456930658447788], "ang": [91.54414880423606, 0.04901109343312108], "dih": [94.28592948813449, 0.0662068839956127], "v14": [40.652902541450295, 0.005645940076763052], "e14": [786.6324290657285, 0.05648672074674155], "ele": [-26235.95110092273, 0.3960520114112717], "vdw": [3136.1710407001065, 0.13570621855468387]}}