{"a00": {"total": [-21966.85188567472, 0.27894669716435067], "bond": [36.70905557361369, 0.007979305446228692], "ang": [95.74711614801976, 0.02344645636573465], "dih": [92.26423053425034, 0.022923730443570236], "v14": [39.41950691711809, 0.005706468869396713], "e14": [843.3156970570575, 0.10920571547992683], "ele": [-26205.87686000576, 0.41698523161410933], "vdw": [3131.5693681009816, 0.13374788501577256]}, "r00": {"total": [-21966.313737886936, 0.27179418961719226], "bond": [37.14439174246291, 0.01158553810731805], "ang": [96.37895106567281, 0.05086632870515342], "dih": [91.26475625423915, 0.06671644912729441], "v14": [38.60696028445761, 0.008127041136541956], "e14": [841.321696800888, 0.07780476652160787], "ele": [-26203.3411632224, 0.3379168120169329], "vdw": [3132.3106691877542, 0.11161994947073145]}}