{"a00": {"total": [-21921.938051215035, 0.1557691522331874], "bond": [38.176401827911036, 0.01847914095028095], "ang": [95.54836302336834, 0.07357174158251509], "dih": [159.12965254725415, 0.12643889618391352], "v14": [36.85370066608347, 0.015874327706507898], "e14": [821.877108088983, 0.13425553771136434], "ele": [-26190.53546275878, 0.29902649632214157], "vdw": [3117.012185390145, 0.11930465544587425]}, "r00": {"total": [-21924.602848486164, 0.3669524865803756], "bond": [39.50201134835192, 0.04210858612487013], "ang": [101.17316978330275, 0.18258094017646598], "dih": [146.30081861498346, 0.4805723842914437], "v14": [35.73170418608411, 0.03012061355389356], "e14": [818.9905813383235, 0.1293298896917084], "ele": [-26186.51123457383, 0.522344738816677], "vdw": [3120.2101008166237, 0.10801971875316982]}}