{"a00": {"total": [-21921.53081940994, 0.2693562781267187], "bond": [38.140377956767395, 0.0361105353962652], "ang": [95.364534929372, 0.17018244047189054], "dih": [159.57365513867535, 0.328540246578471], "v14": [36.70131534702725, 0.03130635249081198], "e14": [822.6736039853329, 0.2138981134190578], "ele": [-26190.75216757453, 0.3630685939995063], "vdw": [3116.767860807429, 0.1069422351099228]}, "r00": {"total": [-21924.176097721196, 0.8847749936764933], "bond": [39.461395285921434, 0.07907012345830093], "ang": [100.95794024642365, 0.5073485299178103], "dih": [146.80264149732895, 1.276792681290927], "v14": [35.94342328465524, 0.23805646625649993], "e14": [818.9014534700799, 0.30842751817676933], "ele": [-26186.351111461514, 0.5458820662358762], "vdw": [3120.1081599559107, 0.10293065225741073]}}