{"a000": {"total": [-22051.680562705485, 0.46107586468249057], "bond": [35.36288354631476, 0.11408073561006671], "ang": [93.32580381062071, 0.564639184501276], "dih": [162.18689575339005, 1.2295777166930928], "v14": [48.215788999938546, 0.09289643204842933], "e14": [824.491750140445, 0.5068647221671133], "ele": [-26367.333882841038, 0.6429372374747065], "vdw": [3152.070197884849, 0.2467965720356873]}, "p045": {"total": [-22043.49079109958, 0.18538156195474853], "bond": [34.83088136805216, 0.014636296295113106], "ang": [90.04976641789827, 0.08711774237021319], "dih": [171.80736189737166, 0.04784885010839707], "v14": [48.4059432955295, 0.035842142108108536], "e14": [831.5814940774086, 0.5136294995809161], "ele": [-26372.283571120413, 0.5546012134177996], "vdw": [3152.117332964565, 0.11062561747413749]}, "r014": {"total": [-22052.41908712846, 0.6857489729428342], "bond": [36.46854916832245, 0.051208922218073195], "ang": [98.6125974686415, 0.22359412889347274], "dih": [151.51525551693933, 0.8218485726995164], "v14": [47.66239410282969, 0.138720288400289], "e14": [821.0324741662015, 0.4541209301476534], "ele": [-26362.48940150318, 0.5622579846286239], "vdw": [3154.779043951791, 0.11313334715696095]}}