{"a00": {"total": [-21966.692690704604, 0.2811815062613398], "bond": [36.62605570650626, 0.00941988284155687], "ang": [95.44138220105904, 0.01930655937458701], "dih": [92.6322912876666, 0.01768275458253507], "v14": [39.39648445380935, 0.006352106825942268], "e14": [843.8290079731843, 0.0997642655876015], "ele": [-26205.750577156836, 0.4510215133057864], "vdw": [3131.1326648300187, 0.14460532438901202]}, "r00": {"total": [-21966.290583629605, 0.22478953048599457], "bond": [37.148956150814946, 0.013578910788185088], "ang": [96.39978665150383, 0.054814190008159125], "dih": [91.20317681897284, 0.0747108891403099], "v14": [38.6061457383067, 0.005928112642682307], "e14": [841.2482948834289, 0.06347242185377965], "ele": [-26203.138584172313, 0.3265710872177809], "vdw": [3132.241640299697, 0.12877011785169867]}}