{"a00": {"total": [-22045.357085943248, 0.23414607211811353], "bond": [38.776188696763306, 0.008693671471469046], "ang": [93.64689519328543, 0.01897371259641715], "dih": [99.49244904745163, 0.03094810443391205], "v14": [42.09731335835903, 0.009775085802734847], "e14": [821.3224676281731, 0.06287599437325991], "ele": [-26274.247184941272, 0.37351026502352286], "vdw": [3133.5547850739817, 0.1534060002831993]}, "r00": {"total": [-22043.04540934911, 0.23099064429082855], "bond": [39.02032446491516, 0.01661618784142048], "ang": [93.42734891404142, 0.05053554690448738], "dih": [99.7134213272319, 0.06384090433334062], "v14": [41.401350354635575, 0.005478262808684119], "e14": [820.7057094089865, 0.05415285626203587], "ele": [-26273.156246926483, 0.3313219097807499], "vdw": [3135.8426831075526, 0.14188448148272276]}}