{"a000": {"total": [-22152.84690269873, 0.26873961036453947], "bond": [1134.7387761264947, 0.38809805543759834], "ele": [-26437.434375010056, 0.5312660779297121], "vdw": [3149.8486961848193, 0.16178633489967056]}, "p045": {"total": [-22143.109589843316, 0.19962375840129834], "bond": [1148.3290937542022, 0.19296269717442932], "ele": [-26443.336734123986, 0.34126006947822746], "vdw": [3151.8980505264594, 0.1254883038711044]}}