{"a00": {"total": [-22045.242984364384, 0.4276262766391365], "bond": [38.64841815448844, 0.008529809733710559], "ang": [92.58076585245156, 0.014585688246155857], "dih": [100.60199502443812, 0.022032413131537792], "v14": [41.75035322399707, 0.010971546721761545], "e14": [821.5205763920646, 0.09089554188057195], "ele": [-26273.437065194164, 0.5217979864348006], "vdw": [3133.091972182336, 0.14461786387927816]}, "r00": {"total": [-22043.472449565652, 0.21846401176641708], "bond": [39.008856531505785, 0.011038648897746145], "ang": [93.41589877906927, 0.0365974564898549], "dih": [99.7610338731773, 0.05015391512468485], "v14": [41.39445337172746, 0.006103760371179911], "e14": [820.6450348490349, 0.05763347747571262], "ele": [-26273.581818441933, 0.30288004563431803], "vdw": [3135.884091471784, 0.10613617868493465]}}