{"a000": {"total": [-22152.285246579202, 0.23221627864592118], "bond": [36.39065227339452, 0.02773378335328182], "ang": [86.85871153522528, 0.11644159139162058], "dih": [164.02913782002548, 0.20965415103931448], "v14": [50.36048973721095, 0.024695336902021782], "e14": [800.6687897344555, 0.13715716727913038], "ele": [-26440.079096806952, 0.2670691422514031], "vdw": [3149.4860691274275, 0.13514556493150484]}, "p045": {"total": [-22143.2089941355, 0.1546752376230265], "bond": [36.02489294179141, 0.006670587717490585], "ang": [84.48960028521556, 0.022295908394753157], "dih": [170.76238503220222, 0.029678385626531332], "v14": [50.57768323215094, 0.004751040904959331], "e14": [806.8082489168888, 0.057919233593424074], "ele": [-26443.78422573072, 0.2269362348105342], "vdw": [3151.9124211869776, 0.09022217967347743]}, "r014": {"total": [-22152.060623899288, 0.5633686361814813], "bond": [37.59009092119173, 0.052047436081208015], "ang": [92.76097779290099, 0.23270722232838878], "dih": [151.07413074876288, 0.6055658723876955], "v14": [49.73901543704613, 0.12723153237113333], "e14": [796.1933465390388, 0.3073941025597165], "ele": [-26434.05941971014, 0.43107007493544935], "vdw": [3154.641234371913, 0.12767003652874892]}}