{"a00": {"total": [-22048.538846353946, 0.23126462480191973], "bond": [38.57800862893894, 0.008879372382251926], "ang": [92.56817606966638, 0.020605179251160614], "dih": [99.81303922310109, 0.026610318316979437], "v14": [41.516137932542904, 0.008983184280599922], "e14": [816.3369511025289, 0.1077640396721147], "ele": [-26270.444650579095, 0.37484935624795124], "vdw": [3133.0934912683765, 0.14612049067471425]}, "r00": {"total": [-22044.820996243474, 0.2704245401435992], "bond": [38.894364882309326, 0.010885853689999992], "ang": [93.208233384902, 0.03943272065237482], "dih": [99.05479115783795, 0.050794684954297176], "v14": [41.088287207215224, 0.004939333361840606], "e14": [814.7866803373881, 0.05474878376991609], "ele": [-26267.528590803144, 0.3721124475192279], "vdw": [3135.675237590034, 0.12034404814989044]}}