{"a00": {"total": [-22012.772987349308, 0.3935632154865921], "bond": [40.342074548476084, 0.1190365941469855], "ang": [91.92273052557799, 0.545376322666126], "dih": [160.69374116502647, 1.1933096131401344], "v14": [40.18021157482901, 0.07840581784194174], "e14": [802.8202751787766, 0.48548738103132283], "ele": [-26263.619758832316, 0.5235038850047442], "vdw": [3114.8877384903153, 0.37626681714402366]}, "r00": {"total": [-22014.532957967687, 0.7038887657832126], "bond": [41.60090469848647, 0.08637582492460022], "ang": [97.51766704801597, 0.5118461534375626], "dih": [148.3372853005502, 1.3028827166577555], "v14": [39.67713677144224, 0.28052636612077103], "e14": [799.28958460978, 0.9501110159144275], "ele": [-26260.31269667154, 1.3134713154517463], "vdw": [3119.3571602755756, 0.1323406413204988]}}