{"a00": {"total": [-22015.27133904139, 0.2759783844289722], "bond": [40.241423752746485, 0.1337406715917285], "ang": [91.72503429517934, 0.5989700988792535], "dih": [161.25061021000982, 1.442005265905912], "v14": [39.71159412207072, 0.09007893251901701], "e14": [796.7382658415928, 0.511397131491248], "ele": [-26259.78343336473, 0.7458407929479471], "vdw": [3114.8451661017457, 0.3485076863641004]}, "r00": {"total": [-22013.64395205043, 0.8434353500260339], "bond": [41.24395244696504, 0.03613818082570929], "ang": [96.03302428497668, 0.21590014373656868], "dih": [151.8815122976287, 0.8069320822103172], "v14": [39.59745218349759, 0.3224382739842633], "e14": [793.9236681413068, 1.3103137330262788], "ele": [-26255.714548349977, 1.3901687327166241], "vdw": [3119.3909869451913, 0.1988170936693661]}}