{"a00": {"total": [-22013.407246481962, 0.1920960728956887], "bond": [40.35113837617512, 0.018371805011182123], "ang": [92.43304203887573, 0.0828694439481269], "dih": [160.98566960712176, 0.1729180461316432], "v14": [40.309956172835825, 0.01469317940731259], "e14": [800.6318091622371, 0.07776867878171725], "ele": [-26263.77103601383, 0.22793680671613814], "vdw": [3115.652174174618, 0.11724439625389098]}, "r00": {"total": [-22015.187962939905, 0.31990141576947956], "bond": [41.59312493660547, 0.0771637165906596], "ang": [97.61056265250286, 0.4142309032229452], "dih": [147.95155342864274, 0.9543498335593071], "v14": [39.34487397352084, 0.04219818460743768], "e14": [798.2862276075098, 0.374936348569009], "ele": [-26259.527837322443, 0.7828796796847387], "vdw": [3119.5535317837785, 0.15442317429107535]}}