{"a00": {"total": [-22048.851586967055, 0.2392184996628367], "bond": [38.65980368111631, 0.009464525277822995], "ang": [92.93914795853436, 0.019280356211681466], "dih": [99.42000065883515, 0.03069698582665902], "v14": [41.40622443011893, 0.01106432800055411], "e14": [815.2944152676382, 0.07210022784826262], "ele": [-26269.3060713102, 0.3825946426915973], "vdw": [3132.7348923469194, 0.12669879773553952]}, "r00": {"total": [-22045.154503436457, 0.24626359569968367], "bond": [38.91238732633278, 0.011385155230346233], "ang": [93.30140082450175, 0.05061457633677044], "dih": [98.93401276544458, 0.06678581333550632], "v14": [41.08456193082872, 0.005815545711533732], "e14": [814.8234406790305, 0.07518598919333543], "ele": [-26268.106918122106, 0.3595134513675084], "vdw": [3135.8966111595146, 0.1205563148935489]}}