{"a000": {"total": [-22152.84690269873, 0.26873961036453947], "bond": [36.55289635465483, 0.0669026150792907], "ang": [88.16334536648772, 0.37367178508780813], "dih": [161.23482176659408, 0.6381772344905875], "v14": [50.34087313940883, 0.030639398484245423], "e14": [798.4468394993497, 0.2032701221096891], "ele": [-26437.434375010056, 0.5312660779297121], "vdw": [3149.8486961848193, 0.16178633489967056]}, "p045": {"total": [-22143.109589843316, 0.19962375840129834], "bond": [36.032294675368234, 0.006959661323753276], "ang": [84.55679155057544, 0.04044909093343796], "dih": [170.65288123895346, 0.030747948482736202], "v14": [50.57158590303096, 0.01749694921806645], "e14": [806.5155403862738, 0.20121978328458193], "ele": [-26443.336734123986, 0.34126006947822746], "vdw": [3151.8980505264594, 0.1254883038711044]}, "r014": {"total": [-22152.881294411203, 0.6943215786967225], "bond": [37.745508969434276, 0.06909953964844981], "ang": [93.33907372631467, 0.33416499547079026], "dih": [149.33520580602894, 0.9331379564626765], "v14": [49.70393146696772, 0.2264059071927956], "e14": [795.7327617070996, 0.7065908289927744], "ele": [-26433.45537652922, 0.726671781937018], "vdw": [3154.7176004421767, 0.11419129256915475]}}