{"a000": {"total": [-22153.317915439115, 0.15468926746752115], "bond": [36.057455605984245, 0.05304705327845324], "ang": [85.98780944357569, 0.2941088207802918], "dih": [159.43907072098605, 0.6151253702336663], "v14": [48.95423923546333, 0.055128179195879964], "e14": [772.468669278898, 0.12944204327755082], "ele": [-26408.641565049056, 0.23390120894052413], "vdw": [3152.4164053250233, 0.12640120363644322]}, "p045": {"total": [-22143.573269536206, 0.1541309771147077], "bond": [35.32939725814228, 0.006157516375180681], "ang": [81.45753777036697, 0.023018529731074943], "dih": [170.05976758130888, 0.03824734816349111], "v14": [49.528472589979096, 0.00822246207097237], "e14": [779.8357723709615, 0.0627366448070751], "ele": [-26413.954537284713, 0.27788640410789733], "vdw": [3154.170320177744, 0.14826609227550544]}, "r014": {"total": [-22152.266277730858, 0.7541400347854786], "bond": [37.02467138113758, 0.09068581690435827], "ang": [89.9980867093751, 0.4003647060695403], "dih": [149.4087273376561, 1.076548420067798], "v14": [48.82432814267907, 0.2737616991432514], "e14": [768.945939870985, 0.7738813310674668], "ele": [-26403.204795257145, 0.9833620551514509], "vdw": [3156.7367640844614, 0.10174691704037626]}}