{"a00": {"total": [-22053.078078240407, 0.2885667865724401], "bond": [37.93170453664906, 0.006821493614066815], "ang": [89.69090140270514, 0.025607990510257844], "dih": [94.64113707116431, 0.02631678631217596], "v14": [40.477269172099376, 0.006477082287238216], "e14": [788.6588943185814, 0.06811251525595968], "ele": [-26240.43902164358, 0.4399224066758388], "vdw": [3135.961036901975, 0.13576198836570336]}, "r00": {"total": [-22049.548254666926, 0.24999008274429355], "bond": [38.132467743828556, 0.014536428375398628], "ang": [89.93808754007118, 0.06726777734209696], "dih": [94.29392207925798, 0.08990760685264457], "v14": [40.29358517082506, 0.005938530287944995], "e14": [787.9125244177634, 0.08413655759764595], "ele": [-26238.56410657467, 0.34315509520403964], "vdw": [3138.445264956008, 0.14801980691357286]}}