{"a00": {"total": [-22052.166249297763, 0.2201824169469135], "bond": [37.90950748914422, 0.009116187988971595], "ang": [89.29944897247009, 0.019489956909765495], "dih": [95.39520783006128, 0.024409905284411487], "v14": [40.12471796275307, 0.009375326136992091], "e14": [788.5467331556163, 0.12050571424202469], "ele": [-26238.86335789511, 0.31420761795973506], "vdw": [3135.4214931872793, 0.15868745745074547]}, "r00": {"total": [-22049.687862276332, 0.2586247768017627], "bond": [38.112794373221135, 0.011412701777520086], "ang": [89.83502760903372, 0.045258695984557014], "dih": [94.4069222767567, 0.059923196855608575], "v14": [40.31052236416366, 0.005526055644853317], "e14": [787.9728030719222, 0.06170519467627786], "ele": [-26238.681578726395, 0.3463102770987097], "vdw": [3138.355646754961, 0.13983021948680543]}}