{"a00": {"total": [-22016.57562500158, 0.4084084946909758], "bond": [39.78916198274048, 0.23881516770143055], "ang": [90.04402032939856, 1.1486060133349796], "dih": [156.8622466314936, 2.6680383680722954], "v14": [38.48665986531443, 0.12511738937713524], "e14": [768.2448814225094, 0.7158036013404521], "ele": [-26228.40969246763, 1.232533856116355], "vdw": [3118.4070972345708, 0.48431185312663017]}, "r00": {"total": [-22016.699552743466, 0.5521276175580445], "bond": [40.7237366895814, 0.03289946738195306], "ang": [94.49100577770757, 0.14931174984916432], "dih": [146.95490509458168, 0.49925608698382135], "v14": [37.99213616432128, 0.03692289885239508], "e14": [765.1348218898572, 0.22980385441216808], "ele": [-26223.671756055643, 0.38123127429826503], "vdw": [3121.67559769614, 0.1278618826894985]}}