{"a000": {"total": [-22148.880222889264, 0.5252378008569698], "bond": [35.34804843792667, 0.11686589386979532], "ang": [90.08742354808138, 0.5624581918637805], "dih": [152.1974224734606, 1.3496573786299766], "v14": [46.12430907160946, 0.10289793902166387], "e14": [812.7763029569593, 0.6899296759324985], "ele": [-26443.15149990672, 0.9095268269573618], "vdw": [3157.737770529421, 0.21379685389755476]}, "p045": {"total": [-22139.325781484204, 0.15668003933379257], "bond": [34.070210443413394, 0.005181293642981528], "ang": [83.32585936121917, 0.01738719694569156], "dih": [168.70459060190433, 0.028680197112785834], "v14": [46.872984037650866, 0.005055727844001172], "e14": [822.6581899470439, 0.05084549807460081], "ele": [-26451.680328993567, 0.198291225881121], "vdw": [3156.7227131181257, 0.0820207760153984]}, "r014": {"total": [-22147.135787201427, 0.6837444712632914], "bond": [35.67394931046608, 0.055746100252882666], "ang": [91.4129233154396, 0.24494534649483896], "dih": [149.4631072610614, 0.6509597044438188], "v14": [46.326801531964044, 0.23943907403563028], "e14": [812.7037950653993, 0.5004953971841726], "ele": [-26442.16438532838, 0.5533501149993474], "vdw": [3159.448021642616, 0.18642443869093828]}}