{"a00": {"total": [-22040.984629097646, 0.24839363378037796], "bond": [36.38109217826387, 0.008355857925403432], "ang": [92.35253499186676, 0.0272895537756354], "dih": [95.47368039141966, 0.036089957286164584], "v14": [38.62515666315827, 0.007401387114573885], "e14": [831.601642080207, 0.07425570491137895], "ele": [-26276.40598090061, 0.34727734442830627], "vdw": [3140.9872454980687, 0.12879071740765513]}, "r00": {"total": [-22041.842208449576, 0.22229808918961547], "bond": [36.46857625043038, 0.00884193128890657], "ang": [91.67706820286962, 0.03447091954596672], "dih": [96.00042822638157, 0.04450180994388468], "v14": [38.160563083628965, 0.007228317401007828], "e14": [830.6246652391645, 0.059487436161648005], "ele": [-26275.64190190357, 0.3490489471987198], "vdw": [3140.8683924515203, 0.15099643051661435]}}