{"a00": {"total": [-22014.13227654164, 0.8368505928788216], "bond": [38.62544272535933, 0.13567004389697374], "ang": [95.45397955704888, 0.6556800108980558], "dih": [147.7272861780413, 1.7565655321806712], "v14": [35.027296287172454, 0.3306582158169489], "e14": [809.3768775216431, 1.4594153968536807], "ele": [-26262.936436501564, 1.972841488723691], "vdw": [3122.593277690674, 0.18069514478107587]}, "r00": {"total": [-22013.69821419658, 0.3209446379981213], "bond": [38.722951772580224, 0.07818929848944176], "ang": [95.76493645642839, 0.35160644301109034], "dih": [146.46133177258793, 0.8910975872870756], "v14": [34.69329062666554, 0.07326187734516294], "e14": [808.8530230049261, 0.3702204453838072], "ele": [-26262.600121018346, 0.7188002988843543], "vdw": [3124.406373188578, 0.09050441363500249]}}