{"a00": {"total": [-22041.692801188023, 0.3178316839945159], "bond": [36.23804877855823, 0.00789510923304286], "ang": [91.33730270884138, 0.016666711649115196], "dih": [96.31536602731589, 0.020713224059550204], "v14": [38.528402807635686, 0.01154507818021245], "e14": [831.7949659457164, 0.0625568415912004], "ele": [-26276.24528497773, 0.39377908141396567], "vdw": [3140.3383975216407, 0.10611313547154587]}, "r00": {"total": [-22041.821788550442, 0.28068885610790606], "bond": [36.490712682851694, 0.009066776685905853], "ang": [91.69179872594799, 0.034741355186476884], "dih": [95.9311693936169, 0.054522108050608566], "v14": [38.157320273653426, 0.006173323227296932], "e14": [830.6090489212136, 0.07647178720300148], "ele": [-26275.4555382374, 0.3370837364534044], "vdw": [3140.75369968968, 0.11577124915192416]}}