{"a00": {"total": [-22013.69172847291, 0.524582006321762], "bond": [38.27219486132394, 0.07550725192070006], "ang": [94.0524128791763, 0.32261120286412176], "dih": [151.31988329643036, 0.8671240435601412], "v14": [35.086683460522586, 0.08282052654518675], "e14": [810.4197271702857, 0.37060789745322265], "ele": [-26265.666664221324, 0.5086839871929593], "vdw": [3122.8240340806765, 0.12940051069113379]}, "r00": {"total": [-22013.149616493873, 0.9324440626429809], "bond": [38.74689623937142, 0.04435861440393672], "ang": [95.89886496258403, 0.26903026989587664], "dih": [146.40612378790695, 0.800577927626945], "v14": [34.97731850519319, 0.28456938551354827], "e14": [809.330191125603, 0.7558373734639461], "ele": [-26262.733608745762, 0.7372107413115129], "vdw": [3124.2245976312174, 0.2621041187771462]}}