{"a000": {"total": [-22148.33763862868, 1.0198450819355656], "bond": [1138.7369036965385, 2.0895966772655483], "ele": [-26444.446198649333, 1.1339729403662788], "vdw": [3157.3716563241223, 0.16756845889606317]}, "p045": {"total": [-22139.33574384508, 0.17500725957021823], "bond": [1155.5367985104365, 0.23132566944099298], "ele": [-26451.811461913752, 0.40104459027448863], "vdw": [3156.9389195582366, 0.09908031146528677]}}