,mean,sem
MSE,1.878504631578053,0.2791143256124983
R,0.8806766342406339,0.04935774719601895
R**2,0.7780275213056776,0.08425035201185942
RMSE,2.278995533523332,0.20238223898886834
intercept,-0.18170545207831915,0.2893281463408376
slope,0.47500937700185386,0.06170389652156029
