,mean,sem
MSE,2.4057845237132676,0.265012313821106
R,0.7713476835767168,0.06769018243703047
R**2,0.5995592097575254,0.10156203895722601
RMSE,2.9606453800101327,0.2294111041232812
intercept,0.8704794393907667,0.3930200076190782
slope,0.6248670839517536,0.0676987052400708
