,mean,sem,ci
MSE,1.6895496035663393,0.25906716532173474,[1.15957513 2.17399688]
MUE,1.7543793703503967,0.22356532298961737,[1.31428678 2.18725765]
R,0.7047038445852261,0.15905439889182335,[0.31855017 0.92257025]
R**2,0.5219058103800378,0.19739595970066648,[0.10223835 0.85113587]
RMSE,1.92042218330527,0.20768562328298773,[1.50581459 2.32000563]
Tau,0.4873610256410256,0.17035085786558984,[0.1025641  0.76923077]
intercept,-0.6258477734375364,0.9346226275503369,[-2.49355555  1.17399707]
slope,0.5233710976882853,0.17459369709395361,[0.1737401  0.86064588]
