,mean,sem
MSE,-0.9360772436749241,0.29425690724114084
R,0.7780203628493239,0.09105437392262246
R**2,0.6136065840186342,0.1341073968091062
RMSE,1.5730596292924153,0.2211679869900663
intercept,-0.9269900634829594,0.2735086021125844
slope,0.7024859815556437,0.12190444652366307
