,mean,sem,ci
MSE,3.298743429566794,0.6003515963589285,[ 2.09208431  4.44417846]
MUE,3.463681089246341,0.5098760450496358,[ 2.48708965  4.47938771]
R,0.5399528877619602,0.21811609049919564,[ 0.05588497  0.8963345 ]
R**2,0.3391237499371332,0.21611534705488558,[ 0.00920023  0.80341554]
RMSE,3.8221825243708873,0.5071518359092465,[ 2.81133879  4.79450601]
Tau,0.44544836363636364,0.19494092335409915,[ 0.01818182  0.78181818]
intercept,2.157376638155991,1.7849096830225806,[-0.17598231  6.54278373]
slope,0.659559183244906,0.4161803976820416,[ 0.04104734  1.64339026]
