,mean,sem,ci
MSE,1.371994946495169,0.14228573808633546,[1.08850612 1.64751577]
MUE,1.615803362420667,0.10876274942734436,[1.40558111 1.8310741 ]
R,0.6745463402032852,0.07053542850726181,[0.52000902 0.79474369]
R**2,0.45998801175634946,0.09292024914097059,[0.27040939 0.63161753]
RMSE,1.9029461778421686,0.10813802386696107,[1.69142695 2.11530717]
Tau,0.4879860136798905,0.05349907048910285,[0.37783858 0.5879617 ]
intercept,-0.7023965201225465,0.2636530437741283,[-1.24315869 -0.21147303]
slope,0.43840612714326954,0.05946398881779556,[0.31634316 0.55025658]
