,mean,sem,ci
MSE,3.299003949376858,0.6015373997006869,[2.0856582  4.44320207]
MUE,3.463548151897293,0.5099768004121693,[2.48768183 4.48159466]
R,0.541428210193843,0.21956121158775277,[0.05629814 0.89859946]
R**2,0.3413516324275903,0.21821405048888926,[0.00876506 0.80748098]
RMSE,3.8210108583051694,0.5079800141716834,[2.80892567 4.79812585]
Tau,0.4466090909090909,0.19616986040733017,[0.01818182 0.78181818]
intercept,2.17063890894954,1.7964873133202368,[-0.18707478  6.54304369]
slope,0.6634595608309259,0.4188345387507408,[0.04133556 1.64501409]
