,mean,sem,ci
MSE,1.9317634957404097,0.4088575583097703,[ 1.11943493  2.7179415 ]
MUE,2.202354720561867,0.32974704731528437,[ 1.56177698  2.84953783]
R,0.7856340715694764,0.10449767492050535,[ 0.52779278  0.92782972]
R**2,0.6281406584746249,0.14981191882255576,[ 0.27856522  0.86086799]
RMSE,2.6132707586587274,0.2974313455215085,[ 2.00732242  3.17376068]
Tau,0.5459835087719298,0.14130641347522366,[ 0.22807018  0.77777778]
intercept,-0.015506674176915135,0.47723223412351495,[-0.94181087  0.9428035 ]
slope,0.5252730893409153,0.08495905062056677,[ 0.33897402  0.67350021]
