,mean,sem,ci
MSE,-0.9512157070768928,0.42170892023688744,[-1.74706305 -0.09365267]
MUE,1.3922530459565088,0.2890707694104271,[ 0.84549573  1.97749024]
R,0.8460217800968095,0.12476494297284943,[ 0.55191188  0.97512904]
R**2,0.7313191433931925,0.1696390526576337,[ 0.30559886  0.95087664]
RMSE,1.6641527129331848,0.29692718329490686,[ 1.07392948  2.23976077]
Tau,0.5579094545454546,0.18110276302897005,[ 0.12727273  0.85454545]
intercept,-1.0093531868254837,0.4703479002402598,[-1.91612006 -0.26074091]
slope,0.9965130082427596,0.19984075891512962,[ 0.62278182  1.3702589 ]
