,mean,sem,ci
MSE,1.367776775247202,0.30260635286253773,[ 0.74728841  1.93055875]
MUE,1.768068276606437,0.20961425144733245,[ 1.36301326  2.18589329]
R,0.5736673181418743,0.15633498857026923,[ 0.23600983  0.83258641]
R**2,0.3535348205553566,0.1707568921580017,[ 0.05573983  0.69320013]
RMSE,2.054720505463304,0.20818555214067835,[ 1.64292765  2.45939668]
Tau,0.4219118153846154,0.11134604502630632,[ 0.19384615  0.62461538]
intercept,-0.8324485645824798,0.6846935887967341,[-2.13801514  0.48099483]
slope,0.4234115859812516,0.14815838392483172,[ 0.14064781  0.70808822]
