,mean,sem,ci
MSE,0.9944360808828107,0.2411602419665296,[ 0.5162172   1.46116968]
MUE,1.2015837601026023,0.18555578058197084,[ 0.84405423  1.56890896]
R,0.5181167194976881,0.19004205516631825,[ 0.07797162  0.81029231]
R**2,0.304560917754884,0.17661897918767977,[ 0.00973261  0.65657363]
RMSE,1.4378881064667786,0.1767025868748131,[ 1.08120468  1.77445653]
Tau,0.3229698245614035,0.15864711462135708,[-0.00584795  0.61403509]
intercept,-1.7753504016701158,0.5436020558987903,[-2.90707011 -0.74752563]
slope,0.3190872231448036,0.12305269399196647,[ 0.04934336  0.53743357]
