,mean,sem
MSE,1.3694165468159245,0.30297381126309486
R,0.5737228420570198,0.15569843255308624
R**2,0.3533999013974721,0.17039377357450075
RMSE,2.054980435512005,0.20881779611426457
intercept,-0.8317099648878741,0.6821091127628978
slope,0.42346481379720846,0.147423568016526
