,mean,sem,ci
MSE,-0.936904432317836,0.29432297739863233,[-1.50888338 -0.35177034]
MUE,1.3042254358332355,0.20838241393912882,[0.91220318 1.72856967]
R,0.7780150665069725,0.0915759000358027,[0.56018299 0.91449004]
R**2,0.6136935891792162,0.13477173037097803,[0.31380498 0.83629203]
RMSE,1.5732134198630336,0.2218559636796903,[1.14450955 2.01187351]
Tau,0.5728894736842105,0.10112004857864598,[0.35672515 0.75438596]
intercept,-0.9263018678107879,0.27332466851758347,[-1.46884132 -0.39735473]
slope,0.7023034231796351,0.12214008399460945,[0.45756851 0.9446291 ]
