,mean,sem
MSE,2.238828398374814,0.21344739601915388
R,0.7366843397978454,0.050436577238783024
R**2,0.5452476648269513,0.0733256478720989
RMSE,2.9802877282510636,0.17632405057449055
intercept,0.6239936536084124,0.2957658741296883
slope,0.5933039808382995,0.05057530946797089
