,mean,sem,ci
MSE,-0.800412080866642,0.4173105692244422,[-1.64014516 -0.0073659 ]
MUE,1.7050761848946152,0.29428428543863155,[1.16520123 2.31531055]
R,0.595469757248294,0.1545570117412068,[0.22623162 0.82578981]
R**2,0.37847210167571366,0.16233461067549132,[0.05328057 0.6819288 ]
RMSE,2.2413899646978233,0.36042729362350745,[1.54646492 2.95424022]
Tau,0.2322052307692308,0.15673250301591288,[-0.09538462  0.51384615]
intercept,-0.4769012901461586,0.3750922548741913,[-1.17840638  0.27666156]
slope,0.5432269644308675,0.14646659268016113,[0.22486029 0.79886451]
