,mean,sem
MSE,2.2381153697140195,0.21334297394711207
R,0.7360046412630856,0.050798943013168806
R**2,0.5442833645720587,0.07377004714856161
RMSE,2.9807054985712287,0.17577948735500717
intercept,0.6225057789368342,0.29655729983110773
slope,0.5928728103438692,0.05081698365346147
