,mean,sem,ci
MSE,1.0793224729617246,0.169535354533513,[ 0.74550994  1.41040764]
MUE,1.2513666609417606,0.13522598926756332,[ 0.99039533  1.51994207]
R,0.6528486570841104,0.09266222308287239,[ 0.44413735  0.80472077]
R**2,0.4347976566431864,0.11613936941028181,[ 0.19725798  0.64757551]
RMSE,1.500919018009742,0.12817267694979703,[ 1.24568731  1.74791469]
Tau,0.4519999715504979,0.08741615674285473,[ 0.2688478   0.61024182]
intercept,-0.7999525849764263,0.3344850540863322,[-1.45423736 -0.13905818]
slope,0.45707302572943337,0.0828817120286061,[ 0.29180491  0.61865175]
