,mean,sem
MSE,2.166077458496098,0.24634167896723774
R,0.9309446550489471,0.022213823219897295
R**2,0.8671514047062479,0.04091598144388795
RMSE,2.4915634723909674,0.2261167608443884
intercept,0.9621761239574451,0.3013267993030324
slope,0.729761158488534,0.05745539667586705
