,mean,sem,ci
MSE,1.8782773113888502,0.2778186564113136,[1.31055204 2.40241531]
MUE,2.0619277212028,0.21049964533377294,[1.65196034 2.4770896 ]
R,0.8807525986632677,0.04949867222791096,[0.76177675 0.95220388]
R**2,0.7781752586044255,0.08432858207937814,[0.58030381 0.90669224]
RMSE,2.278508562912558,0.20143784432595901,[1.88463902 2.67385805]
Tau,0.6458837229437229,0.08746661098363949,[0.44588745 0.79220779]
intercept,-0.18025429822994826,0.287528151836322,[-0.74322456  0.38828241]
slope,0.475223362595061,0.061409122148306836,[0.35729024 0.59902225]
