,mean,sem
MSE,2.347721677954994,0.24732991294883094
R,0.8529412082070071,0.07093347136412853
R**2,0.7325402620173949,0.10666936725473657
RMSE,2.475816196668662,0.2425863581756208
intercept,0.07522877590912316,0.6158744673855624
slope,0.5471213290918456,0.118415788323222
