,mean,sem
MSE,1.3675609129139648,0.3038619273479927
R,0.5727162285633376,0.15659679679436916
R**2,0.35252643522607,0.17058769186046766
RMSE,2.055399564279152,0.2076965477357247
intercept,-0.8341073874640769,0.685979092681743
slope,0.4228407598941563,0.14827655097445938
