,mean,sem
MSE,0.9943104213693282,0.24294178758138166
R,0.5183795211506248,0.19042570050717156
R**2,0.3049792753619981,0.17655961171609036
RMSE,1.4380548081621944,0.17701756267863336
intercept,-1.7766954596348572,0.5476357939510121
slope,0.31899019335696516,0.12358650901998301
