,mean,sem,ci
MSE,-0.9516051451778258,0.41956991410402783,[-1.74658387 -0.09559474]
MUE,1.3901727205492798,0.2890614191085329,[0.8485791  1.97547271]
R,0.8470861637872834,0.12251473194566041,[0.5558861  0.97522607]
R**2,0.7325648284235736,0.1688549747350079,[0.30990781 0.95106589]
RMSE,1.6622022495970825,0.2967375887710331,[1.07285119 2.23756657]
Tau,0.5593152727272728,0.18092927957191787,[0.12727273 0.85454545]
intercept,-1.0064457861330758,0.46114869900441413,[-1.89532105 -0.25973958]
slope,0.9981398294923702,0.1977300446880999,[0.62593166 1.37147852]
