,mean,sem,ci
MSE,1.9087099170031452,0.3067559521701968,[1.29853329 2.49823299]
MUE,2.287194883397989,0.22814791085399086,[1.84081874 2.73505292]
R,0.7836924000283173,0.06842307585051863,[0.62627435 0.89178523]
R**2,0.6188554951709899,0.10353991910570243,[0.39221957 0.79528089]
RMSE,2.67874934140251,0.2066620116584054,[2.26348618 3.07553136]
Tau,0.5431616216216216,0.09124243442133725,[0.34566145 0.70128023]
intercept,-0.08921416637817023,0.3739798028453628,[-0.80733622  0.66254771]
slope,0.5191385659446099,0.06165037565102723,[0.39338228 0.63542794]
