,mean,sem
MSE,1.8804239324539325,0.27779992837928097
R,0.8808357021884223,0.0493886707928169
R**2,0.7783107750524523,0.08432370673826758
RMSE,2.2797887793545817,0.20145238560953457
intercept,-0.18014884558062366,0.28957811961534957
slope,0.4752586651110641,0.06173855145011427
