,mean,sem,ci
MSE,-0.8558947488555742,0.1977285780697048,[-1.24160902 -0.46696363]
MUE,1.256883176289275,0.1398100494079885,[0.99075354 1.53778882]
R,0.8344576984968802,0.04318495389151404,[0.73765181 0.90552256]
R**2,0.6981845908233224,0.07091858926619751,[0.54413019 0.8199711 ]
RMSE,1.547937501281848,0.1526057768792413,[1.25173492 1.84848546]
Tau,0.6366725359911407,0.051834180777474204,[0.5282392  0.72978959]
intercept,-0.9436293919433029,0.18171074368514203,[-1.30700792 -0.59150161]
slope,0.8076152347669452,0.07739564211321759,[0.66082813 0.96663085]
