,mean,sem
MSE,-1.0149170838391404,0.3577167913916076
R,0.7972233992857091,0.07965114285312577
R**2,0.6419094529264701,0.12067461040332786
RMSE,1.9415210487454435,0.2483508306784417
intercept,-0.9839051644454272,0.3458964520462945
slope,1.04003393222744,0.1653743915268777
