,mean,sem,ci
MSE,-1.0138489450778765,0.3564120185433528,[-1.70160338 -0.30163109]
MUE,1.6109275931160498,0.23691839843178505,[1.16219372 2.08891654]
R,0.7966741850006711,0.0799759271754477,[0.60831217 0.91650535]
R**2,0.641085905974056,0.12110396212659492,[0.37004369 0.83998206]
RMSE,1.9425637278126389,0.24812383969420007,[1.46094447 2.43200019]
Tau,0.4988875324675324,0.11981920918823098,[0.22943723 0.70562771]
intercept,-0.9838087615798375,0.34520850128849795,[-1.66150177 -0.30585056]
slope,1.0395600898970832,0.16612655024982848,[0.73807622 1.39128573]
