,mean,sem
MSE,1.3715558849117613,0.142607025511838
R,0.6742152407729776,0.07084113730641685
R**2,0.4595846576254307,0.09328115089380758
RMSE,1.903087651872357,0.10808993174326602
intercept,-0.7033065362740843,0.2645089015464568
slope,0.4381917193354285,0.059666193914183235
