,mean,sem
MSE,1.9094549736458843,0.3072039146460524
R,0.7836241882917931,0.06876909910339096
R**2,0.6187960574674635,0.10395101763132668
RMSE,2.6799897667026458,0.20740130750094316
intercept,-0.09182125421365206,0.37457176063009595
slope,0.5186900475739629,0.06182237519460005
