,mean,sem
MSE,1.0794717706469426,0.17085693208102093
R,0.6526835704057039,0.09231720973755017
R**2,0.4345183102912641,0.11576369803485266
RMSE,1.5008210493419831,0.12938596888170018
intercept,-0.798687737536772,0.333705209597917
slope,0.4574773461271124,0.08288123762983415
