,mean,sem
MSE,1.0800403768131441,0.1698855341252233
R,0.6534348119561656,0.09239328509093646
R**2,0.4355135726060844,0.11594603956593183
RMSE,1.5010538715314263,0.12854308439949488
intercept,-0.7975062474572528,0.33431115275558665
slope,0.4577620764834396,0.08281174969741527
