,mean,sem,ci
MSE,1.3676073393414752,0.30295144924656564,[0.74610877 1.93155631]
MUE,1.767518692086619,0.20931164606112326,[1.36375016 2.18536829]
R,0.5736493920950018,0.15628023368903335,[0.23561486 0.83239695]
R**2,0.35349713649286396,0.17066431677756602,[0.05552441 0.69288469]
RMSE,2.054382325283975,0.20797262096157337,[1.64515124 2.45993973]
Tau,0.4215126769230769,0.11083715053493529,[0.19384615 0.62461538]
intercept,-0.8312277687044455,0.6854578770729511,[-2.13784408  0.4821364 ]
slope,0.4237306682477006,0.14831979589104394,[0.14189555 0.70835036]
