,mean,sem,ci
MSE,-0.8556205084808581,0.19746501586097684,[-1.24155419 -0.4697321 ]
MUE,1.257091965800389,0.13928624031551942,[ 0.99181691  1.53860346]
R,0.8341720116072832,0.04334309880889386,[ 0.73624097  0.90537258]
R**2,0.6977215691632993,0.07107654244181809,[ 0.54205076  0.81969952]
RMSE,1.548358124666995,0.15179742886563108,[ 1.25231719  1.84846238]
Tau,0.6366098338870432,0.051885814039825146,[ 0.52602436  0.72978959]
intercept,-0.9432039384811012,0.18161980585764037,[-1.30350424 -0.5920452 ]
slope,0.8075037152934524,0.07759082400648035,[ 0.65960203  0.96638272]
