,mean,sem,ci
MSE,1.5498312355146753,0.1692650652817677,[ 1.21496133  1.87688332]
MUE,1.66139623226641,0.14239621681969342,[ 1.38346236  1.94170935]
R,0.5996951251246977,0.09374217516188582,[ 0.39534848  0.76201253]
R**2,0.3684218385024085,0.10909803580145466,[ 0.15630042  0.58066309]
RMSE,1.9023653889933656,0.1352396986435808,[ 1.63568075  2.16802644]
Tau,0.4255106976744186,0.08154263099249852,[ 0.25581395  0.57696567]
intercept,-1.235224822056816,0.4163676883213048,[-2.03664225 -0.39618768]
slope,0.3881815371485343,0.08134221145830814,[ 0.23205762  0.55187038]
