,mean,sem
MSE,-0.8666136107203934,0.19127796191042257
R,0.7241551002974692,0.051013066564969296
R**2,0.5270029422471998,0.07278869023463448
RMSE,1.9732348587318373,0.1577743796946184
intercept,-0.7851799276587974,0.18318564088631534
slope,0.7280276525471071,0.07181644586346195
