,mean,sem,ci
MSE,1.0803105159801072,0.17018344131515287,[0.74460767 1.4104114 ]
MUE,1.252217387038508,0.13568725903370615,[0.9884955  1.52000801]
R,0.6533020915155567,0.09179105653115714,[0.44721464 0.80430474]
R**2,0.4352292208377071,0.11522259012612754,[0.20000093 0.64690611]
RMSE,1.5014167399067182,0.12869336708730156,[1.24441873 1.74910646]
Tau,0.45253943100995747,0.08677388931946088,[0.27169275 0.61024182]
intercept,-0.7968278356817785,0.33272347320442236,[-1.44768214 -0.13861479]
slope,0.45772438490228146,0.08239238214910957,[0.29390067 0.6174976 ]
