,mean,sem,ci
MSE,2.239873329545962,0.2125595116031067,[1.82141983 2.65314503]
MUE,2.5460829470221142,0.16778685679808825,[2.22187508 2.87730654]
R,0.7362855364291745,0.050615549531241644,[0.62712387 0.82548011]
R**2,0.5446783250091467,0.07353608826950882,[0.39328435 0.68141741]
RMSE,2.9813232564100542,0.1754414066423568,[2.63991166 3.3273858 ]
Tau,0.5285866429548562,0.05680324689036431,[0.40848153 0.63119015]
intercept,0.6252975382295797,0.29644069969726794,[0.06140259 1.22680795]
slope,0.5933673795358803,0.05081013526575624,[0.49291791 0.69315472]
