,mean,sem,ci
MSE,2.165986488517001,0.24442561219121667,[1.68432455 2.64253339]
MUE,2.2056832177108503,0.23043681515381464,[1.75860127 2.66039015]
R,0.9310675114160465,0.02204800605280735,[0.88013125 0.966035  ]
R**2,0.8673728253853746,0.040640618863877855,[0.77463102 0.93322361]
RMSE,2.4917542604571072,0.22416901185316282,[2.05030149 2.92730365]
Tau,0.6967652923076925,0.07073580550851334,[0.53846154 0.81538462]
intercept,0.9629717695776174,0.30132835643647465,[0.37529341 1.56118546]
slope,0.7297225429532058,0.057571762412687466,[0.62235335 0.84778426]
