,mean,sem
MSE,-0.7985851998777169,0.4173920815650352
R,0.596189385552211,0.15483878074914825
R**2,0.3794168314690057,0.1624237990557906
RMSE,2.2402211051355936,0.3606386604985548
intercept,-0.4766550166424581,0.374136511694381
slope,0.5434617141633815,0.14700863158466182
