,mean,sem
MSE,3.298594835727592,0.5981868730449715
R,0.5421208596647579,0.21776659276608284
R**2,0.3413173154086052,0.21735503021666172
RMSE,3.819336196903583,0.5071438900662075
intercept,2.1639389106826203,1.7798477864900686
slope,0.6625338184247765,0.4147260726437236
