,mean,sem,ci
MSE,-0.9364410032637993,0.2968714671764319,[-1.5092574  -0.34525028]
MUE,1.3049299296561536,0.20922332976440897,[ 0.90890722  1.72596854]
R,0.7778430739034256,0.09128533757075187,[ 0.55993079  0.91427185]
R**2,0.613372860474936,0.1344282552560918,[ 0.3135225   0.83589301]
RMSE,1.5740025679221632,0.22250622431830444,[ 1.14151695  2.01084958]
Tau,0.5729921637426899,0.1012834135834594,[ 0.35672515  0.75438596]
intercept,-0.9271637322462337,0.27502988837667625,[-1.47312618 -0.3947454 ]
slope,0.7017632576417295,0.12262990946044089,[ 0.45613698  0.94536198]
