,mean,sem
MSE,2.8933949651621598,0.5479780182743035
R,0.24740763472883137,0.19267690627964898
R**2,0.09833492793561148,0.10029892768337664
RMSE,3.8495644267510687,0.3934445511764445
intercept,0.6451081728761995,0.8204898655614641
slope,0.2607162250140891,0.22454045688462204
