,mean,sem,ci
MSE,2.3444500841652207,0.27643731071118377,[ 1.77188325  2.85421199]
MUE,2.369157412294003,0.25968564323709886,[ 1.83927481  2.85629986]
R,0.9653480196021983,0.01986102944420314,[ 0.91670204  0.99088252]
R**2,0.9322912594404699,0.03758909646255953,[ 0.84034264  0.98184817]
RMSE,2.537703084314491,0.22107189471778727,[ 2.08642651  2.9506315 ]
Tau,0.7860305128205128,0.08494673298624354,[ 0.58974359  0.92307692]
intercept,1.236389949150136,0.40499981054793255,[ 0.48264925  2.07952776]
slope,0.7448828944420641,0.06835101114604535,[ 0.61583038  0.88515015]
