,mean,sem
MSE,1.688603086928341,0.26021583512248103
R,0.704427365100668,0.1593471654229737
R**2,0.5216094318310063,0.19751890242002584
RMSE,1.920052049312265,0.20858160726750127
intercept,-0.628821492452577,0.9377554737488809
slope,0.52301095144118,0.17511335836936825
