,mean,sem,ci
MSE,-0.830006651708281,0.253427214534623,[-1.31467558 -0.31960464]
MUE,1.4467835168198135,0.16471576977395025,[ 1.13491421  1.77837849]
R,0.7284344631420847,0.084409194689606,[ 0.53589284  0.86495943]
R**2,0.5377416792412447,0.11840085711170742,[ 0.28718114  0.74815482]
RMSE,1.7588046447416892,0.18073826589660247,[ 1.41059765  2.11769508]
Tau,0.5427891322901849,0.08259986429966619,[ 0.3655761   0.68705548]
intercept,-0.5800451902550429,0.25610602762177537,[-1.0820776  -0.07498151]
slope,0.6398114955296446,0.0990553384757625,[ 0.44008654  0.83031757]
