,mean,sem,ci
MSE,-1.0130266267527457,0.3563331369986212,[-1.69726638 -0.30125961]
MUE,1.6103852059200274,0.23761493892026764,[ 1.15829701  2.08947276]
R,0.7967074700442186,0.08002868308775049,[ 0.60983207  0.91709451]
R**2,0.6411473829410194,0.1212768817539778,[ 0.37189515  0.84106234]
RMSE,1.9422156413021163,0.24859346621655495,[ 1.45490522  2.43432295]
Tau,0.49922640692640685,0.11961027572994627,[ 0.22943723  0.70562771]
intercept,-0.9823173429500636,0.3444209610972104,[-1.65518713 -0.30845913]
slope,1.0399500336075038,0.16571236421371507,[ 0.73781507  1.38889856]
