,mean,sem
MSE,1.371621974372968,0.14270323955773795
R,0.6741615737015965,0.07099505538158363
R**2,0.45953412534444743,0.0934605002503682
RMSE,1.9031395684650294,0.10865911484695323
intercept,-0.7037592534296648,0.26395353668353627
slope,0.4380404166961997,0.059601873786940256
