,mean,sem
MSE,-0.9496439534693217,0.4207179049169411
R,0.8468155766644281,0.12344438588271217
R**2,0.7323351372874678,0.16828746713168724
RMSE,1.662359569635361,0.29629684100867965
intercept,-1.0046313922495604,0.4651047883468063
slope,0.9973202848524814,0.1979421882920191
