,mean,sem,ci
MSE,2.345343763318198,0.27556666533464746,[1.77245565 2.85172662]
MUE,2.369779641262288,0.2589654696038516,[1.83818504 2.85434037]
R,0.9654176329658805,0.01964579139843998,[0.91751286 0.99087613]
R**2,0.9324171631611149,0.037263242084615705,[0.84182986 0.98183551]
RMSE,2.538074662197672,0.2206962206862998,[2.0842288  2.95189032]
Tau,0.78610641025641,0.0848039413380618,[0.58974359 0.92307692]
intercept,1.2380757778115719,0.40327981631641663,[0.49520933 2.07394678]
slope,0.7451915376468771,0.06786995653877746,[0.61833673 0.8832639 ]
