,mean,sem,ci
MSE,1.3718572484816933,0.14254556541512778,[ 1.08819956  1.64756797]
MUE,1.6159476273244895,0.1090636751329393,[ 1.40542937  1.83176763]
R,0.6737545026263878,0.07096247437255493,[ 0.51776867  0.79405238]
R**2,0.4589808025784068,0.0932741152049568,[ 0.26808439  0.63051918]
RMSE,1.9035055939448124,0.10837768428812156,[ 1.69196122  2.11565231]
Tau,0.48723004651162793,0.05386370845864227,[ 0.37674419  0.5874145 ]
intercept,-0.7045280302792043,0.26523487142992347,[-1.24926957 -0.20929604]
slope,0.43791935416511973,0.05979105001907335,[ 0.31558668  0.54928872]
