,mean,sem,ci
MSE,1.550779499455372,0.16966899203110886,[1.21595254 1.87881231]
MUE,1.662223414436626,0.1430660548955112,[1.38393108 1.94485324]
R,0.5998663373523175,0.09310881805962684,[0.39962739 0.7604876 ]
R**2,0.368508874688945,0.10846778497562211,[0.15970205 0.57834138]
RMSE,1.9030369065164334,0.1360598900310513,[1.6349103  2.17093043]
Tau,0.4256835658914729,0.08100273737491004,[0.25802879 0.57696567]
intercept,-1.233292170709687,0.4125372230621132,[-2.02536273 -0.40483636]
slope,0.38849363878589366,0.0805999792087342,[0.23394745 0.55040756]
