,mean,sem
MSE,2.167311805314756,0.2465786946251125
R,0.9311197821015104,0.022146703971792435
R**2,0.8674745251175786,0.040814038642100425
RMSE,2.492657947874117,0.2259495413557094
intercept,0.965049811753292,0.30087293358796363
slope,0.7297584743515219,0.05740864425058947
