,mean,sem,ci
MSE,2.2391378074796053,0.21236176532787493,[ 1.82057503  2.65080149]
MUE,2.5451754555691157,0.16817787391521105,[ 2.22163833  2.87898247]
R,0.7362210170351362,0.05037807853491558,[ 0.62816418  0.82535858]
R**2,0.5445593367211203,0.07323719417453683,[ 0.39459024  0.68121679]
RMSE,2.9805494061431808,0.17563488257928342,[ 2.64252685  3.32881918]
Tau,0.5285238248974008,0.05651415863935212,[ 0.40902873  0.63173735]
intercept,0.6244563056964969,0.29522464085835326,[ 0.06319154  1.22736949]
slope,0.5933443309554407,0.05050763322196038,[ 0.49362825  0.69275423]
