,mean,sem,ci
MSE,-0.8681287860495844,0.19139585692622815,[-1.24272134 -0.49332702]
MUE,1.566810102669075,0.12980953574444554,[1.32123733 1.82841244]
R,0.7245691745510715,0.050515577608343604,[0.6166947  0.81330995]
R**2,0.5275523122907256,0.07220175700272131,[0.38031235 0.66147307]
RMSE,1.9731955701803021,0.15710684776840902,[1.67474415 2.2897325 ]
Tau,0.5094522352941175,0.049956033033414116,[0.40629275 0.60109439]
intercept,-0.7864176841938043,0.18339682868031199,[-1.14481959 -0.42659128]
slope,0.728565458177043,0.07133208130727262,[0.58819239 0.86798431]
