,mean,sem
MSE,1.931248193004351,0.41089783537713337
R,0.7862056061387107,0.10365383146934991
R**2,0.6288633719022141,0.14917251267574255
RMSE,2.612665308074877,0.2985395604508968
intercept,-0.0142000506297702,0.47805475174777085
slope,0.525597261616519,0.08461104308866799
