,mean,sem,ci
MSE,0.9952141531517145,0.24152331236480273,[0.51806911 1.46049783]
MUE,1.2023858150229199,0.18474349515231686,[0.84640894 1.56910384]
R,0.5177854201880513,0.1913228358885484,[0.07320092 0.81051827]
R**2,0.30470616889175334,0.17716492228659333,[0.00960617 0.65693987]
RMSE,1.4383399362654332,0.17603652143516701,[1.0812979  1.77222523]
Tau,0.3227722807017544,0.15920373800406407,[-0.00584795  0.61403509]
intercept,-1.7764149763581574,0.5480908925177531,[-2.92503748 -0.73880459]
slope,0.3189817451803354,0.12400963024470318,[0.04651537 0.53860006]
