,mean,sem,ci
MSE,-0.7988093642205022,0.4149889253447941,[-1.62564936 -0.00576539]
MUE,1.7032714537842686,0.2928738584354468,[ 1.16445703  2.31103789]
R,0.5959932603760073,0.1553180017870664,[ 0.22710707  0.82601675]
R**2,0.37933164809275033,0.16260495760333524,[ 0.05405973  0.68230367]
RMSE,2.2391721539211695,0.35896104996652417,[ 1.54669652  2.95321066]
Tau,0.23272947692307694,0.15759588043375652,[-0.09538462  0.51384615]
intercept,-0.47642667758188667,0.37424887182480715,[-1.16689617  0.27745446]
slope,0.5432834477547496,0.1469977941679455,[ 0.22683383  0.79883984]
