,mean,sem
MSE,-0.6558513717003813,0.33599271613300563
R,0.8551125731410153,0.10173571397354239
R**2,0.7415676682415547,0.15002540956760516
RMSE,1.3464239500734818,0.2928764653180734
intercept,-0.7982274972608039,0.323441430354315
slope,0.7434964505956013,0.14903840772826774
