,mean,sem
MSE,1.5506542578856926,0.1689424943064718
R,0.5997061997964241,0.09323126642663893
R**2,0.36833959511378334,0.10862566969898929
RMSE,1.902728475379405,0.13533292527885196
intercept,-1.2350205952289186,0.4135068172542626
slope,0.3881224994516978,0.08075997770017067
