,mean,sem
MSE,2.3439873866773855,0.27633592776605215
R,0.9653141787249606,0.01972613425042795
R**2,0.9322205840199109,0.03742898454719065
RMSE,2.5375511927764998,0.22116797493420162
intercept,1.2355131467063074,0.40450458036348746
slope,0.7448255388036572,0.06826595491016833
