,mean,sem
MSE,2.893792831821423,0.5493905797984663
R,0.24674558187192666,0.192964123931236
R**2,0.09811853529786506,0.10038772032856857
RMSE,3.850023618970146,0.3957768973272998
intercept,0.6449910923170322,0.8217225609917334
slope,0.2597995565627604,0.22500780720970925
