,mean,sem,ci
MSE,-0.6568653483705541,0.3351719925427594,[-1.33099393 -0.01642652]
MUE,1.074417980542489,0.23854523623932475,[0.65132388 1.57908751]
R,0.8555219943012563,0.10000807527193573,[0.60567499 0.96896348]
R**2,0.7419194978527965,0.1489600739655253,[0.36684219 0.93889022]
RMSE,1.3469944610928004,0.2912835329396307,[0.81846302 1.94275947]
Tau,0.5853430769230769,0.1372496503424768,[0.28205128 0.82051282]
intercept,-0.7995243234138038,0.3221355617603882,[-1.47630615 -0.22341184]
slope,0.7435842911234537,0.14753542514337253,[0.53904355 1.00143281]
