,mean,sem
MSE,-0.8285793182877836,0.2533229295787717
R,0.7284867816898811,0.08444784379828983
R**2,0.537824429419061,0.11846504693604053
RMSE,1.758111925960877,0.18116257748668782
intercept,-0.5789935891959422,0.25512933162233997
slope,0.6398762379414915,0.09899996761857477
