,mean,sem,ci
MSE,2.405153667604231,0.2649141732206556,[ 1.88284491  2.92111805]
MUE,2.5746369369317725,0.22475257388761866,[ 2.14099143  3.0230271 ]
R,0.7710862276192261,0.06780490410880712,[ 0.61870712  0.88319441]
R**2,0.5991714754452535,0.10174087034146108,[ 0.3827985   0.78003236]
RMSE,2.9604758173986223,0.2281203271477153,[ 2.51988726  3.41524406]
Tau,0.5723414174972314,0.08377986676667547,[ 0.39091916  0.71871539]
intercept,0.8684639914449348,0.39491026839413085,[ 0.13392173  1.68420248]
slope,0.6245044262770344,0.06801548959226782,[ 0.48764016  0.75699612]
