,mean,sem
MSE,1.9076118637128074,0.30556254455164045
R,0.7836576695209841,0.06877153623554197
R**2,0.6188488671952563,0.10398790221385533
RMSE,2.6783257618481753,0.20607133446812942
intercept,-0.09279480371970238,0.3754812080444222
slope,0.5188017827051944,0.06199948541953914
