,mean,sem,ci
MSE,2.347547453586068,0.24766634528365827,[ 1.8660171  2.8340873]
MUE,2.347551111546349,0.24766378170930184,[ 1.8660171  2.8340873]
R,0.8526422202378104,0.07177305159786551,[ 0.70387973  0.94950187]
R**2,0.7321501266677325,0.10673119091690834,[ 0.49544667  0.9015538 ]
RMSE,2.476194443638956,0.24258088436749642,[ 2.0058439   2.95328486]
Tau,0.5271752727272727,0.1505880168977269,[ 0.2         0.78181818]
intercept,0.06894860587067354,0.613519947336081,[-0.98728438  1.38456042]
slope,0.5459603122880686,0.11784018200548005,[ 0.34580257  0.80275641]
