,mean,sem,ci
MSE,2.3480377794744656,0.24845155403394573,[1.86264953 2.83566487]
MUE,2.3480448585592972,0.24844431963535873,[1.86264953 2.83566487]
R,0.8527024020967726,0.0711983477056813,[0.70308427 0.9502465 ]
R**2,0.7321705912576252,0.10690079059979116,[0.49432749 0.90296841]
RMSE,2.476404806495929,0.24340611223152472,[2.00281877 2.95515846]
Tau,0.5271272727272727,0.15156154247375814,[0.2        0.78181818]
intercept,0.07222455151568333,0.6177554108357399,[-0.98596408  1.40774579]
slope,0.5465324113438133,0.11873293269872055,[0.34562987 0.80655687]
