,mean,sem
MSE,-0.8544187874361097,0.1974980494359397
R,0.8347598456596804,0.043114443802037744
R**2,0.6986828551901327,0.07077676694681301
RMSE,1.5466317944475634,0.15253092904593699
intercept,-0.9419028700865689,0.1817075782040183
slope,0.8081871291676759,0.07760452159328855
