,mean,sem,ci
MSE,2.892466172797145,0.5454281750154208,[ 1.80114669  3.93328062]
MUE,3.389129699126938,0.39721316639098814,[ 2.63038357  4.17925019]
R,0.24853338334750646,0.19207049951061075,[-0.15538293  0.60103847]
R**2,0.09865991942041415,0.1003724397397444,[  2.49137028e-04   3.61494526e-01]
RMSE,3.8476412887011295,0.39386353349984904,[ 3.06980755  4.60645537]
Tau,0.24527670995670997,0.14952805978573358,[-0.06493506  0.52380952]
intercept,0.6465772094102632,0.8198439886511184,[-0.59434384  2.58714204]
slope,0.2613989593586799,0.22423543550212258,[-0.12688055  0.75658557]
