,mean,sem,ci
MSE,-1.3569515578711044,0.26532959163528314,[-1.8694906  -0.82410144]
MUE,1.5876918630730597,0.20988405193112358,[ 1.18885821  2.01030866]
R,0.8408406082991117,0.058299906685906074,[ 0.70120582  0.9273937 ]
R**2,0.7104118076844056,0.09472875345908109,[ 0.4916896   0.86005907]
RMSE,1.9002336071830346,0.22489747665970017,[ 1.46147116  2.34102149]
Tau,0.6196691692307693,0.07721318582855541,[ 0.45230769  0.75384615]
intercept,-1.3791077124019713,0.29895985232864847,[-1.94666812 -0.7716202 ]
slope,0.9641966393380154,0.11416100038800836,[ 0.75739292  1.20660432]
