,mean,sem
MSE,-1.003597217481085,0.35945256100061007
R,0.828981752925186,0.13231986335948973
R**2,0.7047192929223882,0.18840282799140426
RMSE,1.5143235124993022,0.3736607720119013
intercept,-0.8574259751103295,0.3709112193761477
slope,0.8062942307603808,0.16993834849443176
