,mean,sem,ci
MSE,-1.3886122749646204,0.15494585585069914,[-1.69114849 -1.08312564]
MUE,1.4378461915214926,0.14273004669341993,[1.16025704 1.71846254]
R,0.7210688155739908,0.07917850939599674,[0.53927108 0.84746069]
R**2,0.5262094731434499,0.10984756270266016,[0.2908133  0.71818962]
RMSE,1.680697276166293,0.1316579169316281,[1.41733721 1.93389345]
Tau,0.5009340825035561,0.0806834674061637,[0.3314367  0.64722617]
intercept,-1.3501447718076398,0.33560207326801994,[-2.00421438 -0.68472468]
slope,1.0170366746850923,0.14927215401687785,[0.71206535 1.30286777]
