,mean,sem
MSE,-3.480779126099997,0.2628468380971645
R,0.7782223487809734,0.0659958560599615
R**2,0.6099854771592623,0.1002182220124924
RMSE,3.8770128440737155,0.21441283847555342
intercept,-3.476889234793031,0.2976495234991363
slope,0.977131373241049,0.11833361305933635
