,mean,sem
MSE,-0.9641647919074111,0.3400453213462427
R,0.7135197693103041,0.14117567574310294
R**2,0.5290410326181514,0.18434634352419885
RMSE,1.8173164153430175,0.4059691564081378
intercept,-0.7098217889692641,0.3135218750899475
slope,0.6823397944728508,0.15179259823558747
