,mean,sem
MSE,-0.3874668482527108,0.1295134435632655
R,0.77326995887811,0.11462083288176769
R**2,0.6110843646338643,0.16098075948779708
RMSE,0.6741678942645565,0.11752466639305133
intercept,-1.3079090559862228,0.365101406332623
slope,0.6596970220807139,0.1264027365165879
