,mean,sem
MSE,-2.0203379235595444,0.1442334807563843
R,0.729846841882834,0.06661476031812787
R**2,0.5371139388985878,0.09503982600572003
RMSE,2.227966284588655,0.12029800625689217
intercept,-1.95385045078597,0.30810306164564744
slope,1.0249056977864617,0.11802181597872542
