,mean,sem
MSE,-1.771201607282029,0.12226498428842303
R,0.7918046647395274,0.03910062953066552
R**2,0.6284834863329696,0.061177258976669306
RMSE,2.0995336578463246,0.10022270529657663
intercept,-1.2716861148529184,0.2414537565495719
slope,1.2611212017739133,0.10460728677124424
