,mean,sem
MSE,0.6796152789865325,0.34727414905564535
R,0.8351096827592636,0.06849883842125382
R**2,0.7021002731033386,0.10955019931292911
RMSE,1.7418542682422735,0.30840783931470905
intercept,0.16580825273834823,0.3979327823268455
slope,0.7999750565215749,0.10458259260818266
