,mean,sem,ci
MSE,1.461658313992327,0.2034087903221295,[1.0534611  1.85138173]
MUE,1.731223845600937,0.14641049568501738,[1.44772273 2.02098577]
R,0.8298399830912876,0.04820071928595929,[0.72154713 0.90916921]
R**2,0.6909577068766322,0.07858759061399524,[0.52063026 0.82658866]
RMSE,1.9743420692333404,0.14312500695164956,[1.6945901  2.25725623]
Tau,0.6264800221483942,0.05567555421557681,[0.51052049 0.72757475]
intercept,1.1586201695997798,0.24349980853400494,[0.65727937 1.61421689]
slope,0.8421714345413263,0.08365503665042434,[0.68621875 1.01544091]
