,mean,sem,ci
MSE,-3.3877354668452533,0.22795594164859206,[-3.82761999 -2.93576407]
MUE,3.5960833340003493,0.18708965679897285,[ 3.23069255  3.96422807]
R,0.6903403701580968,0.062222998577289364,[ 0.55685815  0.80048304]
R**2,0.4804415282219676,0.08456253743325703,[ 0.310091   0.6407731]
RMSE,3.9878642133414246,0.18830605498142022,[ 3.62521565  4.36231405]
Tau,0.5355171108071136,0.06162952554301331,[ 0.40574555  0.64651163]
intercept,-3.4274388236815425,0.2450031622493382,[-3.90128724 -2.93950052]
slope,0.9110674510033647,0.10599732427712616,[ 0.70096688  1.11896274]
