,mean,sem
MSE,-1.0391263909005288,0.34388293555897925
R,0.6898483245545944,0.1411765503526183
R**2,0.4958215292602465,0.17558983739844622
RMSE,1.7999589138629035,0.288738417348585
intercept,-1.3711911059023056,0.3916471934708428
slope,0.6881336427925492,0.17047842455269915
