,mean,sem
MSE,1.050728942672824,0.2816968710135503
R,0.8930923840780309,0.18266259425179474
R**2,0.8309796298369768,0.16293740497514472
RMSE,1.447659770117965,0.19275345066383728
intercept,1.3925520453348244,0.368601611807637
slope,1.2003675635269409,0.29449010407139153
