,mean,sem,ci
MSE,-2.1654099630753914,0.29505997917671745,[-2.71297137 -1.55712621]
MUE,2.3551367315443796,0.22012950536333092,[ 1.91786894  2.77987213]
R,0.8459999025572823,0.06182966525192018,[ 0.69691434  0.93579123]
R**2,0.7195387426320957,0.10068932633657754,[ 0.4856896   0.87570522]
RMSE,2.56523105236095,0.1965265701182508,[ 2.17264791  2.94272613]
Tau,0.658637316017316,0.0782587473400488,[ 0.48917749  0.79220779]
intercept,-1.081455875758154,0.5648622259658233,[-2.25985499 -0.02977902]
slope,1.6224975498051137,0.23458516986777528,[ 1.14052744  2.06487219]
