,mean,sem,ci
MSE,0.7482203689366032,0.18596521886245096,[0.38012939 1.11283171]
MUE,1.5157881204410328,0.11959663078804349,[1.28758244 1.75619732]
R,0.7277051190695225,0.0518885679996357,[0.61470048 0.81763061]
R**2,0.5322471638090405,0.07431327823866508,[0.37785668 0.66851982]
RMSE,1.8761683157980806,0.14291668411290823,[1.6047359 2.1647353]
Tau,0.4727103748290013,0.05616609710122514,[0.35430917 0.5753762 ]
intercept,0.44525135555930173,0.20386788146683205,[0.04079479 0.84073924]
slope,0.7704594631695638,0.07238401826019912,[0.6264723  0.91123827]
