,mean,sem,ci
MSE,1.6162710543047987,0.1849312977375533,[1.24801783 1.97368963]
MUE,2.016125229566576,0.13202435417801914,[1.76092807 2.27802693]
R,0.7318469085567523,0.04992558722472829,[0.62573238 0.82031101]
R**2,0.5380924618238094,0.07222850820788047,[0.39154101 0.67291016]
RMSE,2.35191680360909,0.13758973019022705,[2.08566804 2.62443655]
Tau,0.5119923885088918,0.050846704779291374,[0.40683995 0.60601915]
intercept,1.3136308236416974,0.2179207950106833,[0.87523218 1.73180238]
slope,0.7725938278501738,0.07339794610548848,[0.63128773 0.91983043]
