,mean,sem
MSE,-3.8593834262105298,0.6080491812248024
R,0.12149762928051447,0.22659516939887128
R**2,0.06610704471568848,0.09177530973768684
RMSE,4.774914087609585,0.4508292189160452
intercept,-3.1601009114704968,0.5509888228073351
slope,0.1009197988034909,0.21672820339280435
