,mean,sem
MSE,0.39438614978909137,0.3713957441513012
R,0.7355870521069633,0.22390881243527158
R**2,0.5912234675135859,0.2182291440139202
RMSE,1.3664204936451019,0.2837545990176451
intercept,0.1785563957219198,0.5687375901575993
slope,0.8236164639555762,0.3537310317466633
