,mean,sem
MSE,-1.148595208955509,0.16352099612383528
R,0.7779768370301783,0.04934791655277515
R**2,0.6076831758235803,0.07544915950470636
RMSE,1.8966940683233349,0.15461153252594478
intercept,-1.249075480961465,0.16772622465568351
slope,0.8252470109177897,0.06972466091989306
