,mean,sem
MSE,0.6067884596582703,0.2239870942080618
R,0.7819138125080041,0.06561751907885623
R**2,0.6156948690008661,0.09972325520741349
RMSE,1.584632572326432,0.1800905587053083
intercept,0.163538783205458,0.2775192873766374
slope,0.7661774545583835,0.08938339774093133
