,mean,sem,ci
MSE,-1.0761350091230448,0.19143475582844474,[-1.45046679 -0.69946379]
MUE,1.3726004917190349,0.1416613848257402,[ 1.10857497  1.66395614]
R,0.8332936682299611,0.05484387465020747,[ 0.70676952  0.91936498]
R**2,0.697386188098792,0.08908055289499188,[ 0.49952315  0.84523196]
RMSE,1.6489526386298807,0.17772647045897852,[ 1.32432217  2.01768184]
Tau,0.6473231893687708,0.06759871927230784,[ 0.49944629  0.76301218]
intercept,-1.1688374486005797,0.2009583317274894,[-1.56653888 -0.77461099]
slope,0.8447139482325244,0.07975276506606127,[ 0.68056068  0.99495612]
