,mean,sem,ci
MSE,1.6171957889642967,0.18430278332337824,[ 1.25198168  1.97250744]
MUE,2.0158451283763803,0.13122593797360868,[ 1.76221897  2.27602667]
R,0.7320637700768745,0.05005190132323357,[ 0.62532269  0.82079615]
R**2,0.5384225562852376,0.0724161545824153,[ 0.39102846  0.67370632]
RMSE,2.3516896593539927,0.1366139005560149,[ 2.08696667  2.62269191]
Tau,0.5121979151846785,0.050884931060069014,[ 0.40683995  0.60601915]
intercept,1.3145429380083533,0.21731381291558646,[ 0.87836927  1.73019504]
slope,0.7727506669510842,0.07358465152073629,[ 0.63145788  0.91943641]
