,mean,sem,ci
MSE,0.8018430684284564,0.28136565204087616,[ 0.24730841  1.34626811]
MUE,1.5658440454697742,0.17592172592989067,[ 1.23347433  1.92327075]
R,0.5872135698806401,0.10955074740539236,[ 0.34798463  0.77477353]
R**2,0.35682114290904554,0.1239563030192364,[ 0.12109331  0.60027402]
RMSE,1.8932675073692868,0.20797179329686608,[ 1.50000045  2.31550266]
Tau,0.4199068563300143,0.09113457227537036,[ 0.23186344  0.58748222]
intercept,0.45702402746473025,0.29496045144831723,[-0.13840133  1.01992993]
slope,0.6267368741026395,0.13830471331379288,[ 0.35167645  0.89682599]
