,mean,sem
MSE,-0.22887323498819806,0.13139493824742907
R,0.8899879622702708,0.06400841322818955
R**2,0.7961756499499797,0.10663246166082077
RMSE,0.48216071264298843,0.0997546314475074
intercept,-0.5786067397625476,0.3696064851795489
slope,0.8564309798203766,0.13763096745210135
