,mean,sem
MSE,-0.46941004444979983,0.09945520610469091
R,0.7639272481548625,0.07739189355392335
R**2,0.5895743456613223,0.11387323023989834
RMSE,0.7951900487599161,0.11553482036624238
intercept,-1.2543235536208681,0.2974874828679136
slope,0.6903090394515792,0.10124832198965227
