,mean,sem
MSE,0.7288124448744059,0.35284985429046833
R,0.6240284243382729,0.14390248707099323
R**2,0.41011940016732495,0.15508023026557918
RMSE,1.922961282426407,0.24993235208996395
intercept,0.5532444927956981,0.3990478163864769
slope,0.7836430422975661,0.1813989330308485
