,mean,sem,ci
MSE,1.6939299210815921,0.45207184819059804,[0.7911264 2.5637575]
MUE,2.311842266473572,0.30402258074391575,[1.72743338 2.92055667]
R,0.687070444126041,0.11046465039568346,[0.44318301 0.87238922]
R**2,0.4842682341785959,0.14544758881653994,[0.19641118 0.76106295]
RMSE,2.698283582630369,0.31166138346318356,[2.08816584 3.31112466]
Tau,0.39294493506493505,0.11246399561884861,[0.15151515 0.6017316 ]
intercept,0.45085532788365545,0.5327102503550003,[-0.64164204  1.46583045]
slope,0.5100776770889395,0.10608980923967151,[0.29750032 0.71740534]
