,mean,sem
MSE,-2.969791567469975,0.3697115262383872
R,0.8443857306647522,0.07728076532044646
R**2,0.7189595788387613,0.12332974485606993
RMSE,3.3686626118481997,0.2773734532951749
intercept,-2.624158697111199,0.4351311391854656
slope,1.259151126054061,0.1735667668858434
