,mean,sem
MSE,-1.1130606001526668,0.2530026464845314
R,0.6757408539176074,0.09784334742530033
R**2,0.46619902228868554,0.12640820282108747
RMSE,1.908333804445038,0.20253782072628992
intercept,-1.4423258322579424,0.2755182260151332
slope,0.7026582297783799,0.12148141741872656
