,mean,sem,ci
MSE,-2.0213987206634862,0.14422952833421768,[-2.29960819 -1.73346053]
MUE,2.03514238910648,0.13962601228254695,[1.75782947 2.30591892]
R,0.7303421266388804,0.0666401047529762,[0.58301416 0.84379606]
R**2,0.5378405255048899,0.09511304320483012,[0.33990552 0.71199179]
RMSE,2.2286849216516806,0.12010231147602209,[1.99088715 2.46184918]
Tau,0.5345175636766334,0.07069180364642348,[0.38648948 0.66334441]
intercept,-1.954221478578178,0.3075839533535916,[-2.51805599 -1.30736087]
slope,1.0251790252417852,0.11788300994314983,[0.79444851 1.26189053]
