,mean,sem
MSE,-1.3822573879831093,0.20226832542274029
R,0.6826340010335896,0.14118883455937542
R**2,0.48592346637136136,0.17181853757120819
RMSE,1.6328938194250486,0.16549587697618065
intercept,-1.4832752978469885,0.6993953132476118
slope,0.9545804506335569,0.24967364073734466
