,mean,sem,ci
MSE,-2.5780157824758954,0.24606827947114523,[-3.04550207 -2.08456477]
MUE,2.578054324381301,0.24602928882373679,[2.08472182 3.04550925]
R,0.8474392190596007,0.07485431490851996,[0.68400626 0.95060153]
R**2,0.7237563984607696,0.11447377181967976,[0.46789531 0.90364326]
RMSE,2.694612472275052,0.22908343838806883,[2.23283321 3.12994012]
Tau,0.5218898181818182,0.14738302096317407,[0.2        0.78181818]
intercept,-1.8311817368136887,0.7434587094167981,[-3.04883168 -0.16757225]
slope,1.3043890344029219,0.26939858697729685,[0.8690098  1.91235021]
