,mean,sem,ci
MSE,-0.47056112118407667,0.09917969539997948,[-0.67076684 -0.28299444]
MUE,0.6030753484625005,0.0809843995056445,[0.45406112 0.77098091]
R,0.7640661778813428,0.07660232126038828,[0.58938261 0.88466236]
R**2,0.5896650398046832,0.11297296938188409,[0.34737186 0.78262749]
RMSE,0.7964584437355616,0.11520505237709483,[0.58554937 1.03401572]
Tau,0.5647328903654485,0.07702646790071087,[0.40199336 0.70099668]
intercept,-1.2550534576399741,0.29566018193296006,[-1.86783353 -0.70985895]
slope,0.6903583319403883,0.10069043365472069,[0.48392202 0.87762598]
