,mean,sem,ci
MSE,-1.190192290503264,0.2417007296523714,[-1.64392037 -0.69580279]
MUE,1.3074887299314555,0.18883773391080894,[0.94484004 1.68602804]
R,0.928559863788561,0.041351833493718,[0.82729438 0.98264669]
R**2,0.8639333947723231,0.07439769288314341,[0.68441599 0.96559453]
RMSE,1.461205407623322,0.1900959582554854,[1.09778499 1.84644865]
Tau,0.7375848717948715,0.0951169564290654,[0.51282051 0.8974359 ]
intercept,-1.1541866578734843,0.31941543459247346,[-1.72022067 -0.45662242]
slope,1.003963886802732,0.13140471750648483,[0.77992745 1.30529854]
