,mean,sem
MSE,-3.02054864512099,0.3027017748526842
R,0.8008702711151148,0.06351904971775728
R**2,0.6454278608330444,0.09884738031398609
RMSE,3.5398642051061704,0.23920133137319533
intercept,-2.6994265822291252,0.33231037803562724
slope,1.259318905451917,0.13474765530218813
