,mean,sem
MSE,-0.3997980322544537,0.08478907843866916
R,0.7638190858865822,0.05370533658544739
R**2,0.5863038591423702,0.08045113532369412
RMSE,0.8781756169537431,0.09124705889466524
intercept,-0.8079391348905115,0.1990880715081009
slope,0.7880324557121834,0.0815342332353872
