,mean,sem,ci
MSE,-0.7954070698626118,0.21730818233105179,[-1.23975952 -0.38930193]
MUE,0.8711784951411835,0.19400764761543082,[ 0.52319943  1.27861951]
R,0.7126329850786757,0.15785956979151233,[ 0.32481145  0.92627072]
R**2,0.5327654151969055,0.19760247329378366,[ 0.10592034  0.85797745]
RMSE,1.0937714292611858,0.2350245449307014,[ 0.65557626  1.56496935]
Tau,0.5009166666666665,0.1705897685206578,[ 0.12820513  0.79487179]
intercept,-1.662094834830846,0.5855978313100486,[-2.85521304 -0.57310602]
slope,0.6352968310689507,0.20469882517427274,[ 0.21775534  1.02043603]
