,mean,sem
MSE,0.6519702995019115,0.3844313558294561
R,0.587258499856031,0.14624276206009681
R**2,0.366259491108122,0.16024532367109212
RMSE,1.7779034121819364,0.26916560141017687
intercept,-0.00426194054739025,0.44082518317908664
slope,0.5746875946382916,0.1759943241433467
