,mean,sem,ci
MSE,-0.30888846381220914,0.10108100217312542,[-0.50727349 -0.11131326]
MUE,0.5543732648572168,0.06793097612593041,[ 0.4266054   0.69251791]
R,0.7984980903270359,0.06152349195110259,[ 0.65496818  0.89489813]
R**2,0.6413843403177805,0.09516225492507037,[ 0.42898332  0.80084266]
RMSE,0.6895051357703845,0.07964248300767558,[ 0.53843915  0.85108654]
Tau,0.5923677098150782,0.07574686447415717,[ 0.42816501  0.72688478]
intercept,-0.7588234640855892,0.2417754364880427,[-1.23036899 -0.28024228]
slope,0.7839848461564143,0.10199891801742213,[ 0.58534387  0.98874134]
