,mean,sem,ci
MSE,1.05009417774815,0.2811962729023096,[0.47811245 1.57623417]
MUE,1.2688341273795938,0.20071453172663367,[0.88077643 1.6654003 ]
R,0.8938535542653013,0.17896848657636044,[0.24086898 0.98076892]
R**2,0.8310038956601447,0.16142825845882897,[0.14450436 0.96190767]
RMSE,1.4474195805003287,0.19278903533386005,[1.06388206 1.81924376]
Tau,0.37878615384615383,0.19972373510551275,[-0.07692308  0.71794872]
intercept,1.3924701047394827,0.36723657483570665,[0.63757987 2.07971706]
slope,1.2024755021295492,0.2916574673139709,[0.39850685 1.63018778]
