,mean,sem
MSE,1.5869816854055225,0.29465470879064243
R,0.7825721986819923,0.09629161990037001
R**2,0.6216913222130048,0.14264150437929404
RMSE,2.032069185906704,0.1992814267552023
intercept,1.3515267826279418,0.40071973972542224
slope,0.8495019340369151,0.14780237741822294
