,mean,sem,ci
MSE,-1.7714893364593651,0.12184188721591663,[-2.00787926 -1.5284257 ]
MUE,1.8474821496680944,0.10793501460502788,[1.63535187 2.05908494]
R,0.7919059049413344,0.03930986563439733,[0.70503239 0.85920182]
R**2,0.6286602278171485,0.061483687675106924,[0.49707068 0.73822776]
RMSE,2.0996950720855545,0.09969194159475671,[1.90179838 2.29338176]
Tau,0.5846306538987689,0.044768837679974874,[0.49110807 0.66730506]
intercept,-1.2714674634442278,0.24221831669403798,[-1.75108417 -0.80357832]
slope,1.2613645090007215,0.10497014521728587,[1.05451847 1.46786445]
