,mean,sem,ci
MSE,-3.858281361406194,0.603665270395091,[-5.00667593 -2.63643039]
MUE,4.293264105554754,0.4538195083141741,[ 3.41189656  5.19274334]
R,0.12137823065274181,0.22636565441567408,[-0.32987518  0.56429507]
R**2,0.06597408437542658,0.09172641281059694,[  7.07102670e-05   3.24996221e-01]
RMSE,4.773867122286232,0.44930097037633393,[ 3.89703765  5.65822373]
Tau,0.21240588744588745,0.17709731399363154,[-0.14285714  0.54978355]
intercept,-3.1594329927931843,0.549196979333719,[-4.14664633 -2.00046406]
slope,0.10094404322866801,0.2166967844125754,[-0.38350338  0.46533608]
