,mean,sem,ci
MSE,-0.47086113895842485,0.09939614455644334,[-0.67266833 -0.28224665]
MUE,0.6033428589923601,0.0811448469404397,[ 0.45460387  0.77200711]
R,0.7635629767881291,0.07703795312378621,[ 0.58759959  0.88516324]
R**2,0.588963265743052,0.1134145618463569,[ 0.34527328  0.78351396]
RMSE,0.7968710938660625,0.11536598736674956,[ 0.58545497  1.0354678 ]
Tau,0.5640737984496125,0.07743044366203906,[ 0.39977852  0.70321152]
intercept,-1.2569977776589212,0.2976968861304938,[-1.87456442 -0.7121226 ]
slope,0.689738725138625,0.10141655722676628,[ 0.4816583   0.88014692]
