,mean,sem
MSE,-3.536224998698382,0.3079147829946011
R,0.9601201948342075,0.025063042407129945
R**2,0.9224589446231787,0.04697827424733147
RMSE,3.6959451153906366,0.27520025878272353
intercept,-3.2110214593103796,0.3080535666997058
slope,1.3463479185381921,0.1274846549218252
