,mean,sem,ci
MSE,-0.30859611976884527,0.10108883763347694,[-0.50797839 -0.11068786]
MUE,0.554511208439283,0.06784965399819186,[0.42668685 0.69274102]
R,0.7984393667541233,0.06120544777239239,[0.65577652 0.89434386]
R**2,0.6412515292197445,0.0946800865246331,[0.43004285 0.79985094]
RMSE,0.6896886751150741,0.079495584393721,[0.53849505 0.85058561]
Tau,0.5922276529160739,0.07557918153509005,[0.42816501 0.72403983]
intercept,-0.7573559671678269,0.24047947402495634,[-1.22532915 -0.28432128]
slope,0.7845037112551851,0.10173568333626799,[0.58663636 0.98696451]
