,mean,sem
MSE,0.8034968218511593,0.28004490590507014
R,0.5873689431442305,0.11031478547409512
R**2,0.35717162726456597,0.12459670429000719
RMSE,1.8935604234421242,0.2078026313003431
intercept,0.45828005184613546,0.29462977175826005
slope,0.62666649294081,0.13864291936777
