,mean,sem,ci
MSE,-3.0198187946611155,0.3001573599911923,[-3.59433726 -2.41702387]
MUE,3.17858811062357,0.25431869362009835,[ 2.68085547  3.67634576]
R,0.800916652274565,0.06357064403577435,[ 0.65551611  0.90255734]
R**2,0.6455087106738193,0.09887720553568809,[ 0.42970137  0.81460976]
RMSE,3.5387711496457954,0.2385091250816433,[ 3.0651276   3.99938645]
Tau,0.613232119487909,0.07806895262919974,[ 0.44238976  0.74679943]
intercept,-2.6982935341055314,0.330110620472827,[-3.31122311 -2.0101795 ]
slope,1.25981282277749,0.13434033042073457,[ 0.98709307  1.52328193]
