,mean,sem,ci
MSE,-1.0762175698844267,0.1924394524693509,[-1.45209092 -0.69819683]
MUE,1.37243759989663,0.14186604517976606,[1.10708169 1.66307029]
R,0.8335088493332686,0.05499609014832661,[0.70718475 0.92042167]
R**2,0.6977615718484725,0.08939345868535756,[0.50011027 0.84717605]
RMSE,1.6486449042712923,0.1782720194890542,[1.32011041 2.01491475]
Tau,0.6475708527131783,0.0677550684636142,[0.49944629 0.76301218]
intercept,-1.168723378876126,0.20220784597530375,[-1.56519106 -0.77352833]
slope,0.8452036911772594,0.08014049740654068,[0.68038087 0.99700682]
