,mean,sem,ci
MSE,-4.29988721557012,0.6389763668800714,[-5.42217587 -2.94201587]
MUE,4.494906386419984,0.5031023513467563,[ 3.47529519  5.44148704]
R,0.5211494280357043,0.2863990357502489,[-0.0685007   0.94299335]
R**2,0.3536211340206139,0.2859241645185493,[ 0.00260673  0.88923646]
RMSE,4.774088164343557,0.4471132581089748,[ 3.86113014  5.61138564]
Tau,0.495493090909091,0.199441099659163,[ 0.05454545  0.81818182]
intercept,-3.9547637039594137,0.6488974104879632,[-4.92424095 -2.47526724]
slope,0.42314956829588074,0.21061892422250725,[-0.09179666  0.73096215]
