,mean,sem
MSE,-4.299918290867725,0.6414038411242484
R,0.5238437891470226,0.2864955911168551
R**2,0.3564920391573065,0.28604982347904645
RMSE,4.773022324014817,0.4485289018924531
intercept,-3.9572813232693886,0.6501378082802877
slope,0.42424461675526176,0.2111238805560231
