,mean,sem
MSE,1.6160076782580104,0.18518396851951033
R,0.731725087488268,0.050174206469100285
R**2,0.5379390546545174,0.07255845759411261
RMSE,2.351827261603486,0.13712679259487953
intercept,1.3137108248694482,0.2180285190733121
slope,0.7727304182172096,0.07353264647934077
