,mean,sem
MSE,-1.0386636222570127,0.3429629877951077
R,0.6897422658593595,0.14111571015272
R**2,0.49565803696470995,0.17542761427086662
RMSE,1.80074972530005,0.28822034971242066
intercept,-1.3708392037891515,0.38977307799592426
slope,0.6877718402309544,0.1701039510420016
