,mean,sem,ci
MSE,1.5897991661172657,0.29516249153681895,[0.98755517 2.13865913]
MUE,1.8131659499702746,0.21616037957296602,[1.38832901 2.23551914]
R,0.7832342471192819,0.09621542762749812,[0.55557658 0.92686187]
R**2,0.6227132943740507,0.14274112966501726,[0.30866534 0.85907292]
RMSE,2.033581604370567,0.19871088210256738,[1.64127984 2.41772546]
Tau,0.5279591812865497,0.10930428547850421,[0.28654971 0.71929825]
intercept,1.3553019598918836,0.3997188881754307,[0.5084325  2.07762158]
slope,0.8497890467084264,0.14640621078409422,[0.564061   1.14588564]
