,mean,sem,ci
MSE,-3.4814441479848552,0.2613757640050941,[-3.98027189 -2.95501956]
MUE,3.584258457822238,0.2269268318533686,[ 3.13561553  4.0267431 ]
R,0.7779012205577956,0.06609250889054759,[ 0.63077991  0.88764451]
R**2,0.6094985286767551,0.10034124865339977,[ 0.39788329  0.78791277]
RMSE,3.8782332154773775,0.21270495806042167,[ 3.45830424  4.29071033]
Tau,0.6129996234772979,0.07325855830579994,[ 0.4551495   0.74086379]
intercept,-3.4777079882019515,0.2960390383490504,[-4.03768694 -2.87731592]
slope,0.9769465212332094,0.1185009321665127,[ 0.74739187  1.21483048]
