,mean,sem
MSE,-0.796023278835639,0.21868740405204956
R,0.7125738908071338,0.1575211162734914
R**2,0.5325744519320639,0.19750657585694328
RMSE,1.094615897701715,0.23619888792062413
intercept,-1.6640682519573042,0.5868197121777432
slope,0.634901421861076,0.2048262164521809
