,mean,sem,ci
MSE,0.39387156743350044,0.37082806845746913,[-0.39059125  1.06324009]
MUE,1.1030867432056985,0.23655634157922772,[0.67868981 1.59903118]
R,0.7362644677564759,0.22199661760643305,[0.11321654 0.95352433]
R**2,0.5913678647094239,0.21814035012938296,[0.08443965 0.90920864]
RMSE,1.3656053396903431,0.28367644768700123,[0.84989501 1.95041488]
Tau,0.35548641025641026,0.20918150161384425,[-0.1025641   0.69230769]
intercept,0.1777653476105551,0.5653647066020814,[-1.00455678  1.1866318 ]
slope,0.8248642298622405,0.3488245326401646,[0.22272783 1.28105454]
