,mean,sem,ci
MSE,-1.1109161624373631,0.25491610065451853,[-1.6040934  -0.60806621]
MUE,1.6018688263957608,0.17136790609927002,[ 1.27893926  1.95145438]
R,0.6753876953342088,0.0981186822737575,[ 0.45197438  0.83498575]
R**2,0.46577581481999264,0.1264769872790057,[ 0.20428084  0.6972012 ]
RMSE,1.907718216111252,0.2028049012396222,[ 1.52899122  2.32295805]
Tau,0.46574330014224763,0.09959663148079703,[ 0.25177809  0.64153627]
intercept,-1.4404871643577348,0.27725972687958095,[-1.97032466 -0.88474313]
slope,0.7027219371665573,0.12155517295358843,[ 0.44844459  0.9299304 ]
