,mean,sem,ci
MSE,-2.969783687352175,0.3703102236459322,[-3.66185858 -2.20843107]
MUE,3.0885798172386854,0.315528459113928,[2.4617725  3.69658919]
R,0.8444262325773235,0.07767158166946657,[0.65615022 0.95163692]
R**2,0.7190885368637687,0.12362827549208959,[0.43053311 0.90561283]
RMSE,3.3692060420386203,0.2774392970427818,[2.80563799 3.89138953]
Tau,0.6652405847953217,0.10648716112809191,[0.42690058 0.83625731]
intercept,-2.624245923503822,0.434837282783266,[-3.38448723 -1.67197298]
slope,1.25890744220238,0.17365898371283592,[0.90715604 1.60673787]
