,mean,sem,ci
MSE,-1.3575613684016146,0.2634104855650171,[-1.86520662 -0.82885465]
MUE,1.588063988493503,0.20877283644582703,[1.19213078 2.00923974]
R,0.8408288639154257,0.058267685597123274,[0.70135762 0.92760812]
R**2,0.7103883015781507,0.09469905139929465,[0.4919025  0.86045682]
RMSE,1.9006931908587261,0.22335916232141187,[1.46436001 2.33865644]
Tau,0.6196987076923077,0.07695377182499409,[0.45230769 0.75384615]
intercept,-1.379816739764723,0.2968717634277329,[-1.94421923 -0.77639427]
slope,0.9638682311864127,0.11426998685946888,[0.75729908 1.20798878]
