,mean,sem
MSE,-2.5764772295532,0.24737046153910192
R,0.8474253247049135,0.07459928310342324
R**2,0.723694733990773,0.11465843834093108
RMSE,2.6932997053002894,0.230164420712163
intercept,-1.8289654354704867,0.7435282135280559
slope,1.304560162718997,0.2689940253031493
