,mean,sem,ci
MSE,1.7241498574141427,0.48505154606791084,[ 0.69748874  2.5917021 ]
MUE,2.1365802970621908,0.3042612652744547,[ 1.54104655  2.73475765]
R,0.8201405854186191,0.14724932653071549,[ 0.47459162  0.9822661 ]
R**2,0.6943129440145444,0.20813495090154002,[ 0.22656464  0.96484669]
RMSE,2.3455480750372515,0.29245230684451184,[ 1.76801052  2.91381348]
Tau,0.6036981818181818,0.17566051823365347,[ 0.2         0.89090909]
intercept,0.6807627941152313,0.7368933912162694,[-1.07837997  1.7898066 ]
slope,0.6620220157944883,0.1372709253997353,[ 0.33999283  0.87877045]
