,mean,sem
MSE,1.6929250568533585,0.4518737673083751
R,0.6872867916166532,0.11046511919660676
R**2,0.48456567648983334,0.14539790279491532
RMSE,2.6965219713405224,0.31212945137967646
intercept,0.4503115520075581,0.5345002399591195
slope,0.510462175697205,0.1060511931415721
