,mean,sem
MSE,-0.7963025659035446,0.21827587281655997
R,0.7127478560895134,0.1583518714774443
R**2,0.5330848215606065,0.19776154457518658
RMSE,1.0944382058038848,0.2356967113228645
intercept,-1.6638998572415884,0.5875182538354908
slope,0.6347838149126699,0.20521629361529262
