,mean,sem,ci
MSE,0.39549740773856784,0.3695708658144765,[-0.37720974  1.06404388]
MUE,1.1025244837144395,0.2364070751389405,[ 0.67680802  1.59985521]
R,0.7365126115850811,0.22251319193567282,[ 0.11635439  0.95345613]
R**2,0.5919629476092779,0.21835145084361984,[ 0.08221903  0.90907859]
RMSE,1.3648626920847384,0.28310590685850984,[ 0.85030792  1.95142757]
Tau,0.35497769230769227,0.20952787249230242,[-0.1025641   0.69230769]
intercept,0.17982789711525662,0.5651902399593961,[-0.99723406  1.19210996]
slope,0.8239522307474934,0.349096100374212,[ 0.22589908  1.27787794]
