,mean,sem,ci
MSE,0.604896408965532,0.22483541521268247,[ 0.15915098  1.03893584]
MUE,1.2754750707767801,0.1466526126699567,[ 1.00037079  1.57785033]
R,0.7809347258215903,0.06620386925005628,[ 0.62959186  0.88766473]
R**2,0.6142419982977207,0.10040780337841972,[ 0.3963859   0.78794867]
RMSE,1.5860293247721455,0.18026124547665817,[ 1.24707648  1.95629568]
Tau,0.5568867552602436,0.07324139239590678,[ 0.39977852  0.68770764]
intercept,0.1599700637559911,0.2786338732417349,[-0.40487699  0.68390656]
slope,0.7650328291946427,0.0897823768460186,[ 0.58356204  0.93709743]
