,mean,sem,ci
MSE,0.6528392430408444,0.3847076974976655,[-0.11053662  1.39844831]
MUE,1.4866642694311203,0.23238932741056448,[1.05571911 1.96538928]
R,0.5875325819841116,0.14694580814933433,[0.25426055 0.8239046 ]
R**2,0.36678760542557787,0.1609807744993299,[0.06468547 0.6788188 ]
RMSE,1.7768457677456757,0.27027412659287975,[1.27750134 2.33492522]
Tau,0.40698690058479536,0.12195074645446666,[0.14619883 0.62573099]
intercept,-0.0017091022847639315,0.4408968593362242,[-0.90675926  0.8250537 ]
slope,0.5749498016234004,0.17606430129593192,[0.23046494 0.92617306]
