,mean,sem
MSE,-0.39966247308232383,0.08473672248115084
R,0.7635689097511287,0.05401489521088157
R**2,0.5859550888431698,0.08085382451141211
RMSE,0.8781579677726343,0.09177180181560982
intercept,-0.8079512565065785,0.19847481187480995
slope,0.7878362828919695,0.08151295972667422
