,mean,sem
MSE,-0.3088479289752073,0.10077856657700128
R,0.7980912360041524,0.06157314054268169
R**2,0.6407408726229245,0.09512461932299186
RMSE,0.6901150321446774,0.07913098471032064
intercept,-0.7586735768715075,0.24152344504008127
slope,0.7840265992138948,0.10214909014011987
