,mean,sem
MSE,-0.22967622977862565,0.131591119879368
R,0.8898740156393052,0.06492161264103835
R**2,0.7960905794979354,0.10702473731996269
RMSE,0.4828877226351515,0.10028169229606677
intercept,-0.5790323510349858,0.3712995105916079
slope,0.8564175743498219,0.13850689395610266
