,mean,sem
MSE,1.6324899886697448,0.25745159819198504
R,0.7133350440562717,0.08517162701428897
R**2,0.5161010911270244,0.11763397091688416
RMSE,2.2680423831574976,0.18660340631691102
intercept,1.5084024300523295,0.30721118432491973
slope,0.8680395861522369,0.12329006186960557
