,mean,sem,ci
MSE,-0.3875881236863099,0.12927116010090026,[-0.64373203 -0.13814275]
MUE,0.5384875414416723,0.09674266348818872,[ 0.36080614  0.73859305]
R,0.7739193442757524,0.11394256560814424,[ 0.48936717  0.92587554]
R**2,0.6119340597015769,0.16025674757010475,[ 0.23948023  0.85724552]
RMSE,0.6736122256424298,0.11733646691360225,[ 0.45861402  0.91966838]
Tau,0.5560357894736841,0.1276760814553007,[ 0.2748538   0.76608187]
intercept,-1.304709891070743,0.3637088748782666,[-2.07837564 -0.64412756]
slope,0.660706058337082,0.12633029214217595,[ 0.39161447  0.89429867]
