,mean,sem,ci
MSE,-2.4845844080295243,0.11849845790539591,[-2.71313539 -2.25055638]
MUE,2.4845844080295243,0.11849845790539591,[ 2.25056143  2.71315299]
R,0.9552228681326074,0.02543607602389418,[ 0.89220192  0.98681388]
R**2,0.9130977217669777,0.04722696343509899,[ 0.79602426  0.97380163]
RMSE,2.518013358406527,0.11638309926388919,[ 2.28687353  2.74164527]
Tau,0.78423,0.09013292871270767,[ 0.58974359  0.92307692]
intercept,-2.1256754000709193,0.28539717054562447,[-2.70900001 -1.58195688]
slope,1.15467830344203,0.10747088466013668,[ 0.95191139  1.3791132 ]
