,mean,sem
MSE,-1.35589743448103,0.26381740487024125
R,0.8408051852196052,0.0582987584815918
R**2,0.7103521047326695,0.09473396129843527
RMSE,1.8992324959951965,0.22351748565433363
intercept,-1.3787512255747116,0.2972310301857524
slope,0.9630954485425429,0.11381495835812648
