,mean,sem
MSE,-1.1911531667999213,0.23932898837887676
R,0.9284486078481641,0.04124990191840365
R**2,0.8637183718234717,0.07424581574303915
RMSE,1.4623668903941918,0.18889285643414663
intercept,-1.1540210040753358,0.3190868199568845
slope,1.0042661512124804,0.13281149022400074
