,mean,sem,ci
MSE,-1.036955352876944,0.3430204272841646,[-1.71318755 -0.36331353]
MUE,1.4875473021314989,0.24205251705981184,[1.04222744 1.99215937]
R,0.6894746314244358,0.1423548548812702,[0.34616516 0.89392678]
R**2,0.49564017208612904,0.17633591708739177,[0.11984404 0.7991051 ]
RMSE,1.7990485728028014,0.2901089379494828,[1.26570106 2.39558876]
Tau,0.47864198830409355,0.14967794263390297,[0.14619883 0.73099415]
intercept,-1.369680979228051,0.3910246463383237,[-2.11040468 -0.56495757]
slope,0.6877936964942659,0.1716164432431476,[0.31733962 1.00091113]
