,mean,sem,ci
MSE,-2.1646893870995947,0.29618230339492907,[-2.71317138 -1.55749394]
MUE,2.3546990502292355,0.2207630616135483,[1.91796539 2.77903918]
R,0.8460285099678583,0.062136096505609716,[0.69567794 0.93577258]
R**2,0.7196251341673889,0.10112752299564354,[0.48396779 0.87567033]
RMSE,2.565020393311435,0.1970875546109808,[2.1710595  2.94346543]
Tau,0.6588870995670995,0.07847934731350326,[0.48917749 0.79220779]
intercept,-1.079458598004148,0.5671419257043522,[-2.26835067 -0.02796142]
slope,1.623405004358525,0.23556838511584463,[1.13777442 2.06808278]
