,mean,sem,ci
MSE,1.630575837851007,0.25669666687773474,[1.11788506 2.12351787]
MUE,1.9721783678008986,0.18328992256486842,[1.62053653 2.33623289]
R,0.713176689919318,0.08506726369745678,[0.52493557 0.85484842]
R**2,0.5158574303972476,0.11752196056249765,[0.27555735 0.73076582]
RMSE,2.2665187316133246,0.18601970384001765,[1.90443175 2.63240326]
Tau,0.5251175817923187,0.07918362638438618,[0.3598862  0.66998578]
intercept,1.505805998613037,0.3060202304276263,[0.8831502  2.08206035]
slope,0.8676616489490893,0.12277430308372762,[0.62463791 1.10767584]
