,mean,sem,ci
MSE,0.8036214917541761,0.27962066638097516,[0.25074167 1.34746144]
MUE,1.5665953832200397,0.17621614258491752,[1.23515918 1.92490357]
R,0.5874284530290375,0.10972741508949908,[0.34639517 0.77466345]
R**2,0.3571122930503114,0.12412212988675529,[0.11998962 0.60010347]
RMSE,1.8941370112700455,0.20841274406116853,[1.50147032 2.31669817]
Tau,0.4201055761024183,0.0913544223684614,[0.22901849 0.58748222]
intercept,0.4586116045324698,0.2947499142058026,[-0.13600504  1.02071666]
slope,0.6271048235665267,0.1384888609966612,[0.35110437 0.89759338]
