,mean,sem,ci
MSE,-1.9961038322504194,0.1828598928392715,[-2.3457101  -1.63050521]
MUE,2.015055845208497,0.17471005348794766,[1.66899579 2.35215161]
R,0.891709319108042,0.03556379553968672,[0.80931713 0.94689077]
R**2,0.7964102933373163,0.0622710655538104,[0.65499422 0.89660213]
RMSE,2.1981335934067547,0.1571618737462665,[1.88347498 2.49761292]
Tau,0.6955288000000001,0.06780676506301919,[0.54461538 0.80923077]
intercept,-1.4021275210072441,0.33934737556152045,[-2.11792905 -0.7808952 ]
slope,1.3297599787248766,0.14271693368818453,[1.0410725  1.60488583]
