,mean,sem,ci
MSE,-3.535440928501393,0.30933975821208176,[-4.11471995 -2.90740597]
MUE,3.536060570016042,0.30878531511013824,[ 2.90917059  4.11478612]
R,0.9603008249578888,0.025057721777257787,[ 0.89736113  0.99042797]
R**2,0.9228055638354681,0.046913921982384685,[ 0.805257    0.98094755]
RMSE,3.695000942245928,0.27695795637732085,[ 3.12380537  4.20806184]
Tau,0.757760769230769,0.08896994695001949,[ 0.56410256  0.8974359 ]
intercept,-3.2109789351657847,0.309138905641296,[-3.76771682 -2.55625145]
slope,1.3467147757735813,0.12748254214021662,[ 1.1265054   1.62763289]
