,mean,sem,ci
MSE,-1.7711060880304552,0.12209753077534506,[-2.00817703 -1.52840923]
MUE,1.8470979118931319,0.10816806850592572,[ 1.6354958  2.0590702]
R,0.7915526307976475,0.03917551268924219,[ 0.70554911  0.85840944]
R**2,0.6280902881171418,0.06124046987787906,[ 0.49779955  0.73686677]
RMSE,2.0995216537667134,0.10000983464345378,[ 1.90238556  2.2948226 ]
Tau,0.5841516716826265,0.044750446798037816,[ 0.49165527  0.66621067]
intercept,-1.2724404667547822,0.24112198340784624,[-1.75031807 -0.8078836 ]
slope,1.26062745582631,0.10457795688251395,[ 1.05559994  1.46503674]
