,mean,sem
MSE,1.526663420586964,0.29337864229916955
R,0.7954540707635603,0.11584648765612064
R**2,0.6461675873965792,0.16133279131751024
RMSE,2.123314686739408,0.21290896298652295
intercept,1.634351577490051,0.3661512099805698
slope,1.1024693096941582,0.1738891710777735
