,mean,sem
MSE,-0.47009339000976275,0.0994255560025167
R,0.7634822278547836,0.07699883170764436
R**2,0.5888339323344458,0.11337995451938275
RMSE,0.7966424864241679,0.11539747887348623
intercept,-1.2570213780697286,0.2959641848919215
slope,0.6894498957871916,0.10064179508247628
