,mean,sem
MSE,-0.9651909487601438,0.3387022591796835
R,0.7127909063996147,0.14210083797141979
R**2,0.528263524398164,0.1851176109232528
RMSE,1.8193622745075828,0.4079817734560874
intercept,-0.7108805466564178,0.31217708430227037
slope,0.6818069451810398,0.15226191880727324
