,mean,sem,ci
MSE,-0.2868185921634932,0.1559360003598818,[-0.58497324  0.02600424]
MUE,0.6156334004843461,0.10368057516997374,[ 0.42496748  0.83181118]
R,0.8091327078473571,0.0757687354371253,[ 0.63321076  0.92486914]
R**2,0.6604366401781376,0.11807320082488151,[ 0.40095586  0.85538293]
RMSE,0.7749394091549386,0.124562202653891,[ 0.54027721  1.02721418]
Tau,0.6170036363636364,0.08902807902911108,[ 0.42857143  0.77489177]
intercept,-0.5870090246690495,0.30178798608791896,[-1.15800451  0.03026485]
slope,0.8300487400540484,0.12316800050145407,[ 0.5972735   1.08066876]
