,mean,sem,ci
MSE,1.631993692194329,0.25664760181294166,[ 1.11589974  2.12189753]
MUE,1.973146500742234,0.18321561027322722,[ 1.62044137  2.33696295]
R,0.7131357158946419,0.08493441931747192,[ 0.5241318   0.85426407]
R**2,0.5157764048693594,0.1173547291486497,[ 0.27471414  0.7297671 ]
RMSE,2.26727281512546,0.18581840372752795,[ 1.90557807  2.63322327]
Tau,0.5250321763869134,0.07901216914748521,[ 0.3598862   0.66714083]
intercept,1.5074839162954665,0.3059373762786861,[ 0.88251634  2.08556491]
slope,0.8675763850128649,0.12253701328078198,[ 0.62366986  1.10678476]
