,mean,sem
MSE,-1.0752486786149693,0.1926280658289713
R,0.8335803626794784,0.05496201138357021
R**2,0.6978770437401784,0.08933533466718771
RMSE,1.647978580058805,0.17880637642005745
intercept,-1.1676133567371345,0.20171795359127856
slope,0.8452036188877486,0.08014651040015842
