,mean,sem,ci
MSE,-1.1487369740763103,0.1634068029188189,[-1.46911698 -0.82627892]
MUE,1.5411368914590902,0.12028126632043389,[ 1.31344839  1.78536265]
R,0.7784120224297335,0.0490592306415194,[ 0.66974591  0.86131008]
R**2,0.6083320847742857,0.07509507583239726,[ 0.44855959  0.74185505]
RMSE,1.8957743217463527,0.15433866671640584,[ 1.61134477  2.21814084]
Tau,0.585294538987688,0.05033914055984106,[ 0.47852257  0.67606019]
intercept,-1.2489498303512454,0.1681384369204487,[-1.58041393 -0.92141215]
slope,0.8259395984458807,0.06980930399701196,[ 0.68252975  0.95753877]
