,mean,sem,ci
MSE,-0.2863774414869061,0.15588245597870176,[-0.58453603  0.02582709]
MUE,0.6157595489235079,0.10355834278895122,[0.42609397 0.83008069]
R,0.8090169875125526,0.07583199424087923,[0.63269904 0.92393298]
R**2,0.6602589774344345,0.11798741466665309,[0.40030807 0.85365214]
RMSE,0.7748720594596311,0.12433312010263581,[0.54067061 1.02568555]
Tau,0.6168412987012987,0.08855295608746491,[0.42857143 0.77489177]
intercept,-0.5858990541660469,0.3014403346719787,[-1.15028257  0.02920026]
slope,0.8303522200273954,0.12268868553030723,[0.59959908 1.07991237]
