,mean,sem
MSE,-2.1655247735867373,0.2948629592939871
R,0.8457853224206853,0.062095458437652414
R**2,0.7192086575808451,0.10109938372386777
RMSE,2.5654530250225203,0.19646465490293966
intercept,-1.0828953052996044,0.5678758599395947
slope,1.6220134978012868,0.2359681830679749
