,mean,sem
MSE,0.7487457372835363,0.18586101758800774
R,0.7276107477625933,0.052274762708817035
R**2,0.5321500510759035,0.0747965592581534
RMSE,1.8760069687782919,0.1438170048910346
intercept,0.44545818906474344,0.2040148965495733
slope,0.7703678779670537,0.07277773618547666
