,mean,sem
MSE,-2.484425919004235,0.11757556568317007
R,0.9551985622395278,0.025519934535583936
R**2,0.9130555603631618,0.04731774424431102
RMSE,2.517939503689248,0.11541970406369563
intercept,-2.1236030384288505,0.28390094951877587
slope,1.1554422642048694,0.10681397533203067
