,mean,sem
MSE,0.776377123264742,0.3678474266949658
R,0.9056538862965828,0.0731162531032521
R**2,0.8255549482319625,0.1179827199239834
RMSE,1.394859689531647,0.36616877512815016
intercept,0.3025401250833905,0.4972244374105057
slope,0.8554911286373602,0.12866408226471002
