,mean,sem,ci_low,ci_high
MSE,-0.39967972043363553,0.08507922473161933,-0.5696232445676097,-0.23469513119411775
MUE,0.6717284088988992,0.06173576565724573,0.5568926348727709,0.7991335798886106
R,0.7636476438588807,0.0540008154859535,0.6435211869711933,0.8530687700159977
R**2,0.5860738120443679,0.08082643458457023,0.41411951808081354,0.7277263263766072
RMSE,0.8783547319180718,0.09160140773560718,0.7124981075235929,1.069837948277513
Tau,0.5782227797537619,0.0499909787927381,0.47359781121751027,0.6689466484268126
intercept,-0.8080121125264859,0.19911286088672123,-1.2135437440392554,-0.43455673457150246
slope,0.7878989517590843,0.0816322131536788,0.622154506448286,0.942538212170877
