,mean,sem,ci
MSE,-0.9659579750447429,0.33977326840327976,[-1.66431524 -0.322402  ]
MUE,1.3832030703888487,0.26613201993642943,[ 0.92171713  1.96166663]
R,0.7134081860580961,0.14119883071870282,[ 0.37350867  0.91106323]
R**2,0.5288883497310318,0.18446608143734775,[ 0.13950873  0.8300362 ]
RMSE,1.8185613420130178,0.40585925276318474,[ 1.16763402  2.7130788 ]
Tau,0.5132388744588744,0.11959823825415292,[ 0.25541126  0.72294372]
intercept,-0.7118146767930679,0.31503418905807457,[-1.31293427 -0.07105324]
slope,0.6824205440983422,0.1516551391405465,[ 0.35106967  0.9500661 ]
