,mean,sem,ci
MSE,1.0509413466984558,0.2811911862114071,[ 0.47869985  1.57931591]
MUE,1.2694426966006114,0.20023558266121078,[ 0.88330152  1.66817631]
R,0.8942320145766329,0.17802293371123376,[ 0.25762208  0.98075671]
R**2,0.8313430608209381,0.16057597383955508,[ 0.1480003   0.96188372]
RMSE,1.4481021568240608,0.1921554154963508,[ 1.06889895  1.82070173]
Tau,0.37883025641025636,0.19976254084681455,[-0.07692308  0.71794872]
intercept,1.393324917025864,0.36715523990788146,[ 0.64533979  2.08344693]
slope,1.2019420805800949,0.28968511206721,[ 0.40331079  1.62494063]
