,mean,sem,ci
MSE,-1.3819520564625147,0.20294645293214542,[-1.772254  -0.9793937]
MUE,1.412907978386803,0.19126952084355706,[ 1.03726233  1.78463861]
R,0.6833276656082248,0.14042705657881854,[ 0.33495801  0.87773933]
R**2,0.4866564568049764,0.17143585155666363,[ 0.1122313   0.77042634]
RMSE,1.6320505719286473,0.16597609742184946,[ 1.29274235  1.94251076]
Tau,0.454185029239766,0.1386777025856445,[ 0.15789474  0.69590643]
intercept,-1.4795745594305922,0.6992283509318032,[-2.83246645 -0.04328354]
slope,0.9558464278026848,0.24897411025624958,[ 0.41443204  1.42375663]
