,mean,sem,ci
MSE,-0.794988619631589,0.21755611395993987,[-1.24178429 -0.39048376]
MUE,0.8704667860520867,0.19416347055123448,[0.52309234 1.28146944]
R,0.71284689322749,0.15716690116594012,[0.32669169 0.92642017]
R**2,0.5328521280061889,0.19722335121962448,[0.1072737  0.85825433]
RMSE,1.0933108628547201,0.23519779393413934,[0.65668692 1.56597779]
Tau,0.5012951282051281,0.16960252241074356,[0.12820513 0.79487179]
intercept,-1.6614942106197153,0.5841911100059237,[-2.84431401 -0.56849156]
slope,0.6354347295490207,0.20391114778033348,[0.22150102 1.02127301]
