,mean,sem,ci
MSE,-1.9962717765890012,0.183135301637521,[-2.34756973 -1.63099295]
MUE,2.0154054555481573,0.1748845707487876,[ 1.66885546  2.35373885]
R,0.8917746739690372,0.03543037321972249,[ 0.80904866  0.94682588]
R**2,0.7965173804790716,0.062085270862693547,[ 0.65455974  0.89647925]
RMSE,2.1983785553757147,0.15748919760359117,[ 1.88372021  2.4988899 ]
Tau,0.6957680615384614,0.06799613423439783,[ 0.54461538  0.80923077]
intercept,-1.4016663602862969,0.33856284188316316,[-2.11331412 -0.7786898 ]
slope,1.3299345010282562,0.14188751028840021,[ 1.0420347  1.6029557]
