,mean,sem,ci
MSE,0.7501177127700173,0.18601009963603085,[ 0.38601005  1.11552074]
MUE,1.5163640090616048,0.12004606813596537,[ 1.28762279  1.75781109]
R,0.7276725125205217,0.05206242139541999,[ 0.61400007  0.81768363]
R**2,0.5322177811994834,0.074520619361468,[ 0.37699609  0.66860651]
RMSE,1.876604658079368,0.1435017178571989,[ 1.60441669  2.16633301]
Tau,0.4726332640218879,0.056232199141149325,[ 0.35430917  0.5753762 ]
intercept,0.44686840223023494,0.2037641576637448,[ 0.04456186  0.84274838]
slope,0.7704528741802901,0.07243313995073383,[ 0.62572185  0.91045523]
