,mean,sem,ci
MSE,-2.969339287559689,0.37145743372880513,[-3.65632463 -2.20614892]
MUE,3.0896491605790506,0.3150640069985951,[ 2.46195097  3.69137524]
R,0.8439397563326001,0.07753929109952909,[ 0.65505087  0.95169868]
R**2,0.718246653982946,0.12367559265101534,[ 0.42909165  0.90573037]
RMSE,3.3703076433337786,0.27702902634834237,[ 2.80309724  3.88724216]
Tau,0.6648778947368421,0.10671697115619408,[ 0.42690058  0.83625731]
intercept,-2.6237051339710877,0.43737090221407765,[-3.37993249 -1.66027102]
slope,1.2591438370539436,0.17337444905850866,[ 0.9096898   1.60938243]
