,mean,sem,ci
MSE,-2.484412287527091,0.11811381881341068,[-2.71290565 -2.25001694]
MUE,2.484412287527091,0.11811381881341068,[2.25008028 2.71290813]
R,0.9551800764468004,0.025452231430106508,[0.89219264 0.98677261]
R**2,0.9130167945256876,0.04716616013072706,[0.7960077  0.97372018]
RMSE,2.517929094188844,0.11599954380343454,[2.28705374 2.74256553]
Tau,0.7843525641025638,0.08998379917557209,[0.58974359 0.92307692]
intercept,-2.1241806826846394,0.28381934215100274,[-2.70755614 -1.58407872]
slope,1.1552434473780284,0.10677105857688605,[0.95379056 1.37793563]
