,mean,sem,ci
MSE,-0.2295939381129952,0.13160632061311286,[-0.48728842  0.02880785]
MUE,0.39681826168484974,0.08798680852060775,[0.23709995 0.57986398]
R,0.8901824096755245,0.06494191526804273,[0.7308986  0.97164803]
R**2,0.7966421748544049,0.10741604288852029,[0.53421277 0.9440999 ]
RMSE,0.48193892413504424,0.10017460127100353,[0.29650514 0.68724579]
Tau,0.658948,0.1303705186726478,[0.38181818 0.89090909]
intercept,-0.5808266601996644,0.36912287427297574,[-1.29225123  0.17818321]
slope,0.8558012668433816,0.13786291436840828,[0.59345942 1.14161467]
