,mean,sem
MSE,-0.628123291268107,0.1921719364159008
R,0.711272857975478,0.11222542153280017
R**2,0.518503623730819,0.1508669599513843
RMSE,1.1457793365418816,0.19987686383967332
intercept,-1.0546703126417984,0.42704094540949483
slope,0.7691318809329784,0.17456704584075167
