,mean,sem
MSE,-0.28600707292418864,0.1560258560591923
R,0.8088040517084183,0.07532933784638651
R**2,0.6598385032003289,0.11742572142803813
RMSE,0.7756645191575712,0.12462285342430304
intercept,-0.5874592695986248,0.30312911572129153
slope,0.8294938137337133,0.12338566819026152
