,mean,sem
MSE,-1.1477975988240476,0.16224659043288966
R,0.7781246336947893,0.049227052470087504
R**2,0.6079012482575428,0.07530278716417961
RMSE,1.8955083363567213,0.15365256277929884
intercept,-1.24861900525055,0.16651495563364524
slope,0.8254952970949093,0.0695365408337941
