,mean,sem,ci
MSE,1.5290098035295416,0.29034480759588577,[0.93731515 2.073175  ]
MUE,1.8291065339389856,0.21471043772667003,[1.41537182 2.25537284]
R,0.7953511562371152,0.11747703343643073,[0.50318646 0.9362104 ]
R**2,0.6463843151127404,0.16200266713059255,[0.25319661 0.87648992]
RMSE,2.123866872571039,0.21175519759319522,[1.70637575 2.54059708]
Tau,0.4529814153846154,0.13091162334491702,[0.17538462 0.68      ]
intercept,1.6376252987894593,0.3628320369209044,[0.87871005 2.29641317]
slope,1.1028241176881404,0.17590067078758914,[0.7331813 1.4088257]
