,mean,sem,ci
MSE,-0.3995109953348908,0.08487029981191531,[-0.5687822  -0.23555996]
MUE,0.6713830348799078,0.06166181508383684,[0.55642166 0.79764293]
R,0.7638897075949969,0.0536862915088635,[0.64446334 0.85321736]
R**2,0.5864097032655445,0.08041531977972909,[0.415333   0.72797987]
RMSE,0.8777715839726519,0.09153348296083096,[0.71210394 1.06754945]
Tau,0.5783458112175102,0.04965244504779987,[0.4746922  0.66894665]
intercept,-0.8072116221864517,0.19802228207500921,[-1.21125371 -0.43461009]
slope,0.7881728951557536,0.0811110171924572,[0.6233799  0.94239663]
