,mean,sem,ci
MSE,1.4603329955852655,0.20344478766698446,[ 1.05049895  1.84685903]
MUE,1.7311572031757876,0.1459372112048381,[ 1.44869721  2.01794206]
R,0.8293824871093636,0.04843703337931946,[ 0.72079712  0.90907449]
R**2,0.6902214561263029,0.07892516424304673,[ 0.51954849  0.82641642]
RMSE,1.9741290219596084,0.14268140306733743,[ 1.69566086  2.25368441]
Tau,0.626001483942414,0.055685804575582566,[ 0.50830565  0.72757475]
intercept,1.1574020964903649,0.24380044758326264,[ 0.65579583  1.61086064]
slope,0.8420496206022748,0.08385327111584136,[ 0.68581955  1.01553112]
