,mean,sem,ci
MSE,0.728402967659477,0.3524029910063988,[0.0280913  1.40983443]
MUE,1.553476492656027,0.2265423633029348,[1.12489964 2.01272077]
R,0.6240286543593839,0.14341750814522225,[0.27923534 0.82779035]
R**2,0.40998034310416837,0.15464968521468375,[0.0800261  0.68523687]
RMSE,1.922201386903311,0.24864722917607232,[1.43816778 2.4134389 ]
Tau,0.25251267692307694,0.14738672109546352,[-0.05846154  0.51384615]
intercept,0.5541989366529932,0.39783741717318505,[-0.23208429  1.33326438]
slope,0.7847126718408275,0.18045505047638705,[0.41752262 1.09036672]
