,mean,sem
MSE,-3.3874092045074913,0.22810284683453605
R,0.6902007696261475,0.06227263861309308
R**2,0.48025498391236326,0.08462622798980328
RMSE,3.9880278827075992,0.18828193585700478
intercept,-3.4272060072228108,0.24495426363004355
slope,0.9110580040291045,0.10586921399290208
