,mean,sem
MSE,-1.1122370233296808,0.25310851081556496
R,0.6757927709158514,0.09822088184683449
R**2,0.4663432108528942,0.12670316725631503
RMSE,1.9073752765434058,0.20273078584289456
intercept,-1.4417126150620647,0.2752912279208624
slope,0.7026332188566321,0.12161925755562104
