,mean,sem,ci
MSE,0.7735275160287707,0.3656260351822125,[0.07487834 1.5153674 ]
MUE,1.1111176097618671,0.2760912121761808,[0.63504613 1.71125513]
R,0.905524374281252,0.07310915458465082,[0.72267881 0.98255571]
R**2,0.825319340901535,0.11822478457494304,[0.52226466 0.96541572]
RMSE,1.3933039952719781,0.3653217018927897,[0.78579987 2.20422934]
Tau,0.6901327272727273,0.13672932386034017,[0.38181818 0.89090909]
intercept,0.2995328911214005,0.49586918874887004,[-0.82224195  1.07453668]
slope,0.8553452663954699,0.12821678992582003,[0.59503647 1.09910964]
