,mean,sem,ci
MSE,-3.535413774440951,0.308135364248084,[-4.11344685 -2.90706696]
MUE,3.5360782943065034,0.3075354929874743,[2.91012513 4.1134485 ]
R,0.9601714202899132,0.025214717927085347,[0.89639582 0.99042746]
R**2,0.9225649383416912,0.04716357164504768,[0.80352546 0.98094655]
RMSE,3.695136351833503,0.2755135613380138,[3.12688116 4.20721769]
Tau,0.7572228205128202,0.08927900164124003,[0.56410256 0.8974359 ]
intercept,-3.2122605634688983,0.30803880087790203,[-3.76764293 -2.55717521]
slope,1.3458510044847602,0.12680599784862992,[1.126956   1.62834149]
