,mean,sem
MSE,-1.356106346058194,0.2657660069110551
R,0.8411259131436277,0.05851954839669589
R**2,0.7109173393062548,0.09503622649150038
RMSE,1.8989867615055904,0.22487925054753677
intercept,-1.3785864753524033,0.29842743468074684
slope,0.9636709808844977,0.11391112381226887
