,mean,sem
MSE,-0.2850790912187787,0.15606341022024237
R,0.8094772497949512,0.07516256901122607
R**2,0.6609028297159649,0.11727156672452099
RMSE,0.7740339946470918,0.12419914594252736
intercept,-0.5848011633102341,0.302318702230789
slope,0.8305075919352644,0.12297607169786325
