,mean,sem,ci
MSE,1.527344442131874,0.29138209007768534,[ 0.93452157  2.07678923]
MUE,1.828953014275885,0.21516624142483232,[ 1.41197928  2.25790497]
R,0.7949534518801497,0.117350965966988,[ 0.49910365  0.93590841]
R**2,0.6457222398695505,0.1622879887299187,[ 0.24910446  0.87592456]
RMSE,2.1237379371035825,0.21221738474607896,[ 1.7051058   2.54003891]
Tau,0.4533376615384616,0.130988233958524,[ 0.16923077  0.68      ]
intercept,1.6347482348315823,0.36476061119602243,[ 0.87337624  2.30140419]
slope,1.101383528297447,0.1762041567210436,[ 0.72933709  1.40763271]
