,mean,sem,ci
MSE,-1.1100680151267663,0.25345488664627497,[-1.60332475 -0.61061638]
MUE,1.60159969167278,0.17086802609420446,[1.28019714 1.94803375]
R,0.6756646745372663,0.09758187496186078,[0.45431085 0.83517962]
R**2,0.4660449747386223,0.12608174876209702,[0.20639835 0.69752499]
RMSE,1.9070957147578997,0.20213027548627444,[1.52856263 2.31641306]
Tau,0.4661518634423898,0.09929775372624293,[0.25177809 0.64153627]
intercept,-1.4390274381961516,0.2750292267826,[-1.96681559 -0.88378448]
slope,0.7029793503514739,0.12084774737982716,[0.45132988 0.92842118]
