,mean,sem,ci
MSE,-1.037723520984424,0.3431749362247968,[-1.71014698 -0.36314234]
MUE,1.4877105603367404,0.2408488437019139,[ 1.04334494  1.98532635]
R,0.6894809917830059,0.14185811607886656,[ 0.34354481  0.89346627]
R**2,0.49550776312752287,0.17589721924300028,[ 0.1181306   0.79828197]
RMSE,1.7995549509748214,0.28841156951153024,[ 1.26898532  2.38943547]
Tau,0.4788691228070175,0.14980613818822672,[ 0.14619883  0.73099415]
intercept,-1.3696455018834357,0.39034799121401054,[-2.10467802 -0.56619762]
slope,0.6881043499195012,0.17101604765869122,[ 0.31805653  1.00180353]
