,mean,sem
MSE,-3.5223517006951957,0.30613331755746925
R,0.8939283945831892,0.056166058223211836
R**2,0.8022626007384112,0.09661214445415849
RMSE,3.846929484846741,0.2235426944293255
intercept,-3.2175240692625877,0.32404788932637163
slope,1.3089031959112318,0.1200636771988887
