,mean,sem,ci
MSE,-0.6284685208499057,0.19106461139129746,[-1.01405685 -0.26712534]
MUE,0.8894569204517132,0.1465754416420563,[0.62491689 1.19794548]
R,0.7118711489159341,0.11197886986303095,[0.45165035 0.88444381]
R**2,0.5192997999546936,0.1506642482967346,[0.20398804 0.78224084]
RMSE,1.1453725417832847,0.19923710255294722,[0.78348761 1.5547918 ]
Tau,0.5109148307692308,0.10672405520970105,[0.28615385 0.69846154]
intercept,-1.0536268416171726,0.42616664512938224,[-1.93972383 -0.27942129]
slope,0.7700259083897699,0.17459066796803388,[0.41288762 1.09609533]
