,mean,sem,ci
MSE,-0.9656233491968794,0.3402621008492714,[-1.66398738 -0.32364508]
MUE,1.3832492753064973,0.2657784106336812,[0.92208582 1.958998  ]
R,0.71301595187746,0.14137352780148593,[0.37572394 0.91076087]
R**2,0.528378221994758,0.18425691002804478,[0.14116848 0.82948536]
RMSE,1.8190128167961583,0.4052825538486577,[1.16739808 2.71138919]
Tau,0.513017316017316,0.11889228362435499,[0.25541126 0.72294372]
intercept,-0.7113004756428007,0.3130134731322079,[-1.31077672 -0.07247972]
slope,0.6821575534614926,0.15161284832607078,[0.35182004 0.94986557]
