,mean,sem,ci
MSE,-3.018341100587151,0.30169719596299877,[-3.59819795 -2.41326641]
MUE,3.1780054804371334,0.2550855463117443,[2.67700614 3.67908621]
R,0.8006831037186151,0.06316845760308656,[0.65553755 0.90167027]
R**2,0.6450836866164277,0.09829344548093434,[0.42972947 0.81300928]
RMSE,3.5382035575600295,0.23942836293372996,[3.06200228 4.00176691]
Tau,0.613136785206259,0.07797475080361946,[0.44238976 0.74679943]
intercept,-2.697157125318507,0.3312878832333387,[-3.31055208 -1.99964482]
slope,1.2594486318109324,0.13402359311456127,[0.98995617 1.52250425]
