,mean,sem,ci
MSE,-0.228809179466162,0.13066551262572904,[-0.48441778  0.02775345]
MUE,0.3964423913393999,0.08758462335467922,[ 0.23741504  0.57989499]
R,0.8901607474997543,0.06478616320144663,[ 0.73281163  0.97162276]
R**2,0.7965834033316854,0.10725674452903927,[ 0.53701289  0.94405078]
RMSE,0.48163265265651656,0.09994288847366414,[ 0.29705631  0.68795332]
Tau,0.658842909090909,0.1299964830425732,[ 0.38181818  0.89090909]
intercept,-0.5791059155012336,0.36986260181487624,[-1.29538974  0.17960039]
slope,0.8563082932995747,0.13797825221551271,[ 0.59534773  1.13816503]
