,mean,sem,ci
MSE,0.679839520705279,0.3477032524756948,[0.00650855 1.36697381]
MUE,1.385606955894564,0.2345592909915294,[0.96047791 1.87896387]
R,0.8347042594276427,0.0689571960337204,[0.66801701 0.93437138]
R**2,0.7014862955914827,0.11028502593839802,[0.44624672 0.87304987]
RMSE,1.743095141082218,0.30952547655729046,[1.2078692  2.41885821]
Tau,0.5436931601731602,0.08999819557061634,[0.35064935 0.70562771]
intercept,0.16462770561722934,0.3974053518545792,[-0.67026358  0.89348343]
slope,0.7995111569716001,0.10447250114994716,[0.59066949 1.00407582]
