,mean,sem,ci
MSE,-0.6284451389563872,0.19097133329721974,[-1.01420009 -0.26580872]
MUE,0.8893621090084973,0.14646840420001417,[ 0.62476587  1.19726372]
R,0.7120814439179104,0.11149171593448633,[ 0.45519087  0.88437219]
R**2,0.5194903854942324,0.15026580257097072,[ 0.20719873  0.78211417]
RMSE,1.1452558420951013,0.19922454570207085,[ 0.78316878  1.55286124]
Tau,0.5107472615384615,0.10680497867616295,[ 0.28615385  0.69846154]
intercept,-1.054275070050653,0.42444036437828764,[-1.93141206 -0.28277056]
slope,0.7696948153511941,0.1738971986556994,[ 0.41495638  1.09567577]
