,mean,sem
MSE,1.7280653898401264,0.4865189966432847
R,0.8220136312296952,0.1466807956588249
R**2,0.6972216657425353,0.20809074102449737
RMSE,2.345266128043394,0.29372923478848806
intercept,0.6912156288964266,0.7331406317377701
slope,0.6638247911080603,0.13697211468604786
