,mean,sem,ci
MSE,-4.304093251275886,0.6384200339777861,[-5.42679506 -2.94233425]
MUE,4.4969065103201205,0.5032072309703871,[3.47620449 5.4423604 ]
R,0.5240311298641606,0.2863658552002662,[-0.06443755  0.94356072]
R**2,0.3566140280912884,0.28665734036283513,[0.00265923 0.89030682]
RMSE,4.775463709304322,0.44735031318423296,[3.85956135 5.61545877]
Tau,0.4973665454545455,0.19905065709690772,[0.05454545 0.81818182]
intercept,-3.9604483044132364,0.6474960439961508,[-4.9260018  -2.48303725]
slope,0.42432289751047647,0.2104519873416427,[-0.08662175  0.73044017]
