,mean,sem
MSE,-1.0752672549673117,0.19293119960708274
R,0.8333776511972701,0.05492495349951112
R**2,0.697535060032002,0.089214954850676
RMSE,1.6485694989611397,0.17881170531792054
intercept,-1.1677283507535552,0.2025991734751637
slope,0.8451182691072471,0.08033873804260785
