,mean,sem,ci
MSE,-2.020789942401284,0.143791161153193,[-2.29697732 -1.73298905]
MUE,2.0345606852711735,0.13924701054700628,[ 1.7572066   2.30342479]
R,0.7301750563769879,0.06660792672915357,[ 0.58279024  0.84369645]
R**2,0.5375922288582935,0.09505455002177311,[ 0.33964447  0.71182369]
RMSE,2.2283550495896183,0.1197217954110874,[ 1.98986332  2.46034915]
Tau,0.534369368770764,0.07065889990559224,[ 0.38648948  0.66334441]
intercept,-1.9528633498962824,0.307804733348018,[-2.51980087 -1.30522156]
slope,1.0255097120480192,0.11802915568771755,[ 0.79342694  1.26230777]
