,mean,sem,ci
MSE,-3.855809286531776,0.6068016574752237,[-5.01352147 -2.64078667]
MUE,4.292568783215096,0.4553278749592278,[3.41226115 5.19890886]
R,0.11995699796586569,0.22689297929912824,[-0.33395853  0.55974435]
R**2,0.06587010541621732,0.0904958534877814,[6.47696023e-05 3.19195708e-01]
RMSE,4.773751771576406,0.4506250040275409,[3.89865804 5.66600309]
Tau,0.2110921212121212,0.17719386102269663,[-0.14285714  0.54978355]
intercept,-3.1563066275932172,0.5523172712086244,[-4.14940439 -1.99335876]
slope,0.09935777571842451,0.2181250645027795,[-0.38937709  0.46291944]
