,mean,sem,ci
MSE,0.6513359631488169,0.386352894557437,[-0.1139154  1.4022009]
MUE,1.4866173628209896,0.23196702264519625,[ 1.06050199  1.96638757]
R,0.5878111297837221,0.14600124052558516,[ 0.25767462  0.82379993]
R**2,0.36683828653262557,0.16056463957402167,[ 0.06640519  0.67864633]
RMSE,1.7764913831501439,0.2701068080357424,[ 1.27998423  2.33148651]
Tau,0.4077729824561403,0.12174653458565245,[ 0.15789474  0.62573099]
intercept,-0.003694674953125382,0.44071956878847984,[-0.90769405  0.82541114]
slope,0.575081234164067,0.17595128707832106,[ 0.23283908  0.93018364]
