,mean,sem
MSE,1.461402104265325,0.20293380438891404
R,0.8297558692897021,0.0481400306164307
R**2,0.69081226516846,0.07850786927597132
RMSE,1.9742402427498138,0.14298930714578223
intercept,1.1585373552115206,0.24288915223590254
slope,0.8422251878107463,0.08339539958018259
