,mean,sem
MSE,-1.0040313671419143,0.3619150937271296
R,0.8278792785125579,0.13380043261207933
R**2,0.703286655557653,0.19003039171101926
RMSE,1.5173117488443075,0.37539154200584457
intercept,-0.8565418849010201,0.37539253344087636
slope,0.8049222790010168,0.17160743862351777
