,mean,sem,ci
MSE,1.6932127206168706,0.45155567788985285,[ 0.79059882  2.56155948]
MUE,2.3109788245281733,0.30368101584794244,[ 1.73100071  2.91878204]
R,0.6873101161062518,0.11069742143121825,[ 0.4430607   0.87139933]
R**2,0.48464911481351003,0.14544434494297923,[ 0.19630279  0.7593368 ]
RMSE,2.6968936827540473,0.3109497528815911,[ 2.09045279  3.31051974]
Tau,0.3932853679653679,0.1127921604259953,[ 0.15151515  0.6017316 ]
intercept,0.45120234877451204,0.533715744746221,[-0.64193716  1.46713986]
slope,0.5103771985586134,0.1058811699576709,[ 0.29632754  0.71513599]
