,mean,sem
MSE,-0.6273136668056404,0.19229612807688096
R,0.7123025971622781,0.11135819996503409
R**2,0.5197756386235793,0.15015549118292573
RMSE,1.144239886474005,0.19968038030733198
intercept,-1.0533915850568139,0.4249459828419683
slope,0.7696124106359745,0.1734822513806511
