,mean,sem
MSE,-1.9975414597512697,0.18251123535611766
R,0.8915579190160781,0.035504884470264765
R**2,0.7961361197815265,0.0621904251893415
RMSE,2.1993036377902078,0.156999327629123
intercept,-1.4044409000811149,0.3391776735661029
slope,1.3285974638675724,0.14241403548202725
