,mean,sem,ci
MSE,-1.190996793327831,0.24228050444382718,[-1.64627202 -0.6979278 ]
MUE,1.308111014908356,0.18961493214098113,[ 0.94318481  1.68660538]
R,0.928637530751428,0.041154950316938825,[ 0.82719453  0.98272746]
R**2,0.8640613934556989,0.07410580879429798,[ 0.68425079  0.96575327]
RMSE,1.461695618866687,0.1906892162961117,[ 1.09796862  1.84694115]
Tau,0.7379643589743587,0.09519859869706906,[ 0.51282051  0.8974359 ]
intercept,-1.1538633699484286,0.32122861952059456,[-1.722759   -0.45724487]
slope,1.0042685254945845,0.13258905924256412,[ 0.7773553   1.30626612]
