,mean,sem
MSE,-0.30887745502719594,0.10118955654684195
R,0.7986202999313832,0.06143233924713687
R**2,0.641568315767868,0.0950217113861178
RMSE,0.6896029694773078,0.07924335412805918
intercept,-0.757759816040898,0.24188080697720535
slope,0.7845589430954325,0.10213879297400583
