,mean,sem,ci
MSE,-1.1478559211622505,0.16300772371443847,[-1.46827092 -0.82906417]
MUE,1.5408149158455662,0.12041653368466577,[1.31253946 1.78448385]
R,0.7782447724300001,0.04919183065586533,[0.66962801 0.86124712]
R**2,0.6080847620178983,0.07532293633322727,[0.44840167 0.7417466 ]
RMSE,1.8958867016098995,0.1546751529727109,[1.6111663  2.21766783]
Tau,0.5851309931600547,0.05057951623655207,[0.47852257 0.67660739]
intercept,-1.2482776612742703,0.16748878658698238,[-1.57758158 -0.92271321]
slope,0.8256669395086772,0.0699843541291551,[0.68302512 0.95870749]
