,mean,sem,ci
MSE,-1.001164688567353,0.36012930748394933,[-1.73371678 -0.31276331]
MUE,1.2456677272761931,0.28208586084304366,[ 0.76052856  1.86077726]
R,0.8286025160934871,0.13253111306522297,[ 0.47895953  0.97367286]
R**2,0.7041466256067646,0.1888094216507977,[ 0.22940223  0.94803884]
RMSE,1.5127654433837303,0.373993828092289,[ 0.91042319  2.33876948]
Tau,0.6377389090909092,0.15606987054743854,[ 0.27272727  0.89090909]
intercept,-0.853492128782394,0.3736832956588446,[-1.53230621 -0.06482468]
slope,0.8061970995159562,0.17101203360946998,[ 0.42574629  1.10836964]
