,mean,sem,ci
MSE,0.7729332447434832,0.36495221507655773,[ 0.07372612  1.50966995]
MUE,1.1107098095412098,0.2753708736518413,[ 0.63831271  1.7085518 ]
R,0.9055571324534173,0.07315351173926055,[ 0.72225202  0.98241423]
R**2,0.8253851564170416,0.11835686390633662,[ 0.52164797  0.96513772]
RMSE,1.3923524515889418,0.3639475719946993,[ 0.78899881  2.19588979]
Tau,0.6906312727272728,0.13689960913876673,[ 0.38181818  0.89090909]
intercept,0.2972548220082564,0.49809745584778925,[-0.84845464  1.06946818]
slope,0.8552688682161977,0.1288003510034321,[ 0.59218132  1.10035897]
