,mean,sem,ci
MSE,-3.5235693309117786,0.30530465105934496,[-4.08218998 -2.88999998]
MUE,3.6129347113698467,0.26221944916085854,[3.08447742 4.10923148]
R,0.8941032946174868,0.05582939233644316,[0.75639695 0.96881887]
R**2,0.8025376224945007,0.09611210628955345,[0.57213634 0.93861   ]
RMSE,3.8474432178189057,0.22295780091418907,[3.39602284 4.26865766]
Tau,0.7363275692307693,0.06772877634902562,[0.58769231 0.85230769]
intercept,-3.2196925745131164,0.32296718194969387,[-3.78888165 -2.5227119 ]
slope,1.3083091512852574,0.11987092736066993,[1.09151248 1.57230428]
