,mean,sem
MSE,-0.3873079221882396,0.12917767023689147
R,0.7732184812159791,0.11481307146661404
R**2,0.6110488610735435,0.16130153043860065
RMSE,0.6742784916977761,0.11767386198238938
intercept,-1.3078519846418506,0.3645383765901248
slope,0.6597435518281002,0.12625177183158828
