,mean,sem,ci
MSE,-1.0045537908800992,0.3612421410407557,[-1.73701481 -0.3146217 ]
MUE,1.2469243110065982,0.2835219121029426,[0.7592494  1.86591609]
R,0.8295627949292783,0.13254713923080857,[0.47942102 0.97425091]
R**2,0.7057431748491472,0.18889398240493518,[0.23005504 0.94916484]
RMSE,1.513288792113173,0.3748534686791066,[0.91080235 2.34632505]
Tau,0.6384199999999999,0.1566122847423899,[0.27272727 0.89090909]
intercept,-0.8578362216085051,0.3726013186517698,[-1.53691977 -0.07222656]
slope,0.8068473321825896,0.17066205587896408,[0.42677797 1.10971205]
