,mean,sem
MSE,-1.1881866733427764,0.24169157346379813
R,0.9282937869283628,0.041107065279684295
R**2,0.8634191456657087,0.07406656844823996
RMSE,1.46063564793682,0.18966053070817024
intercept,-1.1507739113682898,0.32146458093914726
slope,1.004359814124623,0.13308319803718222
