,mean,sem
MSE,-1.3889382473234122,0.15517024495348336
R,0.72044110770335,0.07962166367601319
R**2,0.525374998995366,0.11035806786407726
RMSE,1.6809753631460902,0.13183307332493935
intercept,-1.3524335154181704,0.33750804208107466
slope,1.0160515920093578,0.1501446312585625
