{"smirnoff_experimental": {"mean": {"slope": 0.48673049514990957, "intercept": -1.5482778965122783, "R": 0.5720573226020024, "R**2": 0.3382051150928963, "RMSE": 0.9077992741464489, "MSE": -0.009726959191384233, "MUE": 0.7051482953852032, "Tau": 0.4051811917737673}, "sem": {"slope": 0.1165570318433192, "intercept": 0.37832085448234154, "R": 0.10466869040130757, "R**2": 0.11510992389696638, "RMSE": 0.1073856904180219, "MSE": 0.13980587497364794, "MUE": 0.08888251269379634, "Tau": 0.08629046466877174}, "ci_low": {"slope": 0.2584084256590092, "intercept": -2.289886414286128, "R": 0.34136570952218515, "R**2": 0.11653054763758489, "RMSE": 0.7063858668225548, "MSE": -0.2836238679886495, "MUE": 0.5380529044177738, "Tau": 0.22702104097452933}, "ci_high": {"slope": 0.7157469178352248, "intercept": -0.8030211288330862, "R": 0.750604033927977, "R**2": 0.5634064157489517, "RMSE": 1.1294372215030688, "MSE": 0.26531572756722627, "MUE": 0.8861727997984573, "Tau": 0.5650970396324587}}, "bgbg_experimental": {"mean": {"slope": 0.688337226553985, "intercept": -0.4729701724982739, "R": 0.7291896165321694, "R**2": 0.5364141051303761, "RMSE": 0.8811604596502519, "MSE": 0.4609099367126749, "MUE": 0.7345347867423982, "Tau": 0.5249863854184371}, "sem": {"slope": 0.11015646502672628, "intercept": 0.3500814306394745, "R": 0.06853180482114704, "R**2": 0.09715985636691812, "RMSE": 0.0926235404264445, "MSE": 0.11566902372489918, "MUE": 0.07551168142550509, "Tau": 0.06830571904639575}, "ci_low": {"slope": 0.47179431107783587, "intercept": -1.1582487166759068, "R": 0.5759444201639333, "R**2": 0.33171197511796935, "RMSE": 0.7148828022201039, "MSE": 0.23410924281709056, "MUE": 0.5924011021539893, "Tau": 0.38243758105259545}, "ci_high": {"slope": 0.9059017947781854, "intercept": 0.21775253830599572, "R": 0.8434056111725107, "R**2": 0.7113330249572762, "RMSE": 1.080183897406603, "MSE": 0.6892542943885629, "MUE": 0.8887570440996102, "Tau": 0.6500286313747949}}, "bg2bg2_experimental": {"mean": {"slope": 1.1861840988464758, "intercept": -1.002147352078786, "R": 0.9028775716313432, "R**2": 0.8173700253710842, "RMSE": 1.67915066817571, "MSE": -1.56020836704238, "MUE": 1.57928384956158, "Tau": 0.7286863866679777}, "sem": {"slope": 0.09435992730881, "intercept": 0.27606108466350104, "R": 0.046713124667193434, "R**2": 0.08078432200094574, "RMSE": 0.08521550450089549, "MSE": 0.09561513015379113, "MUE": 0.08795391567957034, "Tau": 0.05169527581041414}, "ci_low": {"slope": 0.9596618069747065, "intercept": -1.6235855383100892, "R": 0.7788771286390104, "R**2": 0.6066495815169495, "RMSE": 1.511693698925092, "MSE": -1.741469540162704, "MUE": 1.4069125964608824, "Tau": 0.6159837595285502}, "ci_high": {"slope": 1.3390170188832284, "intercept": -0.5176639758851938, "R": 0.9589175642946064, "R**2": 0.9195228951127006, "RMSE": 1.845075244901474, "MSE": -1.3675786336732125, "MUE": 1.750730067625314, "Tau": 0.8173268588230862}}}