{"smirnoff_experimental": {"mean": {"slope": 0.4862132316183832, "intercept": -1.5499587791813416, "R": 0.5718664542879422, "R**2": 0.3379555684337263, "RMSE": 0.9079698694928985, "MSE": -0.010749596190796781, "MUE": 0.7055137096346759, "Tau": 0.4050065082285673}, "sem": {"slope": 0.11643914633441563, "intercept": 0.37839132432540157, "R": 0.10451950484891817, "R**2": 0.1149554124478738, "RMSE": 0.10701405912181097, "MSE": 0.139095545204651, "MUE": 0.08881372680857444, "Tau": 0.086223805706021}, "ci_low": {"slope": 0.2590347487154863, "intercept": -2.291705131706823, "R": 0.34177223967353615, "R**2": 0.11680826381146504, "RMSE": 0.7075264934453963, "MSE": -0.28545071488879326, "MUE": 0.5394240305309338, "Tau": 0.2285083584696378}, "ci_high": {"slope": 0.7172523315155777, "intercept": -0.8012846696451199, "R": 0.7496937327878372, "R**2": 0.5620406929813611, "RMSE": 1.1284116721238444, "MSE": 0.26125843990798353, "MUE": 0.8867236421352501, "Tau": 0.5650970396324587}}, "bgbg_experimental": {"mean": {"slope": 0.6883093371941134, "intercept": -0.47284428355412056, "R": 0.7287247365802325, "R**2": 0.5357582333373113, "RMSE": 0.8817867902186612, "MSE": 0.46097429333745255, "MUE": 0.7349822680633974, "Tau": 0.5246622789316788}, "sem": {"slope": 0.11060190459419084, "intercept": 0.35119429638308575, "R": 0.06869127770963253, "R**2": 0.09735874931156252, "RMSE": 0.09240950258545481, "MSE": 0.11497993323270152, "MUE": 0.07531342028511076, "Tau": 0.0687718214415161}, "ci_low": {"slope": 0.4720709340012299, "intercept": -1.1581659063460568, "R": 0.5742995377560245, "R**2": 0.3298199590667834, "RMSE": 0.7144073408102488, "MSE": 0.23503304487590249, "MUE": 0.5934674411801119, "Tau": 0.3811634933991487}, "ci_high": {"slope": 0.9057000269676686, "intercept": 0.2220681885352236, "R": 0.8435148290377502, "R**2": 0.711517266806585, "RMSE": 1.0799554188154246, "MSE": 0.6848410397211286, "MUE": 0.8880570231052138, "Tau": 0.6507764531495993}}, "bg2bg2_experimental": {"mean": {"slope": 1.1862546426172507, "intercept": -1.0020683013576446, "R": 0.9031537617675032, "R**2": 0.8178842136182949, "RMSE": 1.6786792958747823, "MSE": -1.559986820991038, "MUE": 1.579036169149202, "Tau": 0.7290735431762991}, "sem": {"slope": 0.09446612628733304, "intercept": 0.2766063486145178, "R": 0.04687745965283044, "R**2": 0.0810448128975377, "RMSE": 0.08485289536255855, "MSE": 0.0950641691700071, "MUE": 0.08763220131775144, "Tau": 0.05158769926910771}, "ci_low": {"slope": 0.9581664698982699, "intercept": -1.6274595434241403, "R": 0.7774565905810963, "R**2": 0.6044387502379823, "RMSE": 1.5118022101961546, "MSE": -1.7425916946642073, "MUE": 1.4075327994466378, "Tau": 0.6160665765404845}, "ci_high": {"slope": 1.3391216310721181, "intercept": -0.5185029296937858, "R": 0.9587755669836991, "R**2": 0.9192505878449138, "RMSE": 1.8442832191092948, "MSE": -1.369162338267756, "MUE": 1.7504891716436295, "Tau": 0.8173268588230862}}}