,mean,sem
MSE,-0.361264931110412,0.18584998674383155
R,0.5538585892115797,0.17759536474914883
R**2,0.3382994504238246,0.17640323604201383
RMSE,0.873410433486016,0.14794301413737324
intercept,-1.8532286598958643,0.49261245416081956
slope,0.44965869927331215,0.16295701045307234
