,mean,sem
MSE,-0.7752315378978036,0.26525721759231585
R,0.6242634516183899,0.10850915964018204
R**2,0.4014790947523243,0.128705255183951
RMSE,1.896407717348474,0.2113548691832987
intercept,-0.8325129485412265,0.25401309799609284
slope,0.9005923420092649,0.1978637407851185
