,mean,sem
MSE,-1.6408893131848898,0.2299795475990705
R,0.8666903032185603,0.04568300892498171
R**2,0.75323901899752,0.0771363061388641
RMSE,2.214078885245165,0.2250737693186518
intercept,-0.6875737764784141,0.40170246132810183
slope,1.3771799412963834,0.12339357480214741
