,mean,sem
MSE,1.6589209642945737,0.7207172371498668
R,0.03339995232092499,0.29164638841974455
R**2,0.08617317269332059,0.11863933214708919
RMSE,2.8771592994762907,0.43570004360613296
intercept,-0.2830576836944079,1.8761458311676162
slope,0.0772532323253975,0.711840445368456
