,mean,sem,ci
MSE,-1.6434038753480795,0.22852558309367438,[-2.04599789 -1.14585561]
MUE,1.7167115600706058,0.17223864923911333,[1.38094835 2.0602358 ]
R,0.8434112147185288,0.14984395725834737,[0.44042633 0.98848648]
R**2,0.7337956886398256,0.21448956509690756,[0.19440307 0.97710552]
RMSE,1.8009979051168932,0.1736393930322984,[1.47800292 2.15517429]
Tau,0.6565963636363636,0.163714159446597,[0.27272727 0.89090909]
intercept,-1.6266996244431793,0.6485744201944257,[-3.17849815 -0.67178604]
slope,1.0073633376606017,0.19760107969907303,[0.49184575 1.27168865]
