,mean,sem,ci
MSE,0.026024885661938193,0.1573607023605951,[-0.27933706  0.33629384]
MUE,0.5618018828559622,0.09136996701619589,[0.39046485 0.74765792]
R,0.7101847589091362,0.12881201105872547,[0.3926235 0.8921478]
R**2,0.5209549259798211,0.16595122489302638,[0.15415321 0.79592769]
RMSE,0.680921143897399,0.10030483514615236,[0.48699221 0.87972278]
Tau,0.5291942155081033,0.13647587325230556,[0.22807018 0.76246662]
intercept,-0.8361381460588355,0.46130022211884314,[-1.74913454  0.06963935]
slope,0.6787569468230028,0.16165366979221935,[0.33356347 0.96881547]
