,mean,sem
MSE,0.7661518644169343,0.2595007539206648
R,0.6547718471956526,0.0911614598852128
R**2,0.43703658364841025,0.11584978878398441
RMSE,1.8536141146320366,0.2290987112702509
intercept,0.4094095418349822,0.5218891242217902
slope,0.8467148493283667,0.16580851000917946
