,mean,sem
MSE,-1.5151150180453952,0.3276313124665703
R,0.9793705024839974,0.01006535431507785
R**2,0.9592678924932457,0.019521529053488272
RMSE,1.9010720307364093,0.2857606861487628
intercept,0.09188918460731108,0.41393545090965794
slope,1.5447843047219658,0.11270910248882027
