,mean,sem,ci
MSE,-0.0050951854192541534,0.5780860765702153,[-0.97755901  1.26546951]
MUE,1.2562790804452326,0.4374194570181156,[ 0.57215605  2.23838769]
R,0.6120081357296359,0.3314067757392965,[-0.11721707  0.98312798]
R**2,0.48438440920518094,0.34339792777757133,[ 0.00248832  0.96654063]
RMSE,1.795707985048699,0.6815274656821547,[ 0.68474788  3.17650894]
Tau,0.457476,0.2316836693578995,[-0.05454545  0.81818182]
intercept,0.07619708884432408,0.8799699147526219,[-1.80272635  1.14027897]
slope,1.1313092926248511,0.6517841557815639,[-0.23464456  1.95796592]
