,mean,sem
MSE,-1.642130474208179,0.22789840698926475
R,0.8441485081534815,0.14915654045049012
R**2,0.7348343773769066,0.21392616712598303
RMSE,1.7994386174108268,0.17366332169746213
intercept,-1.6211601619837896,0.6591970076020676
slope,1.008720916710482,0.19857453473836106
