,mean,sem,ci
MSE,-0.10099761684740106,0.21370881103663508,[-0.53570173  0.30160433]
MUE,0.5849172020772931,0.1427082322079546,[0.32959824 0.88847001]
R,0.6758505903896613,0.1708518089120233,[0.26378749 0.91862121]
R**2,0.4859643611385645,0.2042172491058549,[0.07095363 0.84386493]
RMSE,0.7602547994841847,0.17537661103754779,[0.43459519 1.11639234]
Tau,0.4372781230890761,0.18071585250089856,[0.0421325  0.74970575]
intercept,-1.0502660226861122,0.8505467598926728,[-2.74422221  0.54304308]
slope,0.6908279020274796,0.24914211211908896,[0.19357708 1.1653437 ]
