,mean,sem,ci
MSE,-1.2176634297875937,0.39119125763365364,[-1.99737127 -0.46207402]
MUE,1.5832978399267492,0.3151639797079961,[ 1.00287069  2.23270248]
R,0.49673551240645664,0.21308242527953294,[-0.00899304  0.82349906]
R**2,0.29215028924871267,0.18491248549150358,[ 0.00465095  0.6781507 ]
RMSE,2.0668540838792,0.36104479383644317,[ 1.34907571  2.76412484]
Tau,0.27074994152046783,0.17134125426478483,[-0.0877193   0.57894737]
intercept,-1.3134691522657382,0.38565324083753016,[-2.08254386 -0.57798139]
slope,0.6298546604377242,0.3113586071484535,[-0.01177926  1.17861873]
