,mean,sem,ci
MSE,0.026527763236853602,0.15800743817921292,[-0.2797238  0.3373843]
MUE,0.5621307463198834,0.09139604126902295,[ 0.39091965  0.74865017]
R,0.7105356218849385,0.12805923402762878,[ 0.39684089  0.89187613]
R**2,0.521260037387159,0.16555855526956156,[ 0.15748269  0.79544303]
RMSE,0.6812688769818157,0.10039166718937587,[ 0.48917152  0.88044712]
Tau,0.5293887554094425,0.13576135080450566,[ 0.22807018  0.75607294]
intercept,-0.8349261573680965,0.4613483842433248,[-1.74857799  0.07416717]
slope,0.6790900139535105,0.1614185592867507,[ 0.3334873   0.96808654]
