,mean,sem,ci
MSE,1.659639155215026,0.7216640765751574,[0.2186068  3.03883451]
MUE,2.439072770333967,0.48032672001917875,[1.50330198 3.38097092]
R,0.032113887181148756,0.29076454969318716,[-0.54367672  0.60194013]
R**2,0.08557532510816548,0.11787299206670057,[8.75416233e-05 4.34331238e-01]
RMSE,2.8799106592119483,0.4342055493535087,[1.97784256 3.6848763 ]
Tau,0.09339963636363637,0.23226573302374556,[-0.34545455  0.56363636]
intercept,-0.28464897519588583,1.8750748004167312,[-4.07400181  3.89987885]
slope,0.07542217988103248,0.7110933741874522,[-1.27549507  1.66778704]
