,mean,sem
MSE,-1.6396899399637421,0.4200428886591696
R,0.6551502992296891,0.3406148368816287
R**2,0.5452403816846497,0.3221642915295204
RMSE,2.0827391044585917,0.5360440274456755
intercept,-1.5005975860625649,1.5929067828147243
slope,1.0782564469330116,0.5662004042830805
