,mean,sem,ci
MSE,-1.6400496018645523,0.2292912218021248,[-2.09699797 -1.19766039]
MUE,1.7768589650133197,0.2044420962346284,[ 1.38636245  2.19049647]
R,0.8667580858099267,0.04573299678405102,[ 0.75823107  0.93454972]
R**2,0.7533610863117381,0.07716559818998421,[ 0.57491436  0.87338318]
RMSE,2.213009398896425,0.22493341250347543,[ 1.77268074  2.6550666 ]
Tau,0.6745687929125137,0.07059125885469222,[ 0.51495017  0.79180509]
intercept,-0.6887597679102542,0.3991870304637249,[-1.4296714   0.14852011]
slope,1.3765196396047066,0.12253502703955137,[ 1.14888836  1.6321067 ]
