,mean,sem
MSE,0.6938805474896638,0.09653314992548939
R,0.9502678522838509,0.03106711800358232
R**2,0.9039741569052115,0.05675668469797315
RMSE,0.7705947295117821,0.09367085644182964
intercept,0.9571901577004251,0.31266921654704305
slope,1.0844480980695432,0.0980837943305531
