,mean,sem,ci
MSE,0.20223813645454555,0.3244365046449906,[-0.43908098  0.83553769]
MUE,1.1138729987153904,0.20592526341203793,[0.74028404 1.54483342]
R,0.7183023308643005,0.11405143619295227,[0.44984743 0.89081802]
R**2,0.5289659686227621,0.15272819437562796,[0.20236271 0.79355675]
RMSE,1.408527908098643,0.2543488043463779,[0.93715651 1.92785782]
Tau,0.592591812865497,0.13108670729789562,[0.29824561 0.80116959]
intercept,-0.14273124262330242,0.8290897167862822,[-1.29492446  2.08867432]
slope,0.8264097368136653,0.2688522251147287,[0.40243659 1.52553695]
