,mean,sem
MSE,-1.218884984469018,0.3939012375732952
R,0.49643201672474024,0.21284158881748158
R**2,0.2917462891597427,0.18480212463463086
RMSE,2.0665995070988843,0.3621333734678244
intercept,-1.3147172038981694,0.38874173183470623
slope,0.6282487580656326,0.3109985392170784
