,mean,sem,ci
MSE,-0.010788870877116153,0.13906925543968182,[-0.28540359  0.26117399]
MUE,0.7055542405761868,0.08880306240229009,[ 0.53968159  0.88683092]
R,0.5718128598685498,0.10445308741102784,[ 0.3418269   0.74950882]
R**2,0.33788039418074567,0.1148745534084864,[ 0.11684563  0.56176347]
RMSE,0.9080276838036779,0.10701770512353795,[ 0.70765037  1.12842226]
Tau,0.4049613600128009,0.08614736329618326,[ 0.22876268  0.56506728]
intercept,-1.5500669558352012,0.3783362985267286,[-2.29164075 -0.8017525 ]
slope,0.48618466296011176,0.1164088100040196,[ 0.25917931  0.7171691 ]
