,mean,sem,ci
MSE,0.3722578116009816,0.3249758361865202,[-0.26771945  1.00446595]
MUE,1.2516149256397568,0.17478790719024836,[ 0.91509734  1.5964574 ]
R,0.6937494072610398,0.1376813998451833,[ 0.35755825  0.87490244]
R**2,0.5002444079383735,0.15904595056980533,[ 0.13011729  0.76545428]
RMSE,1.4567419834587607,0.16620545467272513,[ 1.12455557  1.7754419 ]
Tau,0.3737176608187133,0.17540552429811623,[-0.00584795  0.67251462]
intercept,0.3686026717010992,0.3608506290629428,[-0.33171783  1.07806054]
slope,0.935705779497994,0.20730977788055716,[ 0.58387995  1.30913163]
