,mean,sem,ci
MSE,-1.514332539368207,0.32846586732622984,[-2.157542   -0.87465457]
MUE,1.5531010241273762,0.3140572890462332,[0.94798588 2.17358206]
R,0.9794152082348576,0.009944402194538642,[0.95578827 0.99332756]
R**2,0.9593530412567361,0.01932641320716164,[0.91353122 0.98669963]
RMSE,1.9000352671586471,0.2862321819970379,[1.30500868 2.42855382]
Tau,0.8105733333333333,0.08383139221738199,[0.61538462 0.94871795]
intercept,0.09266926960862094,0.4106901519647479,[-0.44435295  1.17194878]
slope,1.544607936250243,0.11195407505035422,[1.3805078  1.82650906]
