,mean,sem
MSE,-0.9333871721144346,0.32653877032295964
R,0.7819761860310913,0.19878169852279737
R**2,0.6510009191873403,0.18905009039590162
RMSE,1.4693192736913223,0.313202592388098
intercept,-0.8843625724317861,0.5281321392231275
slope,0.9884254659978462,0.557623658526025
