,mean,sem,ci
MSE,0.7044834677098214,0.25137518324365354,[ 0.22103498  1.20904098]
MUE,0.8866633456374668,0.19222721168873902,[ 0.54092982  1.29492325]
R,0.7179947091724577,0.16957080313256848,[ 0.29086454  0.92709371]
R**2,0.5442706596746664,0.2030714408897511,[ 0.08798845  0.85950274]
RMSE,1.0674413569325638,0.22940676084703826,[ 0.66065965  1.57946326]
Tau,0.43498872727272725,0.17663368417525102,[ 0.01818182  0.74545455]
intercept,-0.8451666783840066,0.5786791215636308,[-2.07415171  0.16537754]
slope,0.5443711672785734,0.1611905800432831,[ 0.20427623  0.84197498]
