,mean,sem
MSE,-0.2737575437304337,0.2819190520167428
R,0.9112788052970371,0.2349972074993123
R**2,0.88565274851607,0.14775496512574507
RMSE,1.0359758095165275,0.18685969702389915
intercept,-0.11922992377424722,0.45912476293675214
slope,1.3600567916539934,0.5950935629193491
