,mean,sem,ci
MSE,-1.3557461492833542,0.1305640961773783,[-1.61350258 -1.10482501]
MUE,1.356093260191504,0.13037735709425838,[ 1.10554427  1.61364165]
R,0.8972023133894276,0.04778574756577451,[ 0.77981603  0.96401763]
R**2,0.8072554688217606,0.08294769037615643,[ 0.60811304  0.92933   ]
RMSE,1.4640366776894607,0.12945360235850625,[ 1.20762627  1.71322228]
Tau,0.723122411863362,0.08365485140679603,[ 0.54385965  0.86803892]
intercept,-0.866844700619144,0.4416195751653213,[-1.74429758  0.01517316]
slope,1.174928833632615,0.15101840602494557,[ 0.85400812  1.45576732]
