,mean,sem
MSE,2.0191070236139024,0.18030986661241472
R,0.957991677130779,0.026174450191820287
R**2,0.9184331552946867,0.04870634296853783
RMSE,2.113459617622896,0.17847544809335583
intercept,2.2824140876253143,0.48931090630910806
slope,1.0854684742407377,0.1213860092857158
