,mean,sem,ci
MSE,0.6939561847768757,0.09621612115281036,[0.50665952 0.88363643]
MUE,0.6969098847180895,0.0945382267667617,[0.51385607 0.88453475]
R,0.9503285759840004,0.03079940245504748,[0.87253681 0.98783221]
R**2,0.9040730055233663,0.05655705854106661,[0.76132048 0.97581247]
RMSE,0.7707151280251109,0.0932455692143044,[0.58716056 0.95222671]
Tau,0.7419418063476548,0.10547401523740528,[0.50017322 0.90916758]
intercept,0.9579651471071184,0.31414015427840836,[0.32113931 1.56617958]
slope,1.0845929688897848,0.09856012216772597,[0.87815775 1.26405695]
