,mean,sem,ci
MSE,-0.932422578063809,0.3256875329723284,[-1.58621419 -0.31253215]
MUE,1.1873636174311857,0.25414829393113597,[ 0.72973948  1.72246193]
R,0.7816690976166686,0.20001777502990414,[ 0.11478357  0.95628317]
R**2,0.6510136884967707,0.18856636330430707,[ 0.13219375  0.9144775 ]
RMSE,1.4680591061904629,0.3120167387916466,[ 0.89832399  2.09896551]
Tau,0.2586658974358973,0.2282671642546455,[-0.25641026  0.64102564]
intercept,-0.8818598216835513,0.535507188934698,[-1.65565298 -0.08597316]
slope,0.9848915970165805,0.5673313409108774,[ 0.58754626  1.34518205]
