,mean,sem
MSE,-0.9562805942704038,0.6979823739966649
R,0.540692359615119,0.31876181266221953
R**2,0.39395732095786923,0.29149242985972795
RMSE,2.469894066164685,0.44289979480073755
intercept,-0.8849995972685404,1.166557488809898
slope,1.1708323393014173,0.7809219598924216
