,mean,sem,ci
MSE,0.7044814977017704,0.2509834515599688,[0.22130762 1.20678565]
MUE,0.886828750465454,0.19137773464619276,[0.54313577 1.29239103]
R,0.7177684434020871,0.1689067903727974,[0.29717001 0.92730055]
R**2,0.5437210421778954,0.20303958709004907,[0.09153875 0.85988631]
RMSE,1.0673097615503275,0.22846127726375945,[0.66342861 1.57706304]
Tau,0.43492290909090914,0.1768410043905294,[0.01818182 0.74545455]
intercept,-0.8430198752396549,0.5788666061623291,[-2.05845425  0.17317016]
slope,0.5449231882045539,0.16169310633608286,[0.20911439 0.84390251]
