,mean,sem
MSE,2.6571504559286665,0.7530957063343897
R,0.012766322032461844,0.30841765603981425
R**2,0.09528442953532971,0.1458715192998899
RMSE,3.6235143191059764,0.45897099730624685
intercept,0.8926067392616348,2.1948711694688092
slope,0.11395940948849204,0.8146250601719691
