,mean,sem,ci
MSE,-0.9551851331729427,0.6970182130283206,[-2.21894995  0.50856528]
MUE,2.0197967347763344,0.4477024266607903,[ 1.16376759  2.9210128 ]
R,0.5414591256596253,0.31844122459229013,[-0.18548583  0.96568208]
R**2,0.3945827982799232,0.2901895679450985,[ 0.00194336  0.93254189]
RMSE,2.466658467972455,0.4421545485047429,[ 1.6140448   3.36096686]
Tau,0.2974861818181818,0.23306216258165904,[-0.2         0.70909091]
intercept,-0.8813736405832492,1.175136249003452,[-3.66588156  0.37096965]
slope,1.1724224359829571,0.7827577270461359,[-0.46538633  2.25687956]
