,mean,sem,ci
MSE,0.07975481244468478,0.22796143460919163,[-0.35296515  0.54243992]
MUE,1.1271171907576898,0.14930598644504914,[ 0.85710483  1.44216503]
R,0.7670817486290424,0.09605008717165583,[ 0.53795349  0.89653157]
R**2,0.597640028325472,0.13844185717680257,[ 0.28939396  0.80376885]
RMSE,1.4731308885774597,0.23799847038882027,[ 1.0867533   1.99600397]
Tau,0.3959461572535991,0.1144678829479054,[ 0.1517165   0.59911406]
intercept,0.1508160500085671,0.213208973760848,[-0.26516544  0.57278895]
slope,1.1413999382371622,0.1834724957328389,[ 0.74601016  1.47008148]
