,mean,sem
MSE,-0.5666807809078122,0.37785364756479145
R,0.511203277441348,0.16956228737061482
R**2,0.29008016016513083,0.15699385786276238
RMSE,1.7255146980059048,0.2841643718646972
intercept,-0.6775147334938152,0.3803556865934649
slope,0.6234837806958837,0.24558233298064006
