,mean,sem
MSE,-1.7257313431135628,0.7552387781459879
R,0.5243981309318788,0.3035958913551664
R**2,0.367163864972586,0.2800349409337757
RMSE,3.001178230159891,0.4616770590054927
intercept,-1.5907302395405272,1.2325770366300375
slope,1.2252612011591184,0.8334772955091931
