,mean,sem,ci
MSE,-0.009760469706643932,0.13984472758648994,[-0.28568619  0.2631271 ]
MUE,0.7052651076316473,0.08858444998951583,[0.53898473 0.88613247]
R,0.5720110117139537,0.10434326753736685,[0.3430654  0.74988472]
R**2,0.33808411500239544,0.1148576288711641,[0.11769387 0.56232709]
RMSE,0.9077374425460636,0.10700372424218409,[0.70673744 1.12764633]
Tau,0.4051391517205532,0.08620494790284518,[0.22825488 0.5643019 ]
intercept,-1.5476088413629625,0.37786151629766634,[-2.28879316 -0.80528526]
slope,0.4868999769442557,0.11645947470450252,[0.25797091 0.71605732]
