,mean,sem,ci
MSE,-0.2766057591295653,0.28139405252775407,[-0.83404808  0.26755877]
MUE,0.8385952957500845,0.17712823036196795,[0.50894773 1.20191221]
R,0.9117600975787444,0.2342025704704013,[-0.13775709  0.98932973]
R**2,0.8861573195517447,0.1473809785584106,[0.26953225 0.97877331]
RMSE,1.036569527480679,0.18684223095101965,[0.66462371 1.39499625]
Tau,0.23245153846153843,0.2225195591250983,[-0.25641026  0.61538462]
intercept,-0.12276205437088171,0.4531306259357275,[-0.59754087  1.20537757]
slope,1.3617956375241012,0.5829256879893621,[-0.61616503  1.6584791 ]
