,mean,sem,ci
MSE,-0.1018212139201015,0.21399463564777563,[-0.5363776   0.30351431]
MUE,0.5856354277152954,0.14319937860050302,[ 0.32962032  0.88654248]
R,0.6751349706120204,0.17156348744067182,[ 0.26247059  0.91916812]
R**2,0.48524125876609914,0.20445059377499245,[ 0.06990812  0.84487004]
RMSE,0.7605317077165002,0.17558501426460632,[ 0.43189132  1.11514457]
Tau,0.4368571474916522,0.18102642660933446,[ 0.04031297  0.7477565 ]
intercept,-1.0537861800537915,0.8493627591861892,[-2.75611517  0.5398438 ]
slope,0.6899995593114046,0.24870475014316598,[ 0.19189856  1.16000203]
