,mean,sem
MSE,-1.3259720328420654,0.16781133806056156
R,0.9123970691417249,0.21329666863735136
R**2,0.8779638806302016,0.1554122795125164
RMSE,1.4487827694706599,0.16409355455304558
intercept,-1.2662845631757547,0.2926788859208181
slope,1.0402946200833263,0.3782792044761296
