,mean,sem,ci
MSE,-0.7748039930999258,0.2653562364444211,[-1.28607209 -0.24876283]
MUE,1.4872651704274595,0.18180889293631283,[1.14518551 1.85562107]
R,0.624081769556634,0.10843332305647979,[0.37903033 0.7967362 ]
R**2,0.4012358406420105,0.12844427522027319,[0.14366399 0.63478857]
RMSE,1.8958092577935304,0.2112829383224076,[1.48961788 2.31648952]
Tau,0.32741477297895905,0.09422197687519293,[0.12513843 0.49501661]
intercept,-0.8329010240769169,0.25396718318255995,[-1.33771514 -0.34375526]
slope,0.8995595769712376,0.19728082885718803,[0.50527087 1.28784969]
