,mean,sem,ci
MSE,1.8408399812470477,0.2683492939280865,[ 1.31268344  2.36634725]
MUE,2.1246788878978107,0.21477289686606013,[ 1.71306961  2.55439392]
R,0.6202383539870001,0.09664930342732471,[ 0.41267272  0.79019817]
R**2,0.39403670360949034,0.11675186375180988,[ 0.17029878  0.62441315]
RMSE,2.540037667794897,0.2338999340235639,[ 2.07700603  2.99437035]
Tau,0.4953819269102989,0.08412130923373948,[ 0.31561462  0.64341085]
intercept,1.3567128843761722,0.5980602679054219,[ 0.30588139  2.65589053]
slope,0.7955519335093482,0.18035458540414737,[ 0.47014597  1.17788927]
