,mean,sem,ci
MSE,-1.728240714664783,0.7514088005364394,[-3.13536246 -0.19297522]
MUE,2.571112936993329,0.4875710593660685,[ 1.63059853  3.54160328]
R,0.5252066220827768,0.3029230096651828,[-0.15163171  0.96341221]
R**2,0.36760434566421313,0.2793438895382446,[ 0.00216513  0.92816308]
RMSE,3.001064951710258,0.46230115365240676,[ 2.0752315   3.88506671]
Tau,0.2932581818181818,0.2353425970160267,[-0.2         0.70909091]
intercept,-1.588162669524826,1.2322662405735378,[-4.23653346 -0.29958523]
slope,1.228695112967325,0.833338087988321,[-0.39973568  2.47914793]
