,mean,sem
MSE,-1.5601450023197339,0.0956653324889324
R,0.9027650601802076,0.04684267549522159
R**2,0.8171789901297244,0.08105965197189666
RMSE,1.6791896595661557,0.08511245598639709
intercept,-1.0033858815732442,0.27774202545767307
slope,1.1858149894919756,0.09499642745197723
