,mean,sem
MSE,1.2435062273048663,0.3531567036993263
R,0.6741915402914478,0.13823263611961412
R**2,0.47364249468913244,0.17364528732768494
RMSE,1.9540466611190608,0.30923400213633556
intercept,0.815811790984035,0.921157202121508
slope,0.7921102361104924,0.2937049269831183
