,mean,sem,ci
MSE,0.6939426403109348,0.09617901947128817,[ 0.50663869  0.88417656]
MUE,0.696881324110533,0.09456931378981741,[ 0.51418799  0.88484317]
R,0.9502657105763173,0.03121693914850296,[ 0.8713232   0.98767508]
R**2,0.9039794179869146,0.057177579256085694,[ 0.75920412  0.97550206]
RMSE,0.7706108307270924,0.09344480254202943,[ 0.58691092  0.95328213]
Tau,0.7416649129031064,0.10593348147826404,[ 0.50017322  0.90916758]
intercept,0.9569849686354296,0.3139332519233159,[ 0.32104695  1.56433846]
slope,1.0843560203928289,0.09864234769505117,[ 0.87682537  1.26377285]
