,mean,sem,ci
MSE,0.9332851405462278,0.2460684021768209,[0.44159887 1.41002558]
MUE,1.0769132383292492,0.18488583946228332,[0.73216423 1.45892223]
R,0.7332063087707196,0.16153240451376977,[0.34401075 0.94396759]
R**2,0.5636842089291841,0.201672865476817,[0.12208889 0.8910748 ]
RMSE,1.2231567626923028,0.2023816608691457,[0.8579135  1.66485112]
Tau,0.4659454545454545,0.17861845480435165,[0.05454545 0.78181818]
intercept,-0.47532113612860866,0.6295508721926589,[-1.7834185   0.63679116]
slope,0.5852725878160656,0.16592484055616047,[0.24749971 0.8886133 ]
