,mean,sem
MSE,-0.10221100709779017,0.21421609659165844
R,0.6758603953113818,0.17152625907295876
R**2,0.4862085315020209,0.20448030782999385
RMSE,0.7596691753382707,0.17612304380346477
intercept,-1.0558026538127958,0.8511022305167955
slope,0.6895161146775083,0.24884871027741776
