,mean,sem
MSE,-1.727425209552888,0.39795452992183866
R,0.8276016616220225,0.05613772676207103
R**2,0.6880759546855456,0.09072177216838477
RMSE,2.426270520271273,0.3341176702334178
intercept,-0.6632377859062609,0.9016740503848113
slope,1.4032337472644192,0.29493358974732353
