,mean,sem,ci
MSE,0.45997364338564134,0.11538342414194948,[ 0.23284469  0.68567714]
MUE,0.7346028020264848,0.0751793591308758,[ 0.59266725  0.88839522]
R,0.7289716701250201,0.06860317733091031,[ 0.57523219  0.84291396]
R**2,0.5361060917847572,0.09724150735746354,[ 0.33089207  0.71050394]
RMSE,0.8811310718611061,0.09189705005851238,[ 0.71394917  1.07846333]
Tau,0.5248406816675215,0.06861288593708036,[ 0.38158677  0.65077645]
intercept,-0.4746360088108957,0.3511010184358359,[-1.16022853  0.22098263]
slope,0.6878318854982105,0.11041875165791563,[ 0.4718586   0.90651345]
