,mean,sem,ci
MSE,-1.513920703029383,0.3285697070570261,[-2.15791807 -0.87422144]
MUE,1.5525178188492437,0.31441936000629594,[ 0.94310846  2.17227498]
R,0.9794290239511895,0.009977185083692316,[ 0.95584592  0.99337956]
R**2,0.9593807571801738,0.01938237295395975,[ 0.91364142  0.98680294]
RMSE,1.8992592297893434,0.28678742169257765,[ 1.30217654  2.42790312]
Tau,0.8106566666666666,0.08397353426058127,[ 0.61538462  0.94871795]
intercept,0.09293698874198528,0.4115618114675566,[-0.4442681   1.19226515]
slope,1.5445571292707108,0.11242499566706964,[ 1.37923493  1.82845836]
