,mean,sem,ci
MSE,2.6614587187530105,0.7523311878605194,[ 1.12595115  4.0649466 ]
MUE,3.221391091586639,0.5187365349400593,[ 2.19671724  4.22334469]
R,0.01369640004103222,0.3093834986139265,[-0.51034027  0.74669459]
R**2,0.09590574058867743,0.14683264786216566,[  7.87685169e-05   5.66715299e-01]
RMSE,3.6260863100097165,0.4593400358033262,[ 2.66496506  4.4637861 ]
Tau,0.13767127272727273,0.2373810463400999,[-0.30909091  0.63636364]
intercept,0.9056858384513266,2.2029414114541734,[-2.46770055  6.64439283]
slope,0.11714401030214394,0.8194397477258398,[-1.08624325  2.28603901]
