,mean,sem,ci
MSE,0.7651895736834755,0.2593739419939293,[ 0.26219983  1.27925656]
MUE,1.4007566507528675,0.1877401382155109,[ 1.04841795  1.7841888 ]
R,0.6543081623720359,0.09072930154233308,[ 0.45654009  0.81042207]
R**2,0.4363509775050301,0.11527753225789329,[ 0.20842886  0.65678392]
RMSE,1.8531570453966695,0.22769068283249558,[ 1.40325323  2.29770677]
Tau,0.5337503211517164,0.08861206956518479,[ 0.34219269  0.68992248]
intercept,0.4052225500484856,0.5193185971437114,[-0.49916825  1.54553754]
slope,0.8455050306814688,0.1648864145597753,[ 0.54043705  1.19067488]
