,mean,sem,ci
MSE,0.7650629377347232,0.2608239154553767,[0.25825008 1.28255393]
MUE,1.4014809318264856,0.18838697018066977,[1.04837971 1.7869411 ]
R,0.6544684554954244,0.09058626499082029,[0.45652439 0.810626  ]
R**2,0.4365348306435534,0.11523362410399188,[0.20841452 0.65711451]
RMSE,1.853959843274098,0.2287311962881964,[1.40509791 2.30172317]
Tau,0.5340224584717609,0.08832169821535432,[0.34440753 0.68992248]
intercept,0.4068686805875958,0.5192157589319673,[-0.49730884  1.53885404]
slope,0.8462871647449491,0.16436819793242877,[0.54280032 1.19041594]
