,mean,sem
MSE,0.7061255711983702,0.25287859574464355
R,0.7179210615924658,0.16792882390742211
R**2,0.5436107405769833,0.20316243978885976
RMSE,1.0686309985881608,0.23031528239489737
intercept,-0.8409601246670986,0.577087376883397
slope,0.5453268743043392,0.16116760313464348
