,mean,sem,ci
MSE,-1.7275398072014556,0.39922585520086135,[-2.51295567 -0.95545851]
MUE,1.9926843061016313,0.3269918354877487,[ 1.37540473  2.6497632 ]
R,0.8276129653747029,0.05642808925900476,[ 0.70175767  0.92245087]
R**2,0.6881273497137314,0.09107443436712229,[ 0.49246382  0.85091561]
RMSE,2.4267971933709065,0.3345157956044277,[ 1.75665181  3.0626161 ]
Tau,0.6340667836257308,0.12376966865385088,[ 0.34502924  0.8245614 ]
intercept,-0.6633277751136146,0.8970720609657273,[-1.61710596  2.07131378]
slope,1.403361415293302,0.29332615973839565,[ 0.99069798  2.27538861]
