,mean,sem
MSE,0.37179067874438865,0.3254481005199477
R,0.6930565054447253,0.13812176683998018
R**2,0.49940494221425247,0.15889266225900292
RMSE,1.4577294911899907,0.16647115787554834
intercept,0.3682951928009776,0.3618177326596466
slope,0.9351182487438676,0.20871751294879032
