,mean,sem,ci
MSE,-0.9332772349329352,0.3263809563111716,[-1.59289579 -0.31263579]
MUE,1.1887444312531743,0.25466022619225176,[0.73636383 1.7309367 ]
R,0.7808160963018508,0.20155154004817158,[0.09926964 0.95580374]
R**2,0.650296799539851,0.18834779564958945,[0.1228785  0.91356078]
RMSE,1.4697867546225276,0.31224472133176195,[0.90563183 2.10093978]
Tau,0.2586187179487179,0.2277066460360367,[-0.25641026  0.64102564]
intercept,-0.8831888110350105,0.5388135102047956,[-1.66168731 -0.07970266]
slope,0.9855274954757823,0.5691875981898994,[0.56617917 1.3456677 ]
