,mean,sem,ci
MSE,-1.6378983530088869,0.41969802156288194,[-2.53753474 -0.90338625]
MUE,1.6684694502926434,0.4086014575897803,[ 0.96695093  2.55041697]
R,0.6557914257900486,0.33965644554684543,[-0.25515198  0.9841064 ]
R**2,0.5454288951412619,0.32182780723776316,[ 0.00373317  0.9684654 ]
RMSE,2.082075899957772,0.5360746913979741,[ 1.17833079  3.16065668]
Tau,0.4638272727272727,0.2563406757932024,[-0.09090909  0.89090909]
intercept,-1.499359494839655,1.5869790810623507,[-5.47662757  0.81968385]
slope,1.0785082738879455,0.5640718891253156,[-0.35092155  1.89786639]
