,mean,sem
MSE,0.9340826872182386,0.2457116952331467
R,0.7340983100087054,0.160887771158931
R**2,0.564785203666126,0.20207422757567653
RMSE,1.223382591858273,0.20279549173900843
intercept,-0.4711686843963047,0.6258182030642323
slope,0.5861512156677369,0.1648053246891047
