,mean,sem
MSE,-1.7907913283377594,0.12979699448598356
R,0.964137956309053,0.021615429328095598
R**2,0.9300292255808352,0.0404905592013818
RMSE,1.8468540326467984,0.125005556822015
intercept,-0.8011494431549026,0.31963023463178303
slope,1.323077937882434,0.09606059483029
