,mean,sem
MSE,1.840981487490291,0.26958783540285153
R,0.6206434635123584,0.09646652238927518
R**2,0.39450409874249664,0.11663922983414485
RMSE,2.5403485706680184,0.23512170664182927
intercept,1.3597004047285692,0.6001440655415305
slope,0.7967153746172908,0.18032161047208617
