,mean,sem,ci
MSE,-1.7903737485220328,0.13011349562041838,[-2.04343847 -1.53405203]
MUE,1.7903737485220328,0.13011349562041838,[1.53405719 2.04346157]
R,0.9641823388343808,0.021449253959205074,[0.9110303  0.99027732]
R**2,0.9301076530155433,0.04034488153747234,[0.8299762  0.98064918]
RMSE,1.8465151032597813,0.1252680115019406,[1.59479388 2.0861248 ]
Tau,0.7559215918339031,0.10016666552467883,[0.52406859 0.9161481 ]
intercept,-0.7990341933299959,0.3187148802907982,[-1.46136967 -0.20321069]
slope,1.3235029161373772,0.09574069237656911,[1.12868037 1.50886517]
