,mean,sem,ci
MSE,0.3732161543696787,0.32676232414497103,[-0.26955538  1.00831248]
MUE,1.2519487775423292,0.1758015446024638,[0.91160347 1.59863054]
R,0.6932118263841125,0.1394926128262079,[0.35395708 0.87539589]
R**2,0.5000008252718792,0.16010882657664435,[0.12727075 0.76631796]
RMSE,1.4570748449343922,0.16727753397275916,[1.1222614  1.77707319]
Tau,0.37316280701754384,0.17613864798210718,[-0.00584795  0.67251462]
intercept,0.3701286811661464,0.3636300846081509,[-0.33540415  1.08210703]
slope,0.935261469656105,0.21023711363478467,[0.57908327 1.30481082]
