,mean,sem,ci
MSE,1.2422266147939411,0.3546312740560592,[0.54253739 1.93398117]
MUE,1.5593300433484063,0.2793368821608655,[1.03899416 2.13106764]
R,0.6751359265888928,0.1379568006700149,[0.35676554 0.88562832]
R**2,0.4748405982221489,0.17333706004082375,[0.12728165 0.78433753]
RMSE,1.9527592736921076,0.30915262315708136,[1.33593457 2.54898451]
Tau,0.5344278362573099,0.13417055643711037,[0.22807018 0.75438596]
intercept,0.8168976911437079,0.9230257186750034,[-0.54160193  3.08360653]
slope,0.7931001455774302,0.293581660868641,[0.32372503 1.48737184]
