,mean,sem,ci
MSE,-1.7285470696819585,0.39892073489382734,[-2.51602522 -0.95048324]
MUE,1.994123022825369,0.3273976960371125,[1.37493439 2.65523904]
R,0.8276674864157436,0.05681115846318234,[0.70091545 0.92249018]
R**2,0.6882609757956836,0.09148650710548223,[0.49128247 0.85098812]
RMSE,2.4276966320309654,0.3351366168544471,[1.75081134 3.06426064]
Tau,0.6340815204678363,0.12418382596422872,[0.34502924 0.8245614 ]
intercept,-0.663766999496095,0.8967024666425285,[-1.61871763  2.10689105]
slope,1.4035840808120186,0.293149858625732,[0.98851623 2.27610199]
