,mean,sem,ci
MSE,-1.64087641225247,0.22903027207898535,[-2.09498543 -1.19640063]
MUE,1.7777266559698481,0.2037193678176553,[1.38984694 2.1865211 ]
R,0.8668470866553091,0.045577624955986815,[0.75857828 0.93436447]
R**2,0.7535011915394256,0.0769201559897218,[0.57544101 0.87303696]
RMSE,2.2146017195657364,0.22405465208280992,[1.77366397 2.65304032]
Tau,0.67504569213732,0.07044101737862209,[0.51716501 0.79180509]
intercept,-0.687117274507312,0.3989359990971471,[-1.42566568  0.15632644]
slope,1.3776213591720583,0.12221266914516324,[1.15014276 1.63211929]
