,mean,sem,ci
MSE,-1.2160985129247943,0.3932532744824911,[-2.00141459 -0.46066257]
MUE,1.5809488573050912,0.31694410176925597,[1.00016842 2.2363565 ]
R,0.49746730307127845,0.21385357615660655,[-0.00983387  0.82272703]
R**2,0.29320706965998067,0.18564096722827422,[0.00453093 0.67687976]
RMSE,2.063484387005828,0.3624667105151016,[1.34519097 2.76394948]
Tau,0.2709864327485379,0.17261598527188218,[-0.0877193   0.57894737]
intercept,-1.3104275323100034,0.38881329114512353,[-2.08604208 -0.57217939]
slope,0.6304321832429468,0.3129342829424808,[-0.01329025  1.18346054]
