,mean,sem,ci
MSE,-0.563631566447096,0.37956833211462604,[-1.32300292  0.16795317]
MUE,1.3836245642653167,0.24481264523140475,[0.93311291 1.89104242]
R,0.5110352887548407,0.17115293482894997,[0.11773385 0.78402543]
R**2,0.29045039345330625,0.15764225835402262,[0.01744734 0.61471978]
RMSE,1.7243080314389394,0.2839735655532265,[1.17433953 2.28539677]
Tau,0.2737706432748538,0.1693367219406734,[-0.0877193   0.57894737]
intercept,-0.6734911365201365,0.382424546147766,[-1.43128055  0.06860333]
slope,0.6232132065879614,0.2482628876652971,[0.15614304 1.08380136]
