,mean,sem,ci
MSE,1.2449682869164354,0.3532815062072058,[ 0.5417734   1.92693832]
MUE,1.5624222584463927,0.27986922720951884,[ 1.04358207  2.13724605]
R,0.6742723041095179,0.13835467545979707,[ 0.35569991  0.88634586]
R**2,0.4737851563107442,0.17365489963328912,[ 0.12652243  0.78560898]
RMSE,1.9558302811129458,0.30947382200517176,[ 1.34053638  2.55364044]
Tau,0.5340445614035088,0.13386879764756687,[ 0.22807018  0.75438596]
intercept,0.8175029304961158,0.9220158947773045,[-0.5436254   3.06819462]
slope,0.7924279556369118,0.29404714560058387,[ 0.32261791  1.48391499]
