,mean,sem
MSE,0.4598848699265923,0.1152031590197913
R,0.7284346006205654,0.06906917071815837
R**2,0.5353875177249368,0.0978162185249925
RMSE,0.8816083951544664,0.09253191283537032
intercept,-0.47510189766701516,0.3525620303627096
slope,0.6878136842424761,0.11106251521420121
