,mean,sem,ci
MSE,-0.0023940368405353267,0.5785874266730097,[-0.98078655  1.26429829]
MUE,1.2548337017940505,0.4373054176146896,[0.56765224 2.24101768]
R,0.6127858356682724,0.3314295878743958,[-0.11297393  0.98311673]
R**2,0.48535205211425486,0.3436894314813596,[0.00234341 0.9665185 ]
RMSE,1.7943077601130022,0.6829235864675602,[0.67872713 3.18288127]
Tau,0.45749199999999995,0.2312785137615156,[-0.01818182  0.81818182]
intercept,0.07809086600763575,0.8731656744327125,[-1.7660855   1.13230022]
slope,1.1309410760515297,0.6488429186296879,[-0.22709495  1.95190602]
