,mean,sem,ci
MSE,-0.27651607737098854,0.28229912220318853,[-0.83766624  0.26584585]
MUE,0.8380105695265945,0.1768217058713193,[ 0.50907941  1.19912329]
R,0.9125136634252388,0.23273377482707144,[-0.12926934  0.98921568]
R**2,0.8868461958830082,0.1454934334148148,[ 0.29185754  0.97854766]
RMSE,1.03625161782633,0.18684763753718367,[ 0.6649671  1.3961124]
Tau,0.232232564102564,0.22397686584407175,[-0.25641026  0.61538462]
intercept,-0.12299372773893838,0.45469209269011074,[-0.59835068  1.19139407]
slope,1.3619953426570606,0.586033716908128,[-0.56324582  1.65883453]
