,mean,sem,ci
MSE,-1.6395808789299728,0.42071701662697575,[-2.54345448 -0.90608482]
MUE,1.6696730185143678,0.4097995193468231,[0.96951794 2.55894398]
R,0.6537209601730546,0.34093087721479975,[-0.25600055  0.98406369]
R**2,0.5435849568080332,0.32326970172637315,[0.00349182 0.96838134]
RMSE,2.082992283953415,0.537824963240696,[1.17924449 3.16217375]
Tau,0.4630432727272728,0.2571071075876728,[-0.09090909  0.89090909]
intercept,-1.506910051410645,1.5926113116591576,[-5.48515716  0.80994587]
slope,1.075424033768329,0.5657695498934605,[-0.35931361  1.89438204]
