,mean,sem,ci
MSE,0.8310907564856755,0.22732508413121527,[0.38773815 1.2773365 ]
MUE,0.9431190652487098,0.19084224790030496,[0.58260453 1.32533833]
R,0.9430189970957035,0.02855463869604351,[0.8736955  0.98261956]
R**2,0.8901001962744479,0.05283755810249549,[0.76334383 0.9655412 ]
RMSE,1.151897614560232,0.18769255259520043,[0.77344771 1.50974282]
Tau,0.7818610256410257,0.08998065736919082,[0.56410256 0.92307692]
intercept,1.3087696011745846,0.6014274747690516,[0.38661858 2.82171765]
slope,1.1502730587211925,0.1573094986915824,[0.89751282 1.53393601]
