,mean,sem
MSE,0.08057267168210572,0.22725950526683214
R,0.7669632993508188,0.09631022921375582
R**2,0.5975083628022998,0.13864106561646478
RMSE,1.4747002466744732,0.23812507065119504
intercept,0.15203439037380576,0.2126433812494741
slope,1.1421551671779657,0.18454925341213343
