,mean,sem
MSE,0.20297203528497554,0.32504527175578496
R,0.7182520230282828,0.11381001925138162
R**2,0.5288386890662207,0.15241996057981153
RMSE,1.408288399622747,0.2535989226117162
intercept,-0.1414285966621606,0.8317617902887873
slope,0.8268781758716477,0.2689997139935111
