,mean,sem,ci
MSE,2.02113883255939,0.18060627908685503,[1.66895504 2.37778106]
MUE,2.022223402581814,0.17967877726375323,[1.67299463 2.37790499]
R,0.9578764964330341,0.026489432419520505,[0.89219098 0.9896611 ]
R**2,0.9182290724487325,0.04926176515396996,[0.79600475 0.97942909]
RMSE,2.1158623477767873,0.1786936202466848,[1.77270353 2.47116008]
Tau,0.7490774358974357,0.09565901886013342,[0.53846154 0.8974359 ]
intercept,2.2853386912945957,0.4902794648969041,[1.37866157 3.34273255]
slope,1.085830502508677,0.12164375786421858,[0.8599738  1.34643635]
