,mean,sem
MSE,-1.3557788026389832,0.13027649185948348
R,0.8970151096005478,0.04803497611125469
R**2,0.8069434657816916,0.08335285601378817
RMSE,1.4643270845047491,0.12910761840365687
intercept,-0.8671232936837696,0.4432195461135045
slope,1.1748525807340706,0.1516988371787268
