,mean,sem,ci
MSE,-1.6426226652199083,0.22783652971267193,[-2.0450814  -1.14330338]
MUE,1.7160946325539033,0.1718873952277965,[ 1.38192806  2.05815128]
R,0.8438320302838781,0.15040997112582474,[ 0.43553759  0.98842689]
R**2,0.7346756547470835,0.2143426284686528,[ 0.18991769  0.97698773]
RMSE,1.800255064000033,0.17345026030372226,[ 1.47715712  2.15163488]
Tau,0.6576065454545456,0.16330153107985482,[ 0.27272727  0.89090909]
intercept,-1.6242759652232093,0.6543783168177414,[-3.18229779 -0.66500812]
slope,1.0079986140415726,0.19823834629100193,[ 0.49263011  1.27226578]
