,mean,sem,ci
MSE,-0.7758281560391151,0.26718903186322385,[-1.29116026 -0.24625044]
MUE,1.4881463630779912,0.18244230122240168,[ 1.14390502  1.85984238]
R,0.6240111793166246,0.10833639554592459,[ 0.38077688  0.79605377]
R**2,0.40112672651200765,0.1283571144842394,[ 0.14499104  0.63370161]
RMSE,1.8964030892306203,0.2115165053131476,[ 1.49009405  2.32164072]
Tau,0.32753386489479513,0.09433502272975203,[ 0.12735327  0.49501661]
intercept,-0.8337479582406387,0.25569439949223616,[-1.34181995 -0.33850349]
slope,0.8992420441718173,0.19677584281927757,[ 0.50720268  1.28673378]
