,mean,sem,ci
MSE,1.8410763454664039,0.26939958322811175,[1.30980664 2.36896516]
MUE,2.1251827600865245,0.21491475321872675,[1.71419862 2.55489524]
R,0.6206494369315929,0.09644761825270892,[0.41371518 0.78978678]
R**2,0.3945078666301236,0.11672138561288485,[0.17116025 0.62376316]
RMSE,2.5406787951941108,0.23441654488583116,[2.07983501 2.99654807]
Tau,0.4960376079734219,0.08384574878238729,[0.31782946 0.64341085]
intercept,1.3599528509453345,0.5980130807240817,[0.30664089 2.65471172]
slope,0.796815487866775,0.17987405741044665,[0.47145048 1.17991638]
