,mean,sem,ci
MSE,2.663167908224395,0.7546990047991666,[1.13063601 4.06893697]
MUE,3.22281369655526,0.5198682696965827,[2.1968265  4.22799817]
R,0.01500885445478787,0.3091433230737837,[-0.50987576  0.74309417]
R**2,0.09579485991314685,0.146144326322462,[7.95871317e-05 5.61296223e-01]
RMSE,3.6261749854103416,0.4607566650666708,[2.66018893 4.46606305]
Tau,0.13857672727272727,0.23718728119538682,[-0.30909091  0.6       ]
intercept,0.9113494477802668,2.204464049174657,[-2.4677045   6.58813278]
slope,0.11885682994142989,0.8187328056244189,[-1.09578247  2.25413282]
