,mean,sem,ci
MSE,-1.327006514813966,0.1677715124628371,[-1.65813428 -0.99844348]
MUE,1.340928996012833,0.15907224643789844,[1.03587126 1.66172672]
R,0.9123844799039521,0.21433022257584228,[-0.02102693  0.98712317]
R**2,0.8783828834790153,0.1547065699162495,[0.17040214 0.97441216]
RMSE,1.4497650758489806,0.16420951024708008,[1.14113486 1.78471483]
Tau,0.2776084615384616,0.2164012142768604,[-0.20512821  0.64102564]
intercept,-1.266371775365933,0.29371800030044287,[-1.61588832 -0.52148891]
slope,1.0400594479424803,0.3798168978755694,[-0.05637548  1.36530839]
