,mean,sem
MSE,-1.380511840623623,0.26552295435359335
R,0.6458806914292519,0.10872144009737278
R**2,0.4289822190979749,0.13442618173377555
RMSE,2.2105870943148616,0.2391337135396115
intercept,-1.4093190332838177,0.23639350246748975
slope,0.955896560756354,0.2130495933532318
