,mean,sem,ci
MSE,-1.7272850410834764,0.7513251895765521,[-3.13012517 -0.19297486]
MUE,2.56843914066723,0.48657148654755744,[1.62906054 3.5284816 ]
R,0.5273784364892966,0.30280875156490794,[-0.15143252  0.96419261]
R**2,0.36982115529819326,0.2801390340085914,[0.00221787 0.92966891]
RMSE,2.99858620653918,0.4617140800690683,[2.07314411 3.88431089]
Tau,0.2951189090909091,0.23492985359158164,[-0.2         0.70909091]
intercept,-1.582834183465327,1.2234331448146187,[-4.18974647 -0.30432389]
slope,1.2322706736405973,0.8301127026655808,[-0.38683119  2.47691875]
