,mean,sem
MSE,-0.0022494496494554865,0.5789765336479549
R,0.612291049453105,0.3327888144747102
R**2,0.4856487242798678,0.3443165626604775
RMSE,1.7948579969182974,0.6845294278856358
intercept,0.07728054322220303,0.8848344705352628
slope,1.1308031601086417,0.6535465672113401
