,mean,sem,ci
MSE,-1.3272730851478314,0.16894635860277452,[-1.66019215 -0.99630749]
MUE,1.3413103860273219,0.1599742540545433,[ 1.036255  1.66338 ]
R,0.9130649142499291,0.21299076470823575,[-0.01118651  0.98719908]
R**2,0.8790526034852296,0.15285318559994565,[ 0.1873566   0.97456202]
RMSE,1.449919256354804,0.16505354357720067,[ 1.14071976  1.7885121 ]
Tau,0.2779533333333332,0.21674578674883802,[-0.20512821  0.64102564]
intercept,-1.2664907426190142,0.29517949178658826,[-1.61660706 -0.5397495 ]
slope,1.0398773727852926,0.38025048151043456,[-0.02933458  1.3659116 ]
