,mean,sem,ci
MSE,-0.3606864369697398,0.18520079756279473,[-0.73411169 -0.00867912]
MUE,0.6812936504709326,0.12923384308349437,[ 0.44133994  0.94684542]
R,0.5562358449248747,0.17567311133323552,[ 0.14463096  0.82627269]
R**2,0.3402593572247886,0.17602476158854638,[ 0.02300651  0.68272656]
RMSE,0.8722396676194121,0.14708000441348076,[ 0.58423885  1.15950771]
Tau,0.3967329440267031,0.15340901445366276,[ 0.07038153  0.67251462]
intercept,-1.8482471560752007,0.4879504106304537,[-2.82379935 -0.90065443]
slope,0.45148484967014424,0.16171458525315777,[ 0.1073186   0.74714085]
