,mean,sem,ci
MSE,-1.5604128340853325,0.0954513040567006,[-1.74350683 -1.36901562]
MUE,1.5793763071303384,0.0877726976701121,[1.40723363 1.75217575]
R,0.9031976974687659,0.046735181502805485,[0.77785472 0.95917687]
R**2,0.8179502579029804,0.08084002916708204,[0.60505796 0.92002027]
RMSE,1.67907532761463,0.08492067861315457,[1.51264737 1.84545973]
Tau,0.7290740931805099,0.05154752676957233,[0.61598376 0.81772866]
intercept,-1.000961351891865,0.27671986188964,[-1.62229895 -0.51492424]
slope,1.1866427922953235,0.09437676104404502,[0.95894942 1.33966877]
