,mean,sem,ci
MSE,-0.9540157918700445,0.6978356419041023,[-2.21613617  0.50701124]
MUE,2.017668044210432,0.4462691945461355,[1.16796925 2.91324646]
R,0.5432678007706931,0.31813601478916426,[-0.17870337  0.96617834]
R**2,0.396350427260157,0.290548099176547,[0.00209112 0.93350059]
RMSE,2.4649751341161568,0.4417512332792713,[1.61451981 3.35947053]
Tau,0.29888181818181825,0.23307289516975138,[-0.2         0.70909091]
intercept,-0.8771059922489753,1.1661312878808818,[-3.57242681  0.35896366]
slope,1.1752301330101973,0.7797159897850751,[-0.45563291  2.25477059]
