,mean,sem,ci
MSE,0.2043691931278004,0.3253093557505456,[-0.43546169  0.84352063]
MUE,1.1150983030812789,0.2062060628914675,[ 0.74095153  1.54780855]
R,0.717733602465845,0.11433484730450008,[ 0.44562998  0.8895873 ]
R**2,0.5282139814167431,0.15268603245277768,[ 0.19858608  0.79136556]
RMSE,1.4101450783008662,0.2545621359583837,[ 0.93687983  1.93374193]
Tau,0.5923300584795321,0.13164960316936264,[ 0.29824561  0.80116959]
intercept,-0.14202464797767692,0.8304918068701073,[-1.29773494  2.06723767]
slope,0.8260049997577026,0.2693377093599089,[ 0.39953417  1.5229807 ]
