,mean,sem,ci
MSE,-1.3808269739472638,0.2663893447160296,[-1.90085664 -0.85469095]
MUE,1.7622473290478433,0.20653912842174396,[ 1.37371093  2.17855637]
R,0.6457519533304144,0.10829800115084558,[ 0.4053884   0.82457796]
R**2,0.4287240422833141,0.1341090868126045,[ 0.16433976  0.67992881]
RMSE,2.210345182516605,0.23886874890295368,[ 1.74210387  2.67744988]
Tau,0.3167715393133998,0.1002915785662072,[ 0.10299003  0.49723145]
intercept,-1.4098636823274289,0.2377215924603594,[-1.88756766 -0.95405617]
slope,0.9549503270082053,0.2117177975803082,[ 0.53940371  1.37509825]
