,mean,sem,ci
MSE,-0.5643977989382964,0.3792772600026724,[-1.3181731   0.16442271]
MUE,1.3848019807776162,0.24428709578132793,[ 0.93499435  1.89010289]
R,0.5109694214282147,0.17024954045186377,[ 0.11662325  0.78280598]
R**2,0.29007465565875523,0.1566638544589341,[ 0.01696203  0.6127852 ]
RMSE,1.72566245329178,0.2837632960392619,[ 1.17612062  2.28335689]
Tau,0.273679649122807,0.1688099683774742,[-0.0877193   0.57894737]
intercept,-0.6755090585909391,0.3808523121118868,[-1.42432904  0.05950646]
slope,0.6229110274174983,0.24677425160163066,[ 0.15441965  1.0842888 ]
