,mean,sem,ci
MSE,-1.3559609962389636,0.13036261498579654,[-1.61498246 -1.10444913]
MUE,1.3563007781489298,0.13017578828905105,[1.10579854 1.6150429 ]
R,0.8970853169790385,0.0482113309254067,[0.77858167 0.96445953]
R**2,0.807086398368981,0.0835863341695364,[0.60618942 0.93018219]
RMSE,1.464287083287784,0.12925524484798065,[1.20861671 1.71291049]
Tau,0.7230858123542355,0.08425971968857635,[0.53959176 0.86803892]
intercept,-0.8655441986146549,0.4433722219094022,[-1.74291585  0.01609839]
slope,1.175383425769128,0.15195467444201885,[0.85385307 1.45795207]
