,mean,sem
MSE,-0.010842571480503722,0.13905464834730652
R,0.5713474988687091,0.10433221357110209
R**2,0.3373231752521754,0.1146400316788491
RMSE,0.9085862902361208,0.10733419628876321
intercept,-1.549638201395544,0.3768624538968537
slope,0.4863340337746566,0.11632516619571945
