,mean,sem,ci
MSE,0.08095723424924069,0.22823849742259097,[-0.35209276  0.54433411]
MUE,1.127685231872631,0.14975375097954466,[0.85897975 1.44532678]
R,0.7668073766128519,0.0961607784548306,[0.53472414 0.89584045]
R**2,0.5972404481409229,0.13844891137956356,[0.28592991 0.80253011]
RMSE,1.4742381939958504,0.23830490956928047,[1.08765678 1.99718356]
Tau,0.3954413289036544,0.11414341704222344,[0.1517165  0.59689922]
intercept,0.1516442918923282,0.21370052030663467,[-0.26402796  0.5735491 ]
slope,1.1413129383738818,0.18381349429194133,[0.74314888 1.46941647]
