,mean,sem,ci
MSE,0.9337953915093437,0.24596968702063182,[ 0.44176499  1.40733026]
MUE,1.0769197924869591,0.1853724809544948,[ 0.73286035  1.46000503]
R,0.7334727749022304,0.1616643999682915,[ 0.34271967  0.94454573]
R**2,0.5641176897398859,0.20160790335538706,[ 0.12106889  0.89216664]
RMSE,1.2235151876053325,0.2029806742840257,[ 0.85903947  1.66446953]
Tau,0.4655530909090909,0.1782520702172271,[ 0.05454545  0.78181818]
intercept,-0.476575615041822,0.6265180784198365,[-1.78874071  0.63115357]
slope,0.5847937645339764,0.16473965773401775,[ 0.2445097   0.88553124]
