,mean,sem
MSE,0.831298532164156,0.22843362793609853
R,0.9431765328706532,0.028774741462207213
R**2,0.8904099579041233,0.05318109401030369
RMSE,1.1521801571972632,0.18837226854491132
intercept,1.312815436243233,0.6073402551457804
slope,1.1514374703651966,0.15881381382441556
