,mean,sem,ci
MSE,0.8306330524982595,0.22748854833189874,[ 0.38704862  1.27760265]
MUE,0.9429702691803159,0.19110773758872254,[ 0.58118975  1.32647891]
R,0.9428552551745872,0.028743375104133728,[ 0.87283601  0.98251667]
R**2,0.8898022138227134,0.05314337409035711,[ 0.7618427   0.96533901]
RMSE,1.1518356396863922,0.18794236310976395,[ 0.77426097  1.51123351]
Tau,0.7816384615384613,0.09020781322077899,[ 0.56410256  0.92307692]
intercept,1.307375543863854,0.6032465581084161,[ 0.38189336  2.83036646]
slope,1.1497630779963193,0.15796818959946526,[ 0.89704016  1.53596347]
