,mean,sem,ci
MSE,0.4606335375073155,0.11549883250818929,[0.23320693 0.68666618]
MUE,0.7344998119601542,0.0752626551013361,[0.59269169 0.88769297]
R,0.7291023871283491,0.06864760210783676,[0.57398239 0.84370928]
R**2,0.5363027841914128,0.09732090279826462,[0.32945578 0.71184535]
RMSE,0.8811610605670254,0.09224837828556669,[0.71420408 1.07819559]
Tau,0.5247561671032072,0.06860741588057699,[0.3820598  0.65002863]
intercept,-0.4724479583246282,0.3516201094646049,[-1.15867424  0.21739795]
slope,0.6885017849982821,0.11072571869913629,[0.47115778 0.90653087]
