,name,type_smirnoff,epsilon_smirnoff,sigma_smirnoff,type_bgbg_tip3p,epsilon_bgbg_tip3p,sigma_bgbg_tip3p
0,C1,1,0.10939999991572774,3.3996695084507405,c3,0.10939999991572774,3.3996695084507405
36,H1,2,0.015700000021275418,2.2931733000782097,h2,0.015700000021275418,2.2931733000782097
72,O1,3,0.17000000010548533,3.0000123432245225,os,0.17000000010548533,3.0000123432245225
144,H2,5,0.01570000009846142,2.4713530426421655,h1,0.01570000009846142,2.4713530426421655
180,O2,6,0.2104000002486992,3.066473387458142,oh,0.2104000002486992,3.066473387458142
216,HO2,7,0.0,0.0,ho,0.0,0.0
